OFF
12290 24576 0
-0.5773503 -0.5773503 -0.5773503
-0.5773503 0.5773503 -0.5773503
0.5773503 0.5773503 -0.5773503
0.5773503 -0.5773503 -0.5773503
0.5773503 -0.5773503 0.5773503
0.5773503 0.5773503 0.5773503
-0.5773503 0.5773503 0.5773503
-0.5773503 -0.5773503 0.5773503
0 0 -1
1 0 0
0 0 1
-1 0 0
0 1 0
0 -1 0
-0.7071068 0 -0.7071068
-0.2614167 0.2614167 -0.9291516
-0.2614167 -0.2614167 -0.9291516
0 0.7071068 -0.7071068
0.2614167 0.2614167 -0.9291516
0.7071068 0 -0.7071068
0.2614167 -0.2614167 -0.9291516
0 -0.7071068 -0.7071068
0.7071068 0 0.7071068
0.9291516 -0.2614167 0.2614167
0.9291516 0.2614167 0.2614167
0.7071068 -0.7071068 0
0.9291516 -0.2614167 -0.2614167
0.9291516 0.2614167 -0.2614167
0.7071068 0.7071068 0
0.2614167 0.2614167 0.9291516
0.2614167 -0.2614167 0.9291516
0 0.7071068 0.7071068
-0.2614167 0.2614167 0.9291516
-0.7071068 0 0.7071068
-0.2614167 -0.2614167 0.9291516
0 -0.7071068 0.7071068
-0.9291516 -0.2614167 -0.2614167
-0.9291516 0.2614167 -0.2614167
-0.7071068 -0.7071068 0
-0.9291516 -0.2614167 0.2614167
-0.9291516 0.2614167 0.2614167
-0.7071068 0.7071068 0
0.2614167 0.9291516 0.2614167
-0.2614167 0.9291516 0.2614167
0.2614167 0.9291516 -0.2614167
-0.2614167 0.9291516 -0.2614167
0.2614167 -0.9291516 -0.2614167
-0.2614167 -0.9291516 -0.2614167
0.2614167 -0.9291516 0.2614167
-0.2614167 -0.9291516 0.2614167
-0.30389 4.906001e-11 -0.9527071
-0.5021372 -0.1489309 -0.8518674
-0.5021372 0.1489309 -0.8518674
4.906001e-11 0.30389 -0.9527071
-0.1489309 0.5021372 -0.8518674
0.1489309 0.5021372 -0.8518674
0.30389 -4.906001e-11 -0.9527071
0.5021372 0.1489309 -0.8518674
0.5021372 -0.1489309 -0.8518674
-4.906001e-11 -0.30389 -0.9527071
0.1489309 -0.5021372 -0.8518674
-0.1489309 -0.5021372 -0.8518674
0.9527071 -4.906001e-11 0.30389
0.8518674 0.1489309 0.5021372
0.8518674 -0.1489309 0.5021372
0.9527071 -0.30389 -4.906001e-11
0.8518674 -0.5021372 0.1489309
0.8518674 -0.5021372 -0.1489309
0.9527071 4.906001e-11 -0.30389
0.8518674 -0.1489309 -0.5021372
0.8518674 0.1489309 -0.5021372
0.9527071 0.30389 4.906001e-11
0.8518674 0.5021372 -0.1489309
0.8518674 0.5021372 0.1489309
0.30389 4.906001e-11 0.9527071
0.5021372 -0.1489309 0.8518674
0.5021372 0.1489309 0.8518674
-4.906001e-11 0.30389 0.9527071
0.1489309 0.5021372 0.8518674
-0.1489309 0.5021372 0.8518674
-0.30389 -4.906001e-11 0.9527071
-0.5021372 0.1489309 0.8518674
-0.5021372 -0.1489309 0.8518674
4.906001e-11 -0.30389 0.9527071
-0.1489309 -0.5021372 0.8518674
0.1489309 -0.5021372 0.8518674
-0.9527071 -4.906001e-11 -0.30389
-0.8518674 0.1489309 -0.5021372
-0.8518674 -0.1489309 -0.5021372
-0.9527071 -0.30389 4.906001e-11
-0.8518674 -0.5021372 -0.1489309
-0.8518674 -0.5021372 0.1489309
-0.9527071 4.906001e-11 0.30389
-0.8518674 -0.1489309 0.5021372
-0.8518674 0.1489309 0.5021372
-0.9527071 0.30389 -4.906001e-11
-0.8518674 0.5021372 0.1489309
-0.8518674 0.5021372 -0.1489309
4.906001e-11 0.9527071 0.30389
-0.1489309 0.8518674 0.5021372
0.1489309 0.8518674 0.5021372
0.30389 0.9527071 -4.906001e-11
0.5021372 0.8518674 0.1489309
0.5021372 0.8518674 -0.1489309
-4.906001e-11 0.9527071 -0.30389
0.1489309 0.8518674 -0.5021372
-0.1489309 0.8518674 -0.5021372
-0.30389 0.9527071 4.906001e-11
-0.5021372 0.8518674 -0.1489309
-0.5021372 0.8518674 0.1489309
4.906001e-11 -0.9527071 -0.30389
-0.1489309 -0.8518674 -0.5021372
0.1489309 -0.8518674 -0.5021372
0.30389 -0.9527071 4.906001e-11
0.5021372 -0.8518674 -0.1489309
0.5021372 -0.8518674 0.1489309
-4.906001e-11 -0.9527071 0.30389
0.1489309 -0.8518674 0.5021372
-0.1489309 -0.8518674 0.5021372
-0.30389 -0.9527071 -4.906001e-11
-0.5021372 -0.8518674 0.1489309
-0.5021372 -0.8518674 -0.1489309
-0.1023213 0.1023213 -0.9894749
-0.1023213 -0.1023213 -0.989475
-0.4322236 -0.4322236 -0.7914326
-0.6735269 -0.3045044 -0.6735269
-0.6735269 0.3045044 -0.6735269
-0.4322236 0.4322236 -0.7914326
0.1023213 0.1023213 -0.9894749
-0.3045044 0.6735269 -0.6735269
0.3045044 0.6735269 -0.6735269
0.4322236 0.4322236 -0.7914326
0.1023213 -0.1023213 -0.9894749
0.6735269 0.3045044 -0.6735269
0.6735269 -0.3045044 -0.6735269
0.4322236 -0.4322236 -0.7914326
0.3045044 -0.6735269 -0.6735269
-0.3045044 -0.6735269 -0.6735269
0.9894749 -0.1023213 0.1023213
0.989475 0.1023213 0.1023213
0.7914326 0.4322236 0.4322236
0.6735269 0.3045044 0.6735269
0.6735269 -0.3045044 0.6735269
0.7914326 -0.4322236 0.4322236
0.9894749 -0.1023213 -0.1023213
0.6735269 -0.673527 0.3045045
0.6735269 -0.6735269 -0.3045044
0.7914326 -0.4322236 -0.4322236
0.9894749 0.1023213 -0.1023213
0.7914326 0.4322236 -0.4322236
0.6735269 0.673527 -0.3045045
0.6735269 0.6735269 0.3045044
0.1023213 0.1023213 0.9894749
0.1023213 -0.1023213 0.989475
0.4322236 -0.4322236 0.7914326
0.4322236 0.4322236 0.7914326
-0.1023213 0.1023213 0.9894749
0.3045044 0.6735269 0.6735269
-0.3045044 0.6735269 0.6735269
-0.4322236 0.4322236 0.7914326
-0.1023213 -0.1023213 0.9894749
-0.6735269 0.3045044 0.6735269
-0.6735269 -0.3045044 0.6735269
-0.4322236 -0.4322236 0.7914326
-0.3045044 -0.6735269 0.6735269
0.3045044 -0.6735269 0.6735269
-0.9894749 -0.1023213 -0.1023213
-0.989475 0.1023213 -0.1023213
-0.7914326 0.4322236 -0.4322236
-0.7914326 -0.4322236 -0.4322236
-0.9894749 -0.1023213 0.1023213
-0.6735269 -0.673527 -0.3045045
-0.6735269 -0.6735269 0.3045044
-0.7914326 -0.4322236 0.4322236
-0.9894749 0.1023213 0.1023213
-0.7914326 0.4322236 0.4322236
-0.6735269 0.673527 0.3045045
-0.6735269 0.6735269 -0.3045044
0.1023213 0.9894749 0.1023213
-0.1023213 0.989475 0.1023213
-0.4322236 0.7914326 0.4322236
0.4322236 0.7914326 0.4322236
0.1023213 0.9894749 -0.1023213
0.4322236 0.7914326 -0.4322236
-0.1023213 0.9894749 -0.1023213
-0.4322236 0.7914326 -0.4322236
0.1023213 -0.9894749 -0.1023213
-0.1023213 -0.989475 -0.1023213
-0.4322236 -0.7914326 -0.4322236
0.4322236 -0.7914326 -0.4322236
0.1023213 -0.9894749 0.1023213
0.4322236 -0.7914326 0.4322236
-0.1023213 -0.9894749 0.1023213
-0.4322236 -0.7914326 0.4322236
-0.511263 7.162035e-10 -0.8594244
-0.4044072 0.07121746 -0.911802
-0.4044071 -0.07121746 -0.911802
7.162035e-10 0.511263 -0.8594244
0.07121746 0.4044072 -0.911802
-0.07121746 0.4044071 -0.911802
0.511263 -7.162035e-10 -0.8594244
0.4044072 -0.07121746 -0.911802
0.4044071 0.07121746 -0.911802
-7.162035e-10 -0.511263 -0.8594244
-0.07121746 -0.4044072 -0.911802
0.07121746 -0.4044071 -0.911802
0.8594244 -7.162035e-10 0.511263
0.911802 -0.07121746 0.4044072
0.911802 0.07121746 0.4044071
0.8594244 -0.511263 -7.162035e-10
0.9118021 -0.4044072 -0.07121747
0.9118021 -0.4044072 0.07121747
0.8594244 7.162035e-10 -0.511263
0.911802 0.07121746 -0.4044072
0.911802 -0.07121746 -0.4044071
0.8594244 0.511263 7.162035e-10
0.9118021 0.4044072 0.07121747
0.9118021 0.4044072 -0.07121747
0.511263 7.162035e-10 0.8594244
0.4044072 0.07121746 0.911802
0.4044071 -0.07121746 0.911802
-7.162035e-10 0.511263 0.8594244
-0.07121746 0.4044072 0.911802
0.07121746 0.4044071 0.911802
-0.511263 -7.162035e-10 0.8594244
-0.4044072 -0.07121746 0.911802
-0.4044071 0.07121746 0.911802
7.162035e-10 -0.511263 0.8594244
0.07121746 -0.4044072 0.911802
-0.07121746 -0.4044071 0.911802
-0.8594244 -7.162035e-10 -0.511263
-0.911802 -0.07121746 -0.4044072
-0.911802 0.07121746 -0.4044071
-0.8594244 -0.511263 7.162035e-10
-0.9118021 -0.4044072 0.07121747
-0.9118021 -0.4044072 -0.07121747
-0.8594244 7.162035e-10 0.511263
-0.911802 0.07121746 0.4044072
-0.911802 -0.07121746 0.4044071
-0.8594244 0.511263 -7.162035e-10
-0.9118021 0.4044072 -0.07121747
-0.9118021 0.4044072 0.07121747
7.162035e-10 0.8594244 0.511263
0.07121746 0.911802 0.4044072
-0.07121746 0.911802 0.4044071
0.511263 0.8594244 -7.162035e-10
0.4044072 0.9118021 -0.07121747
0.4044072 0.9118021 0.07121747
-7.162035e-10 0.8594244 -0.511263
-0.07121746 0.911802 -0.4044072
0.07121746 0.911802 -0.4044071
-0.511263 0.8594244 7.162035e-10
-0.4044072 0.9118021 0.07121747
-0.4044072 0.9118021 -0.07121747
7.162035e-10 -0.8594244 -0.511263
0.07121746 -0.911802 -0.4044072
-0.07121746 -0.911802 -0.4044071
0.511263 -0.8594244 7.162035e-10
0.4044072 -0.9118021 0.07121747
0.4044072 -0.9118021 -0.07121747
-7.162035e-10 -0.8594244 0.511263
-0.07121746 -0.911802 0.4044072
0.07121746 -0.911802 0.4044071
-0.511263 -0.8594244 -7.162035e-10
-0.4044072 -0.9118021 -0.07121747
-0.4044072 -0.9118021 0.07121747
-0.1180878 1.941948e-10 -0.9930032
-0.2028662 -0.05994923 -0.9773696
-0.2028662 0.05994923 -0.9773696
-0.559426 -0.3739265 -0.7397441
-0.5933821 -0.2282351 -0.771885
-0.4755037 -0.2942394 -0.8290473
-0.5594261 0.3739266 -0.7397441
-0.4755037 0.2942395 -0.8290473
-0.5933821 0.2282351 -0.771885
1.941948e-10 0.1180878 -0.9930032
-0.05994923 0.2028662 -0.9773696
0.05994923 0.2028662 -0.9773696
-0.3739265 0.559426 -0.7397441
-0.2282351 0.5933821 -0.771885
-0.2942394 0.4755037 -0.8290473
0.3739266 0.5594261 -0.7397441
0.2942395 0.4755037 -0.8290473
0.2282351 0.5933821 -0.771885
0.1180878 -1.941948e-10 -0.9930032
0.2028662 0.05994923 -0.9773696
0.2028662 -0.05994923 -0.9773696
0.559426 0.3739265 -0.7397441
0.5933821 0.2282351 -0.771885
0.4755037 0.2942394 -0.8290473
0.5594261 -0.3739266 -0.7397441
0.4755037 -0.2942395 -0.8290473
0.5933821 -0.2282351 -0.771885
-1.941948e-10 -0.1180878 -0.9930032
0.05994923 -0.2028662 -0.9773696
-0.05994923 -0.2028662 -0.9773696
0.3739265 -0.559426 -0.7397441
0.2282351 -0.5933821 -0.771885
0.2942394 -0.4755037 -0.8290473
-0.3739266 -0.5594261 -0.7397441
-0.2942395 -0.4755037 -0.8290473
-0.2282351 -0.5933821 -0.771885
0.9930032 -1.941948e-10 0.1180878
0.9773696 0.05994923 0.2028662
0.9773696 -0.05994923 0.2028662
0.7397441 0.3739265 0.559426
0.771885 0.2282351 0.5933821
0.8290473 0.2942394 0.4755037
0.7397441 -0.3739266 0.5594261
0.8290473 -0.2942395 0.4755037
0.771885 -0.2282351 0.5933821
0.9930032 -0.1180878 -1.941948e-10
0.9773696 -0.2028662 0.05994923
0.9773696 -0.2028662 -0.05994923
0.7397441 -0.559426 0.3739265
0.771885 -0.5933821 0.2282351
0.8290473 -0.4755037 0.2942394
0.7397441 -0.5594261 -0.3739266
0.8290473 -0.4755037 -0.2942395
0.771885 -0.5933821 -0.2282351
0.9930032 1.941948e-10 -0.1180878
0.9773696 -0.05994923 -0.2028662
0.9773696 0.05994923 -0.2028662
0.7397441 -0.3739265 -0.559426
0.771885 -0.2282351 -0.5933821
0.8290473 -0.2942394 -0.4755037
0.7397441 0.3739266 -0.5594261
0.8290473 0.2942395 -0.4755037
0.771885 0.2282351 -0.5933821
0.9930032 0.1180878 1.941948e-10
0.9773696 0.2028662 -0.05994923
0.9773696 0.2028662 0.05994923
0.7397441 0.559426 -0.3739265
0.771885 0.5933821 -0.2282351
0.8290473 0.4755037 -0.2942394
0.7397441 0.5594261 0.3739266
0.8290473 0.4755037 0.2942395
0.771885 0.5933821 0.2282351
0.1180878 1.941948e-10 0.9930032
0.2028662 -0.05994923 0.9773696
0.2028662 0.05994923 0.9773696
0.559426 -0.3739265 0.7397441
0.5933821 -0.2282351 0.771885
0.4755037 -0.2942394 0.8290473
0.5594261 0.3739266 0.7397441
0.4755037 0.2942395 0.8290473
0.5933821 0.2282351 0.771885
-1.941948e-10 0.1180878 0.9930032
0.05994923 0.2028662 0.9773696
-0.05994923 0.2028662 0.9773696
0.3739265 0.559426 0.7397441
0.2282351 0.5933821 0.771885
0.2942394 0.4755037 0.8290473
-0.3739266 0.5594261 0.7397441
-0.2942395 0.4755037 0.8290473
-0.2282351 0.5933821 0.771885
-0.1180878 -1.941948e-10 0.9930032
-0.2028662 0.05994923 0.9773696
-0.2028662 -0.05994923 0.9773696
-0.559426 0.3739265 0.7397441
-0.5933821 0.2282351 0.771885
-0.4755037 0.2942394 0.8290473
-0.5594261 -0.3739266 0.7397441
-0.4755037 -0.2942395 0.8290473
-0.5933821 -0.2282351 0.771885
1.941948e-10 -0.1180878 0.9930032
-0.05994923 -0.2028662 0.9773696
0.05994923 -0.2028662 0.9773696
-0.3739265 -0.559426 0.7397441
-0.2282351 -0.5933821 0.771885
-0.2942394 -0.4755037 0.8290473
0.3739266 -0.5594261 0.7397441
0.2942395 -0.4755037 0.8290473
0.2282351 -0.5933821 0.771885
-0.9930032 -1.941948e-10 -0.1180878
-0.9773696 0.05994923 -0.2028662
-0.9773696 -0.05994923 -0.2028662
-0.7397441 0.3739265 -0.559426
-0.771885 0.2282351 -0.5933821
-0.8290473 0.2942394 -0.4755037
-0.7397441 -0.3739266 -0.5594261
-0.8290473 -0.2942395 -0.4755037
-0.771885 -0.2282351 -0.5933821
-0.9930032 -0.1180878 1.941948e-10
-0.9773696 -0.2028662 -0.05994923
-0.9773696 -0.2028662 0.05994923
-0.7397441 -0.559426 -0.3739265
-0.771885 -0.5933821 -0.2282351
-0.8290473 -0.4755037 -0.2942394
-0.7397441 -0.5594261 0.3739266
-0.8290473 -0.4755037 0.2942395
-0.771885 -0.5933821 0.2282351
-0.9930032 1.941948e-10 0.1180878
-0.9773696 -0.05994923 0.2028662
-0.9773696 0.05994923 0.2028662
-0.7397441 -0.3739265 0.559426
-0.771885 -0.2282351 0.5933821
-0.8290473 -0.2942394 0.4755037
-0.7397441 0.3739266 0.5594261
-0.8290473 0.2942395 0.4755037
-0.771885 0.2282351 0.5933821
-0.9930032 0.1180878 -1.941948e-10
-0.9773696 0.2028662 0.05994923
-0.9773696 0.2028662 -0.05994923
-0.7397441 0.559426 0.3739265
-0.771885 0.5933821 0.2282351
-0.8290473 0.4755037 0.2942394
-0.7397441 0.5594261 -0.3739266
-0.8290473 0.4755037 -0.2942395
-0.771885 0.5933821 -0.2282351
1.941948e-10 0.9930032 0.1180878
-0.05994923 0.9773696 0.2028662
0.05994923 0.9773696 0.2028662
-0.3739265 0.7397441 0.559426
-0.2282351 0.771885 0.5933821
-0.2942394 0.8290473 0.4755037
0.3739266 0.7397441 0.5594261
0.2942395 0.8290473 0.4755037
0.2282351 0.771885 0.5933821
0.1180878 0.9930032 -1.941948e-10
0.2028662 0.9773696 0.05994923
0.2028662 0.9773696 -0.05994923
0.559426 0.7397441 0.3739265
0.5933821 0.771885 0.2282351
0.4755037 0.8290473 0.2942394
0.5594261 0.7397441 -0.3739266
0.4755037 0.8290473 -0.2942395
0.5933821 0.771885 -0.2282351
-1.941948e-10 0.9930032 -0.1180878
0.05994923 0.9773696 -0.2028662
-0.05994923 0.9773696 -0.2028662
0.3739265 0.7397441 -0.559426
0.2282351 0.771885 -0.5933821
0.2942394 0.8290473 -0.4755037
-0.3739266 0.7397441 -0.5594261
-0.2942395 0.8290473 -0.4755037
-0.2282351 0.771885 -0.5933821
-0.1180878 0.9930032 1.941948e-10
-0.2028662 0.9773696 -0.05994923
-0.2028662 0.9773696 0.05994923
-0.559426 0.7397441 -0.3739265
-0.5933821 0.771885 -0.2282351
-0.4755037 0.8290473 -0.2942394
-0.5594261 0.7397441 0.3739266
-0.4755037 0.8290473 0.2942395
-0.5933821 0.771885 0.2282351
1.941948e-10 -0.9930032 -0.1180878
-0.05994923 -0.9773696 -0.2028662
0.05994923 -0.9773696 -0.2028662
-0.3739265 -0.7397441 -0.559426
-0.2282351 -0.771885 -0.5933821
-0.2942394 -0.8290473 -0.4755037
0.3739266 -0.7397441 -0.5594261
0.2942395 -0.8290473 -0.4755037
0.2282351 -0.771885 -0.5933821
0.1180878 -0.9930032 1.941948e-10
0.2028662 -0.9773696 -0.05994923
0.2028662 -0.9773696 0.05994923
0.559426 -0.7397441 -0.3739265
0.5933821 -0.771885 -0.2282351
0.4755037 -0.8290473 -0.2942394
0.5594261 -0.7397441 0.3739266
0.4755037 -0.8290473 0.2942395
0.5933821 -0.771885 0.2282351
-1.941948e-10 -0.9930032 0.1180878
0.05994923 -0.9773696 0.2028662
-0.05994923 -0.9773696 0.2028662
0.3739265 -0.7397441 0.559426
0.2282351 -0.771885 0.5933821
0.2942394 -0.8290473 0.4755037
-0.3739266 -0.7397441 0.5594261
-0.2942395 -0.8290473 0.4755037
-0.2282351 -0.771885 0.5933821
-0.1180878 -0.9930032 -1.941948e-10
-0.2028662 -0.9773696 0.05994923
-0.2028662 -0.9773696 -0.05994923
-0.559426 -0.7397441 0.3739265
-0.5933821 -0.771885 0.2282351
-0.4755037 -0.8290473 0.2942394
-0.5594261 -0.7397441 -0.3739266
-0.4755037 -0.8290473 -0.2942395
-0.5933821 -0.771885 -0.2282351
-0.6106471 -0.07672201 -0.7881776
-0.6106471 0.07672201 -0.7881776
-0.384989 0.2119764 -0.898248
-0.2930301 0.1322696 -0.9469098
-0.2930301 -0.1322696 -0.9469098
-0.384989 -0.2119764 -0.898248
-0.07672201 0.6106471 -0.7881776
0.07672201 0.6106471 -0.7881776
0.2119764 0.384989 -0.898248
0.1322696 0.2930301 -0.9469098
-0.1322696 0.2930301 -0.9469098
-0.2119764 0.384989 -0.898248
0.6106471 0.07672201 -0.7881776
0.6106471 -0.07672201 -0.7881776
0.384989 -0.2119764 -0.898248
0.2930301 -0.1322696 -0.9469098
0.2930301 0.1322696 -0.9469098
0.384989 0.2119764 -0.898248
0.07672201 -0.6106471 -0.7881776
-0.07672201 -0.6106471 -0.7881776
-0.2119764 -0.384989 -0.898248
-0.1322696 -0.2930301 -0.9469098
0.1322696 -0.2930301 -0.9469098
0.2119764 -0.384989 -0.898248
0.7881776 0.07672201 0.6106471
0.7881776 -0.07672201 0.6106471
0.898248 -0.2119764 0.384989
0.9469098 -0.1322696 0.2930301
0.9469098 0.1322696 0.2930301
0.898248 0.2119764 0.384989
0.7881776 -0.6106471 0.07672201
0.7881776 -0.6106471 -0.07672201
0.898248 -0.384989 -0.2119764
0.9469098 -0.2930301 -0.1322696
0.9469098 -0.2930301 0.1322696
0.898248 -0.384989 0.2119764
0.7881776 -0.07672201 -0.6106471
0.7881776 0.07672201 -0.6106471
0.898248 0.2119764 -0.384989
0.9469098 0.1322696 -0.2930301
0.9469098 -0.1322696 -0.2930301
0.898248 -0.2119764 -0.384989
0.7881776 0.6106471 -0.07672201
0.7881776 0.6106471 0.07672201
0.898248 0.384989 0.2119764
0.9469098 0.2930301 0.1322696
0.9469098 0.2930301 -0.1322696
0.898248 0.384989 -0.2119764
0.6106471 -0.07672201 0.7881776
0.6106471 0.07672201 0.7881776
0.384989 0.2119764 0.898248
0.2930301 0.1322696 0.9469098
0.2930301 -0.1322696 0.9469098
0.384989 -0.2119764 0.898248
0.07672201 0.6106471 0.7881776
-0.07672201 0.6106471 0.7881776
-0.2119764 0.384989 0.898248
-0.1322696 0.2930301 0.9469098
0.1322696 0.2930301 0.9469098
0.2119764 0.384989 0.898248
-0.6106471 0.07672201 0.7881776
-0.6106471 -0.07672201 0.7881776
-0.384989 -0.2119764 0.898248
-0.2930301 -0.1322696 0.9469098
-0.2930301 0.1322696 0.9469098
-0.384989 0.2119764 0.898248
-0.07672201 -0.6106471 0.7881776
0.07672201 -0.6106471 0.7881776
0.2119764 -0.384989 0.898248
0.1322696 -0.2930301 0.9469098
-0.1322696 -0.2930301 0.9469098
-0.2119764 -0.384989 0.898248
-0.7881776 0.07672201 -0.6106471
-0.7881776 -0.07672201 -0.6106471
-0.898248 -0.2119764 -0.384989
-0.9469098 -0.1322696 -0.2930301
-0.9469098 0.1322696 -0.2930301
-0.898248 0.2119764 -0.384989
-0.7881776 -0.6106471 -0.07672201
-0.7881776 -0.6106471 0.07672201
-0.898248 -0.384989 0.2119764
-0.9469098 -0.2930301 0.1322696
-0.9469098 -0.2930301 -0.1322696
-0.898248 -0.384989 -0.2119764
-0.7881776 -0.07672201 0.6106471
-0.7881776 0.07672201 0.6106471
-0.898248 0.2119764 0.384989
-0.9469098 0.1322696 0.2930301
-0.9469098 -0.1322696 0.2930301
-0.898248 -0.2119764 0.384989
-0.7881776 0.6106471 0.07672201
-0.7881776 0.6106471 -0.07672201
-0.898248 0.384989 -0.2119764
-0.9469098 0.2930301 -0.1322696
-0.9469098 0.2930301 0.1322696
-0.898248 0.384989 0.2119764
-0.07672201 0.7881776 0.6106471
0.07672201 0.7881776 0.6106471
0.2119764 0.898248 0.384989
0.1322696 0.9469098 0.2930301
-0.1322696 0.9469098 0.2930301
-0.2119764 0.898248 0.384989
0.6106471 0.7881776 0.07672201
0.6106471 0.7881776 -0.07672201
0.384989 0.898248 -0.2119764
0.2930301 0.9469098 -0.1322696
0.2930301 0.9469098 0.1322696
0.384989 0.898248 0.2119764
0.07672201 0.7881776 -0.6106471
-0.07672201 0.7881776 -0.6106471
-0.2119764 0.898248 -0.384989
-0.1322696 0.9469098 -0.2930301
0.1322696 0.9469098 -0.2930301
0.2119764 0.898248 -0.384989
-0.6106471 0.7881776 -0.07672201
-0.6106471 0.7881776 0.07672201
-0.384989 0.898248 0.2119764
-0.2930301 0.9469098 0.1322696
-0.2930301 0.9469098 -0.1322696
-0.384989 0.898248 -0.2119764
-0.07672201 -0.7881776 -0.6106471
0.07672201 -0.7881776 -0.6106471
0.2119764 -0.898248 -0.384989
0.1322696 -0.9469098 -0.2930301
-0.1322696 -0.9469098 -0.2930301
-0.2119764 -0.898248 -0.384989
0.6106471 -0.7881776 -0.07672201
0.6106471 -0.7881776 0.07672201
0.384989 -0.898248 0.2119764
0.2930301 -0.9469098 0.1322696
0.2930301 -0.9469098 -0.1322696
0.384989 -0.898248 -0.2119764
0.07672201 -0.7881776 0.6106471
-0.07672201 -0.7881776 0.6106471
-0.2119764 -0.898248 0.384989
-0.1322696 -0.9469098 0.2930301
0.1322696 -0.9469098 0.2930301
0.2119764 -0.898248 0.384989
-0.6106471 -0.7881776 0.07672201
-0.6106471 -0.7881776 -0.07672201
-0.384989 -0.898248 -0.2119764
-0.2930301 -0.9469098 -0.1322696
-0.2930301 -0.9469098 0.1322696
-0.384989 -0.898248 0.2119764
-0.03898655 0.03898655 -0.9984789
-0.03898655 -0.03898655 -0.9984789
-0.1783249 -0.1783249 -0.9676779
-0.1783249 0.1783249 -0.9676779
-0.5098805 -0.5098805 -0.6928518
-0.6325875 -0.44684 -0.6325875
-0.6986461 -0.1542318 -0.6986461
-0.3477546 -0.3477546 -0.8707086
-0.6325875 0.4468401 -0.6325875
-0.5098805 0.5098805 -0.6928519
-0.3477546 0.3477546 -0.8707086
-0.6986461 0.1542318 -0.6986461
0.03898655 0.03898655 -0.9984789
0.1783249 0.1783249 -0.9676779
-0.44684 0.6325875 -0.6325875
-0.1542318 0.6986461 -0.6986461
0.4468401 0.6325875 -0.6325875
0.5098805 0.5098805 -0.6928519
0.3477546 0.3477546 -0.8707086
0.1542318 0.6986461 -0.6986461
0.03898655 -0.03898655 -0.9984789
0.1783249 -0.1783249 -0.9676779
0.6325875 0.44684 -0.6325875
0.6986461 0.1542318 -0.6986461
0.6325875 -0.4468401 -0.6325875
0.5098805 -0.5098805 -0.6928519
0.3477546 -0.3477546 -0.8707086
0.6986461 -0.1542318 -0.6986461
0.44684 -0.6325875 -0.6325875
0.1542318 -0.6986461 -0.6986461
-0.4468401 -0.6325875 -0.6325875
-0.1542318 -0.6986461 -0.6986461
0.9984789 -0.03898655 0.03898655
0.9984789 0.03898655 0.03898655
0.9676779 0.1783249 0.1783249
0.9676779 -0.1783249 0.1783249
0.6928518 0.5098805 0.5098805
0.6325875 0.44684 0.6325875
0.6986461 0.1542318 0.6986461
0.8707086 0.3477546 0.3477546
0.6325875 -0.4468401 0.6325875
0.6928518 -0.5098805 0.5098804
0.8707086 -0.3477546 0.3477546
0.6986461 -0.1542318 0.6986461
0.9984789 -0.03898655 -0.03898655
0.9676779 -0.1783249 -0.1783249
0.6325875 -0.6325875 0.44684
0.6986461 -0.6986461 0.1542318
0.6325875 -0.6325875 -0.4468401
0.6928519 -0.5098805 -0.5098805
0.8707086 -0.3477546 -0.3477546
0.6986461 -0.6986461 -0.1542318
0.9984789 0.03898655 -0.03898655
0.9676779 0.1783249 -0.1783249
0.6928518 0.5098805 -0.5098804
0.8707086 0.3477546 -0.3477546
0.6325875 0.6325875 -0.44684
0.6986461 0.6986461 -0.1542318
0.6325875 0.6325875 0.4468401
0.6986461 0.6986461 0.1542318
0.03898655 0.03898655 0.9984789
0.03898655 -0.03898655 0.9984789
0.1783249 -0.1783249 0.9676779
0.1783249 0.1783249 0.9676779
0.5098805 -0.5098805 0.6928518
0.3477546 -0.3477546 0.8707086
0.5098805 0.5098805 0.6928519
0.3477546 0.3477546 0.8707086
-0.03898655 0.03898655 0.9984789
-0.1783249 0.1783249 0.9676779
0.44684 0.6325875 0.6325875
0.1542318 0.6986461 0.6986461
-0.4468401 0.6325875 0.6325875
-0.5098805 0.5098805 0.6928519
-0.3477546 0.3477546 0.8707086
-0.1542318 0.6986461 0.6986461
-0.03898655 -0.03898655 0.9984789
-0.1783249 -0.1783249 0.9676779
-0.6325875 0.44684 0.6325875
-0.6986461 0.1542318 0.6986461
-0.6325875 -0.4468401 0.6325875
-0.5098805 -0.5098805 0.6928519
-0.3477546 -0.3477546 0.8707086
-0.6986461 -0.1542318 0.6986461
-0.44684 -0.6325875 0.6325875
-0.1542318 -0.6986461 0.6986461
0.4468401 -0.6325875 0.6325875
0.1542318 -0.6986461 0.6986461
-0.9984789 -0.03898655 -0.03898655
-0.9984789 0.03898655 -0.03898655
-0.9676779 0.1783249 -0.1783249
-0.9676779 -0.1783249 -0.1783249
-0.6928518 0.5098805 -0.5098805
-0.8707086 0.3477546 -0.3477546
-0.6928518 -0.5098805 -0.5098804
-0.8707086 -0.3477546 -0.3477546
-0.9984789 -0.03898655 0.03898655
-0.9676779 -0.1783249 0.1783249
-0.6325875 -0.6325875 -0.44684
-0.6986461 -0.6986461 -0.1542318
-0.6325875 -0.6325875 0.4468401
-0.6928519 -0.5098805 0.5098805
-0.8707086 -0.3477546 0.3477546
-0.6986461 -0.6986461 0.1542318
-0.9984789 0.03898655 0.03898655
-0.9676779 0.1783249 0.1783249
-0.6928518 0.5098805 0.5098804
-0.8707086 0.3477546 0.3477546
-0.6325875 0.6325875 0.44684
-0.6986461 0.6986461 0.1542318
-0.6325875 0.6325875 -0.4468401
-0.6986461 0.6986461 -0.1542318
0.03898655 0.9984789 0.03898655
-0.03898655 0.9984789 0.03898655
-0.1783249 0.9676779 0.1783249
0.1783249 0.9676779 0.1783249
-0.5098805 0.6928518 0.5098805
-0.3477546 0.8707086 0.3477546
0.5098805 0.6928518 0.5098804
0.3477546 0.8707086 0.3477546
0.03898655 0.9984789 -0.03898655
0.1783249 0.9676779 -0.1783249
0.5098805 0.6928519 -0.5098805
0.3477546 0.8707086 -0.3477546
-0.03898655 0.9984789 -0.03898655
-0.1783249 0.9676779 -0.1783249
-0.5098805 0.6928518 -0.5098804
-0.3477546 0.8707086 -0.3477546
0.03898655 -0.9984789 -0.03898655
-0.03898655 -0.9984789 -0.03898655
-0.1783249 -0.9676779 -0.1783249
0.1783249 -0.9676779 -0.1783249
-0.5098805 -0.6928518 -0.5098805
-0.3477546 -0.8707086 -0.3477546
0.5098805 -0.6928518 -0.5098804
0.3477546 -0.8707086 -0.3477546
0.03898655 -0.9984789 0.03898655
0.1783249 -0.9676779 0.1783249
0.5098805 -0.6928519 0.5098805
0.3477546 -0.8707086 0.3477546
-0.03898655 -0.9984789 0.03898655
-0.1783249 -0.9676779 0.1783249
-0.5098805 -0.6928518 0.5098804
-0.3477546 -0.8707086 0.3477546
-0.4068832 3.656768e-10 -0.9134801
-0.4585498 -0.03659482 -0.887915
-0.4585498 0.03659482 -0.887915
3.656768e-10 0.4068832 -0.9134801
-0.03659482 0.4585498 -0.887915
0.03659482 0.4585498 -0.887915
0.4068832 -3.656768e-10 -0.9134801
0.4585498 0.03659482 -0.887915
0.4585498 -0.03659482 -0.887915
-3.656768e-10 -0.4068832 -0.9134801
0.03659482 -0.4585498 -0.887915
-0.03659482 -0.4585498 -0.887915
0.9134801 -3.656768e-10 0.4068832
0.887915 0.03659482 0.4585498
0.887915 -0.03659482 0.4585498
0.9134801 -0.4068832 -3.656768e-10
0.887915 -0.4585498 0.03659482
0.887915 -0.4585498 -0.03659482
0.9134801 3.656768e-10 -0.4068832
0.887915 -0.03659482 -0.4585498
0.887915 0.03659482 -0.4585498
0.9134801 0.4068832 3.656768e-10
0.887915 0.4585498 -0.03659482
0.887915 0.4585498 0.03659482
0.4068832 3.656768e-10 0.9134801
0.4585498 -0.03659482 0.887915
0.4585498 0.03659482 0.887915
-3.656768e-10 0.4068832 0.9134801
0.03659482 0.4585498 0.887915
-0.03659482 0.4585498 0.887915
-0.4068832 -3.656768e-10 0.9134801
-0.4585498 0.03659482 0.887915
-0.4585498 -0.03659482 0.887915
3.656768e-10 -0.4068832 0.9134801
-0.03659482 -0.4585498 0.887915
0.03659482 -0.4585498 0.887915
-0.9134801 -3.656768e-10 -0.4068832
-0.887915 0.03659482 -0.4585498
-0.887915 -0.03659482 -0.4585498
-0.9134801 -0.4068832 3.656768e-10
-0.887915 -0.4585498 -0.03659482
-0.887915 -0.4585498 0.03659482
-0.9134801 3.656768e-10 0.4068832
-0.887915 -0.03659482 0.4585498
-0.887915 0.03659482 0.4585498
-0.9134801 0.4068832 -3.656768e-10
-0.887915 0.4585498 0.03659482
-0.887915 0.4585498 -0.03659482
3.656768e-10 0.9134801 0.4068832
-0.03659482 0.887915 0.4585498
0.03659482 0.887915 0.4585498
0.4068832 0.9134801 -3.656768e-10
0.4585498 0.887915 0.03659482
0.4585498 0.887915 -0.03659482
-3.656768e-10 0.9134801 -0.4068832
0.03659482 0.887915 -0.4585498
-0.03659482 0.887915 -0.4585498
-0.4068832 0.9134801 3.656768e-10
-0.4585498 0.887915 -0.03659482
-0.4585498 0.887915 0.03659482
3.656768e-10 -0.9134801 -0.4068832
-0.03659482 -0.887915 -0.4585498
0.03659482 -0.887915 -0.4585498
0.4068832 -0.9134801 3.656768e-10
0.4585498 -0.887915 -0.03659482
0.4585498 -0.887915 0.03659482
-3.656768e-10 -0.9134801 0.4068832
0.03659482 -0.887915 0.4585498
-0.03659482 -0.887915 0.4585498
-0.4068832 -0.9134801 -3.656768e-10
-0.4585498 -0.887915 0.03659482
-0.4585498 -0.887915 -0.03659482
-0.2060546 -4.193432e-10 -0.9785405
-0.1596908 0.02801446 -0.9867695
-0.1596908 -0.02801446 -0.9867695
-0.5358246 -0.2625234 -0.8024796
-0.5185943 -0.3347009 -0.7867879
-0.5784369 -0.3020538 -0.7577429
-0.5358246 0.2625234 -0.8024796
-0.5784369 0.3020538 -0.7577429
-0.5185943 0.3347009 -0.7867879
-4.193432e-10 0.2060546 -0.9785405
0.02801446 0.1596908 -0.9867695
-0.02801446 0.1596908 -0.9867695
-0.2625234 0.5358246 -0.8024796
-0.3347009 0.5185943 -0.7867879
-0.3020538 0.5784369 -0.7577429
0.2625234 0.5358246 -0.8024796
0.3020538 0.5784369 -0.7577429
0.3347009 0.5185943 -0.7867879
0.2060546 4.193432e-10 -0.9785405
0.1596908 -0.02801446 -0.9867695
0.1596908 0.02801446 -0.9867695
0.5358246 0.2625234 -0.8024796
0.5185943 0.3347009 -0.7867879
0.5784369 0.3020538 -0.7577429
0.5358246 -0.2625234 -0.8024796
0.5784369 -0.3020538 -0.7577429
0.5185943 -0.3347009 -0.7867879
4.193432e-10 -0.2060546 -0.9785405
-0.02801446 -0.1596908 -0.9867695
0.02801446 -0.1596908 -0.9867695
0.2625234 -0.5358246 -0.8024796
0.3347009 -0.5185943 -0.7867879
0.3020538 -0.5784369 -0.7577429
-0.2625234 -0.5358246 -0.8024796
-0.3020538 -0.5784369 -0.7577429
-0.3347009 -0.5185943 -0.7867879
0.9785405 4.193432e-10 0.2060546
0.9867695 -0.02801446 0.1596908
0.9867695 0.02801446 0.1596908
0.8024796 0.2625234 0.5358246
0.7867879 0.3347009 0.5185943
0.7577429 0.3020538 0.5784369
0.8024796 -0.2625234 0.5358246
0.7577429 -0.3020538 0.5784369
0.7867879 -0.3347009 0.5185943
0.9785405 -0.2060546 4.193432e-10
0.9867695 -0.1596908 -0.02801446
0.9867695 -0.1596908 0.02801446
0.8024796 -0.5358246 0.2625234
0.7867879 -0.5185943 0.3347009
0.7577429 -0.5784369 0.3020538
0.8024796 -0.5358246 -0.2625234
0.7577429 -0.5784369 -0.3020538
0.7867879 -0.5185943 -0.3347009
0.9785405 -4.193432e-10 -0.2060546
0.9867695 0.02801446 -0.1596908
0.9867695 -0.02801446 -0.1596908
0.8024796 -0.2625234 -0.5358246
0.7867879 -0.3347009 -0.5185943
0.7577429 -0.3020538 -0.5784369
0.8024796 0.2625234 -0.5358246
0.7577429 0.3020538 -0.5784369
0.7867879 0.3347009 -0.5185943
0.9785405 0.2060546 -4.193432e-10
0.9867695 0.1596908 0.02801446
0.9867695 0.1596908 -0.02801446
0.8024796 0.5358246 -0.2625234
0.7867879 0.5185943 -0.3347009
0.7577429 0.5784369 -0.3020538
0.8024796 0.5358246 0.2625234
0.7577429 0.5784369 0.3020538
0.7867879 0.5185943 0.3347009
0.2060546 -4.193432e-10 0.9785405
0.1596908 0.02801446 0.9867695
0.1596908 -0.02801446 0.9867695
0.5358246 -0.2625234 0.8024796
0.5185943 -0.3347009 0.7867879
0.5784369 -0.3020538 0.7577429
0.5358246 0.2625234 0.8024796
0.5784369 0.3020538 0.7577429
0.5185943 0.3347009 0.7867879
4.193432e-10 0.2060546 0.9785405
-0.02801446 0.1596908 0.9867695
0.02801446 0.1596908 0.9867695
0.2625234 0.5358246 0.8024796
0.3347009 0.5185943 0.7867879
0.3020538 0.5784369 0.7577429
-0.2625234 0.5358246 0.8024796
-0.3020538 0.5784369 0.7577429
-0.3347009 0.5185943 0.7867879
-0.2060546 4.193432e-10 0.9785405
-0.1596908 -0.02801446 0.9867695
-0.1596908 0.02801446 0.9867695
-0.5358246 0.2625234 0.8024796
-0.5185943 0.3347009 0.7867879
-0.5784369 0.3020538 0.7577429
-0.5358246 -0.2625234 0.8024796
-0.5784369 -0.3020538 0.7577429
-0.5185943 -0.3347009 0.7867879
-4.193432e-10 -0.2060546 0.9785405
0.02801446 -0.1596908 0.9867695
-0.02801446 -0.1596908 0.9867695
-0.2625234 -0.5358246 0.8024796
-0.3347009 -0.5185943 0.7867879
-0.3020538 -0.5784369 0.7577429
0.2625234 -0.5358246 0.8024796
0.3020538 -0.5784369 0.7577429
0.3347009 -0.5185943 0.7867879
-0.9785405 4.193432e-10 -0.2060546
-0.9867695 -0.02801446 -0.1596908
-0.9867695 0.02801446 -0.1596908
-0.8024796 0.2625234 -0.5358246
-0.7867879 0.3347009 -0.5185943
-0.7577429 0.3020538 -0.5784369
-0.8024796 -0.2625234 -0.5358246
-0.7577429 -0.3020538 -0.5784369
-0.7867879 -0.3347009 -0.5185943
-0.9785405 -0.2060546 -4.193432e-10
-0.9867695 -0.1596908 0.02801446
-0.9867695 -0.1596908 -0.02801446
-0.8024796 -0.5358246 -0.2625234
-0.7867879 -0.5185943 -0.3347009
-0.7577429 -0.5784369 -0.3020538
-0.8024796 -0.5358246 0.2625234
-0.7577429 -0.5784369 0.3020538
-0.7867879 -0.5185943 0.3347009
-0.9785405 -4.193432e-10 0.2060546
-0.9867695 0.02801446 0.1596908
-0.9867695 -0.02801446 0.1596908
-0.8024796 -0.2625234 0.5358246
-0.7867879 -0.3347009 0.5185943
-0.7577429 -0.3020538 0.5784369
-0.8024796 0.2625234 0.5358246
-0.7577429 0.3020538 0.5784369
-0.7867879 0.3347009 0.5185943
-0.9785405 0.2060546 4.193432e-10
-0.9867695 0.1596908 -0.02801446
-0.9867695 0.1596908 0.02801446
-0.8024796 0.5358246 0.2625234
-0.7867879 0.5185943 0.3347009
-0.7577429 0.5784369 0.3020538
-0.8024796 0.5358246 -0.2625234
-0.7577429 0.5784369 -0.3020538
-0.7867879 0.5185943 -0.3347009
-4.193432e-10 0.9785405 0.2060546
0.02801446 0.9867695 0.1596908
-0.02801446 0.9867695 0.1596908
-0.2625234 0.8024796 0.5358246
-0.3347009 0.7867879 0.5185943
-0.3020538 0.7577429 0.5784369
0.2625234 0.8024796 0.5358246
0.3020538 0.7577429 0.5784369
0.3347009 0.7867879 0.5185943
0.2060546 0.9785405 4.193432e-10
0.1596908 0.9867695 -0.02801446
0.1596908 0.9867695 0.02801446
0.5358246 0.8024796 0.2625234
0.5185943 0.7867879 0.3347009
0.5784369 0.7577429 0.3020538
0.5358246 0.8024796 -0.2625234
0.5784369 0.7577429 -0.3020538
0.5185943 0.7867879 -0.3347009
4.193432e-10 0.9785405 -0.2060546
-0.02801446 0.9867695 -0.1596908
0.02801446 0.9867695 -0.1596908
0.2625234 0.8024796 -0.5358246
0.3347009 0.7867879 -0.5185943
0.3020538 0.7577429 -0.5784369
-0.2625234 0.8024796 -0.5358246
-0.3020538 0.7577429 -0.5784369
-0.3347009 0.7867879 -0.5185943
-0.2060546 0.9785405 -4.193432e-10
-0.1596908 0.9867695 0.02801446
-0.1596908 0.9867695 -0.02801446
-0.5358246 0.8024796 -0.2625234
-0.5185943 0.7867879 -0.3347009
-0.5784369 0.7577429 -0.3020538
-0.5358246 0.8024796 0.2625234
-0.5784369 0.7577429 0.3020538
-0.5185943 0.7867879 0.3347009
-4.193432e-10 -0.9785405 -0.2060546
0.02801446 -0.9867695 -0.1596908
-0.02801446 -0.9867695 -0.1596908
-0.2625234 -0.8024796 -0.5358246
-0.3347009 -0.7867879 -0.5185943
-0.3020538 -0.7577429 -0.5784369
0.2625234 -0.8024796 -0.5358246
0.3020538 -0.7577429 -0.5784369
0.3347009 -0.7867879 -0.5185943
0.2060546 -0.9785405 -4.193432e-10
0.1596908 -0.9867695 0.02801446
0.1596908 -0.9867695 -0.02801446
0.5358246 -0.8024796 -0.2625234
0.5185943 -0.7867879 -0.3347009
0.5784369 -0.7577429 -0.3020538
0.5358246 -0.8024796 0.2625234
0.5784369 -0.7577429 0.3020538
0.5185943 -0.7867879 0.3347009
4.193432e-10 -0.9785405 0.2060546
-0.02801446 -0.9867695 0.1596908
0.02801446 -0.9867695 0.1596908
0.2625234 -0.8024796 0.5358246
0.3347009 -0.7867879 0.5185943
0.3020538 -0.7577429 0.5784369
-0.2625234 -0.8024796 0.5358246
-0.3020538 -0.7577429 0.5784369
-0.3347009 -0.7867879 0.5185943
-0.2060546 -0.9785405 4.193432e-10
-0.1596908 -0.9867695 -0.02801446
-0.1596908 -0.9867695 0.02801446
-0.5358246 -0.8024796 0.2625234
-0.5185943 -0.7867879 0.3347009
-0.5784369 -0.7577429 0.3020538
-0.5358246 -0.8024796 -0.2625234
-0.5784369 -0.7577429 -0.3020538
-0.5185943 -0.7867879 -0.3347009
-0.6128314 1.598086e-10 -0.7902137
-0.5621229 0.03797294 -0.8261814
-0.5621229 -0.03797294 -0.8261814
-0.3389498 0.1714814 -0.9250444
-0.3491647 0.1032936 -0.9313508
-0.3970439 0.1420143 -0.9067459
-0.3389498 -0.1714814 -0.9250444
-0.3970439 -0.1420143 -0.9067459
-0.3491647 -0.1032936 -0.9313508
1.598086e-10 0.6128314 -0.7902137
0.03797294 0.5621229 -0.8261814
-0.03797294 0.5621229 -0.8261814
0.1714814 0.3389498 -0.9250444
0.1032936 0.3491647 -0.9313508
0.1420143 0.3970439 -0.9067459
-0.1714814 0.3389498 -0.9250444
-0.1420143 0.3970439 -0.9067459
-0.1032936 0.3491647 -0.9313508
0.6128314 -1.598086e-10 -0.7902137
0.5621229 -0.03797294 -0.8261814
0.5621229 0.03797294 -0.8261814
0.3389498 -0.1714814 -0.9250444
0.3491647 -0.1032936 -0.9313508
0.3970439 -0.1420143 -0.9067459
0.3389498 0.1714814 -0.9250444
0.3970439 0.1420143 -0.9067459
0.3491647 0.1032936 -0.9313508
-1.598086e-10 -0.6128314 -0.7902137
-0.03797294 -0.5621229 -0.8261814
0.03797294 -0.5621229 -0.8261814
-0.1714814 -0.3389498 -0.9250444
-0.1032936 -0.3491647 -0.9313508
-0.1420143 -0.3970439 -0.9067459
0.1714814 -0.3389498 -0.9250444
0.1420143 -0.3970439 -0.9067459
0.1032936 -0.3491647 -0.9313508
0.7902137 -1.598086e-10 0.6128314
0.8261814 -0.03797294 0.5621229
0.8261814 0.03797294 0.5621229
0.9250444 -0.1714814 0.3389498
0.9313508 -0.1032936 0.3491647
0.9067459 -0.1420143 0.3970439
0.9250444 0.1714814 0.3389498
0.9067459 0.1420143 0.3970439
0.9313508 0.1032936 0.3491647
0.7902137 -0.6128314 -1.598086e-10
0.8261814 -0.5621229 -0.03797294
0.8261814 -0.5621229 0.03797294
0.9250444 -0.3389498 -0.1714814
0.9313508 -0.3491647 -0.1032936
0.9067459 -0.3970438 -0.1420143
0.9250444 -0.3389498 0.1714814
0.9067459 -0.3970438 0.1420143
0.9313508 -0.3491647 0.1032936
0.7902137 1.598086e-10 -0.6128314
0.8261814 0.03797294 -0.5621229
0.8261814 -0.03797294 -0.5621229
0.9250444 0.1714814 -0.3389498
0.9313508 0.1032936 -0.3491647
0.9067459 0.1420143 -0.3970439
0.9250444 -0.1714814 -0.3389498
0.9067459 -0.1420143 -0.3970439
0.9313508 -0.1032936 -0.3491647
0.7902137 0.6128314 1.598086e-10
0.8261814 0.5621229 0.03797294
0.8261814 0.5621229 -0.03797294
0.9250444 0.3389498 0.1714814
0.9313508 0.3491647 0.1032936
0.9067459 0.3970438 0.1420143
0.9250444 0.3389498 -0.1714814
0.9067459 0.3970438 -0.1420143
0.9313508 0.3491647 -0.1032936
0.6128314 1.598086e-10 0.7902137
0.5621229 0.03797294 0.8261814
0.5621229 -0.03797294 0.8261814
0.3389498 0.1714814 0.9250444
0.3491647 0.1032936 0.9313508
0.3970439 0.1420143 0.9067459
0.3389498 -0.1714814 0.9250444
0.3970439 -0.1420143 0.9067459
0.3491647 -0.1032936 0.9313508
-1.598086e-10 0.6128314 0.7902137
-0.03797294 0.5621229 0.8261814
0.03797294 0.5621229 0.8261814
-0.1714814 0.3389498 0.9250444
-0.1032936 0.3491647 0.9313508
-0.1420143 0.3970439 0.9067459
0.1714814 0.3389498 0.9250444
0.1420143 0.3970439 0.9067459
0.1032936 0.3491647 0.9313508
-0.6128314 -1.598086e-10 0.7902137
-0.5621229 -0.03797294 0.8261814
-0.5621229 0.03797294 0.8261814
-0.3389498 -0.1714814 0.9250444
-0.3491647 -0.1032936 0.9313508
-0.3970439 -0.1420143 0.9067459
-0.3389498 0.1714814 0.9250444
-0.3970439 0.1420143 0.9067459
-0.3491647 0.1032936 0.9313508
1.598086e-10 -0.6128314 0.7902137
0.03797294 -0.5621229 0.8261814
-0.03797294 -0.5621229 0.8261814
0.1714814 -0.3389498 0.9250444
0.1032936 -0.3491647 0.9313508
0.1420143 -0.3970439 0.9067459
-0.1714814 -0.3389498 0.9250444
-0.1420143 -0.3970439 0.9067459
-0.1032936 -0.3491647 0.9313508
-0.7902137 -1.598086e-10 -0.6128314
-0.8261814 -0.03797294 -0.5621229
-0.8261814 0.03797294 -0.5621229
-0.9250444 -0.1714814 -0.3389498
-0.9313508 -0.1032936 -0.3491647
-0.9067459 -0.1420143 -0.3970439
-0.9250444 0.1714814 -0.3389498
-0.9067459 0.1420143 -0.3970439
-0.9313508 0.1032936 -0.3491647
-0.7902137 -0.6128314 1.598086e-10
-0.8261814 -0.5621229 0.03797294
-0.8261814 -0.5621229 -0.03797294
-0.9250444 -0.3389498 0.1714814
-0.9313508 -0.3491647 0.1032936
-0.9067459 -0.3970438 0.1420143
-0.9250444 -0.3389498 -0.1714814
-0.9067459 -0.3970438 -0.1420143
-0.9313508 -0.3491647 -0.1032936
-0.7902137 1.598086e-10 0.6128314
-0.8261814 0.03797294 0.5621229
-0.8261814 -0.03797294 0.5621229
-0.9250444 0.1714814 0.3389498
-0.9313508 0.1032936 0.3491647
-0.9067459 0.1420143 0.3970439
-0.9250444 -0.1714814 0.3389498
-0.9067459 -0.1420143 0.3970439
-0.9313508 -0.1032936 0.3491647
-0.7902137 0.6128314 -1.598086e-10
-0.8261814 0.5621229 -0.03797294
-0.8261814 0.5621229 0.03797294
-0.9250444 0.3389498 -0.1714814
-0.9313508 0.3491647 -0.1032936
-0.9067459 0.3970438 -0.1420143
-0.9250444 0.3389498 0.1714814
-0.9067459 0.3970438 0.1420143
-0.9313508 0.3491647 0.1032936
1.598086e-10 0.7902137 0.6128314
0.03797294 0.8261814 0.5621229
-0.03797294 0.8261814 0.5621229
0.1714814 0.9250444 0.3389498
0.1032936 0.9313508 0.3491647
0.1420143 0.9067459 0.3970439
-0.1714814 0.9250444 0.3389498
-0.1420143 0.9067459 0.3970439
-0.1032936 0.9313508 0.3491647
0.6128314 0.7902137 -1.598086e-10
0.5621229 0.8261814 -0.03797294
0.5621229 0.8261814 0.03797294
0.3389498 0.9250444 -0.1714814
0.3491647 0.9313508 -0.1032936
0.3970438 0.9067459 -0.1420143
0.3389498 0.9250444 0.1714814
0.3970438 0.9067459 0.1420143
0.3491647 0.9313508 0.1032936
-1.598086e-10 0.7902137 -0.6128314
-0.03797294 0.8261814 -0.5621229
0.03797294 0.8261814 -0.5621229
-0.1714814 0.9250444 -0.3389498
-0.1032936 0.9313508 -0.3491647
-0.1420143 0.9067459 -0.3970439
0.1714814 0.9250444 -0.3389498
0.1420143 0.9067459 -0.3970439
0.1032936 0.9313508 -0.3491647
-0.6128314 0.7902137 1.598086e-10
-0.5621229 0.8261814 0.03797294
-0.5621229 0.8261814 -0.03797294
-0.3389498 0.9250444 0.1714814
-0.3491647 0.9313508 0.1032936
-0.3970438 0.9067459 0.1420143
-0.3389498 0.9250444 -0.1714814
-0.3970438 0.9067459 -0.1420143
-0.3491647 0.9313508 -0.1032936
1.598086e-10 -0.7902137 -0.6128314
0.03797294 -0.8261814 -0.5621229
-0.03797294 -0.8261814 -0.5621229
0.1714814 -0.9250444 -0.3389498
0.1032936 -0.9313508 -0.3491647
0.1420143 -0.9067459 -0.3970439
-0.1714814 -0.9250444 -0.3389498
-0.1420143 -0.9067459 -0.3970439
-0.1032936 -0.9313508 -0.3491647
0.6128314 -0.7902137 1.598086e-10
0.5621229 -0.8261814 0.03797294
0.5621229 -0.8261814 -0.03797294
0.3389498 -0.9250444 0.1714814
0.3491647 -0.9313508 0.1032936
0.3970438 -0.9067459 0.1420143
0.3389498 -0.9250444 -0.1714814
0.3970438 -0.9067459 -0.1420143
0.3491647 -0.9313508 -0.1032936
-1.598086e-10 -0.7902137 0.6128314
-0.03797294 -0.8261814 0.5621229
0.03797294 -0.8261814 0.5621229
-0.1714814 -0.9250444 0.3389498
-0.1032936 -0.9313508 0.3491647
-0.1420143 -0.9067459 0.3970439
0.1714814 -0.9250444 0.3389498
0.1420143 -0.9067459 0.3970439
0.1032936 -0.9313508 0.3491647
-0.6128314 -0.7902137 -1.598086e-10
-0.5621229 -0.8261814 -0.03797294
-0.5621229 -0.8261814 0.03797294
-0.3389498 -0.9250444 -0.1714814
-0.3491647 -0.9313508 -0.1032936
-0.3970438 -0.9067459 -0.1420143
-0.3389498 -0.9250444 0.1714814
-0.3970438 -0.9067459 0.1420143
-0.3491647 -0.9313508 0.1032936
-0.04493763 0 -0.9989898
-0.07788931 -0.02297293 -0.9966972
-0.07788931 0.02297293 -0.9966972
-0.2360895 -0.1575675 -0.9588713
-0.2475139 -0.09492571 -0.964223
-0.1935506 -0.1195181 -0.9737832
-0.2360895 0.1575675 -0.9588713
-0.1935506 0.1195181 -0.9737832
-0.2475139 0.09492571 -0.964223
-0.5730439 -0.4798252 -0.6643707
-0.5975359 -0.411433 -0.6882397
-0.5365069 -0.443363 -0.7180457
-0.6563249 -0.115658 -0.7455608
-0.6041453 -0.1529617 -0.7820557
-0.6477913 -0.1919446 -0.7372407
-0.368524 -0.2806991 -0.8862269
-0.4127402 -0.3228303 -0.8517194
-0.4307403 -0.2531177 -0.866253
-0.5730439 0.4798252 -0.6643707
-0.5365069 0.443363 -0.7180457
-0.5975359 0.411433 -0.6882397
-0.368524 0.2806991 -0.8862269
-0.4307403 0.2531177 -0.866253
-0.4127402 0.3228303 -0.8517194
-0.6563249 0.115658 -0.7455608
-0.6477912 0.1919446 -0.7372407
-0.6041453 0.1529617 -0.7820557
0 0.04493763 -0.9989898
-0.02297293 0.07788931 -0.9966972
0.02297293 0.07788931 -0.9966972
-0.1575675 0.2360895 -0.9588713
-0.09492571 0.2475139 -0.964223
-0.1195181 0.1935506 -0.9737832
0.1575675 0.2360895 -0.9588713
0.1195181 0.1935506 -0.9737832
0.09492571 0.2475139 -0.964223
-0.4798252 0.5730439 -0.6643707
-0.411433 0.5975359 -0.6882397
-0.443363 0.5365069 -0.7180457
-0.115658 0.6563249 -0.7455608
-0.1529617 0.6041453 -0.7820557
-0.1919446 0.6477913 -0.7372407
-0.2806991 0.368524 -0.8862269
-0.3228303 0.4127402 -0.8517194
-0.2531177 0.4307403 -0.866253
0.4798252 0.5730439 -0.6643707
0.443363 0.5365069 -0.7180457
0.411433 0.5975359 -0.6882397
0.2806991 0.368524 -0.8862269
0.2531177 0.4307403 -0.866253
0.3228303 0.4127402 -0.8517194
0.115658 0.6563249 -0.7455608
0.1919446 0.6477912 -0.7372407
0.1529617 0.6041453 -0.7820557
0.04493763 0 -0.9989898
0.07788931 0.02297293 -0.9966972
0.07788931 -0.02297293 -0.9966972
0.2360895 0.1575675 -0.9588713
0.2475139 0.09492571 -0.964223
0.1935506 0.1195181 -0.9737832
0.2360895 -0.1575675 -0.9588713
0.1935506 -0.1195181 -0.9737832
0.2475139 -0.09492571 -0.964223
0.5730439 0.4798252 -0.6643707
0.5975359 0.411433 -0.6882397
0.5365069 0.443363 -0.7180457
0.6563249 0.115658 -0.7455608
0.6041453 0.1529617 -0.7820557
0.6477913 0.1919446 -0.7372407
0.368524 0.2806991 -0.8862269
0.4127402 0.3228303 -0.8517194
0.4307403 0.2531177 -0.866253
0.5730439 -0.4798252 -0.6643707
0.5365069 -0.443363 -0.7180457
0.5975359 -0.411433 -0.6882397
0.368524 -0.2806991 -0.8862269
0.4307403 -0.2531177 -0.866253
0.4127402 -0.3228303 -0.8517194
0.6563249 -0.115658 -0.7455608
0.6477912 -0.1919446 -0.7372407
0.6041453 -0.1529617 -0.7820557
0 -0.04493763 -0.9989898
0.02297293 -0.07788931 -0.9966972
-0.02297293 -0.07788931 -0.9966972
0.1575675 -0.2360895 -0.9588713
0.09492571 -0.2475139 -0.964223
0.1195181 -0.1935506 -0.9737832
-0.1575675 -0.2360895 -0.9588713
-0.1195181 -0.1935506 -0.9737832
-0.09492571 -0.2475139 -0.964223
0.4798252 -0.5730439 -0.6643707
0.411433 -0.5975359 -0.6882397
0.443363 -0.5365069 -0.7180457
0.115658 -0.6563249 -0.7455608
0.1529617 -0.6041453 -0.7820557
0.1919446 -0.6477913 -0.7372407
0.2806991 -0.368524 -0.8862269
0.3228303 -0.4127402 -0.8517194
0.2531177 -0.4307403 -0.866253
-0.4798252 -0.5730439 -0.6643707
-0.443363 -0.5365069 -0.7180457
-0.411433 -0.5975359 -0.6882397
-0.2806991 -0.368524 -0.8862269
-0.2531177 -0.4307403 -0.866253
-0.3228303 -0.4127402 -0.8517194
-0.115658 -0.6563249 -0.7455608
-0.1919446 -0.6477912 -0.7372407
-0.1529617 -0.6041453 -0.7820557
0.9989898 0 0.04493763
0.9966972 0.02297293 0.07788931
0.9966972 -0.02297293 0.07788931
0.9588713 0.1575675 0.2360895
0.964223 0.09492571 0.2475139
0.9737832 0.1195181 0.1935506
0.9588713 -0.1575675 0.2360895
0.9737832 -0.1195181 0.1935506
0.964223 -0.09492571 0.2475139
0.6643707 0.4798252 0.5730439
0.6882396 0.4114329 0.5975358
0.7180457 0.443363 0.5365069
0.7455608 0.115658 0.6563249
0.7820557 0.1529617 0.6041453
0.7372407 0.1919446 0.6477913
0.8862269 0.2806991 0.368524
0.8517194 0.3228303 0.4127402
0.866253 0.2531177 0.4307403
0.6643707 -0.4798252 0.5730439
0.7180457 -0.443363 0.536507
0.6882396 -0.4114329 0.5975358
0.8862269 -0.2806991 0.368524
0.866253 -0.2531177 0.4307403
0.8517194 -0.3228303 0.4127402
0.7455608 -0.115658 0.6563249
0.7372407 -0.1919446 0.6477912
0.7820557 -0.1529617 0.6041453
0.9989898 -0.04493763 0
0.9966972 -0.07788931 0.02297293
0.9966972 -0.07788931 -0.02297293
0.9588713 -0.2360895 0.1575675
0.964223 -0.2475139 0.09492571
0.9737832 -0.1935506 0.1195181
0.9588713 -0.2360895 -0.1575675
0.9737832 -0.1935506 -0.1195181
0.964223 -0.2475139 -0.09492571
0.6643707 -0.5730439 0.4798252
0.6882397 -0.5975359 0.411433
0.7180457 -0.5365069 0.443363
0.7455608 -0.6563249 0.115658
0.7820557 -0.6041453 0.1529617
0.7372407 -0.6477913 0.1919446
0.8862269 -0.368524 0.2806991
0.8517194 -0.4127402 0.3228303
0.866253 -0.4307403 0.2531177
0.6643707 -0.5730439 -0.4798252
0.7180457 -0.5365069 -0.443363
0.6882397 -0.5975359 -0.411433
0.8862269 -0.368524 -0.2806991
0.866253 -0.4307403 -0.2531177
0.8517194 -0.4127402 -0.3228303
0.7455608 -0.6563249 -0.115658
0.7372407 -0.6477912 -0.1919446
0.7820557 -0.6041453 -0.1529617
0.9989898 0 -0.04493763
0.9966972 -0.02297293 -0.07788931
0.9966972 0.02297293 -0.07788931
0.9588713 -0.1575675 -0.2360895
0.964223 -0.09492571 -0.2475139
0.9737832 -0.1195181 -0.1935506
0.9588713 0.1575675 -0.2360895
0.9737832 0.1195181 -0.1935506
0.964223 0.09492571 -0.2475139
0.6643707 -0.4798252 -0.5730439
0.6882396 -0.4114329 -0.5975358
0.7180457 -0.443363 -0.5365069
0.7455608 -0.115658 -0.6563249
0.7820557 -0.1529617 -0.6041453
0.7372407 -0.1919446 -0.6477913
0.8862269 -0.2806991 -0.368524
0.8517194 -0.3228303 -0.4127402
0.866253 -0.2531177 -0.4307403
0.6643707 0.4798252 -0.5730439
0.7180457 0.443363 -0.536507
0.6882396 0.4114329 -0.5975358
0.8862269 0.2806991 -0.368524
0.866253 0.2531177 -0.4307403
0.8517194 0.3228303 -0.4127402
0.7455608 0.115658 -0.6563249
0.7372407 0.1919446 -0.6477912
0.7820557 0.1529617 -0.6041453
0.9989898 0.04493763 0
0.9966972 0.07788931 -0.02297293
0.9966972 0.07788931 0.02297293
0.9588713 0.2360895 -0.1575675
0.964223 0.2475139 -0.09492571
0.9737832 0.1935506 -0.1195181
0.9588713 0.2360895 0.1575675
0.9737832 0.1935506 0.1195181
0.964223 0.2475139 0.09492571
0.6643707 0.5730439 -0.4798252
0.6882397 0.5975359 -0.411433
0.7180457 0.5365069 -0.443363
0.7455608 0.6563249 -0.115658
0.7820557 0.6041453 -0.1529617
0.7372407 0.6477913 -0.1919446
0.8862269 0.368524 -0.2806991
0.8517194 0.4127402 -0.3228303
0.866253 0.4307403 -0.2531177
0.6643707 0.5730439 0.4798252
0.7180457 0.5365069 0.443363
0.6882397 0.5975359 0.411433
0.8862269 0.368524 0.2806991
0.866253 0.4307403 0.2531177
0.8517194 0.4127402 0.3228303
0.7455608 0.6563249 0.115658
0.7372407 0.6477912 0.1919446
0.7820557 0.6041453 0.1529617
0.04493763 0 0.9989898
0.07788931 -0.02297293 0.9966972
0.07788931 0.02297293 0.9966972
0.2360895 -0.1575675 0.9588713
0.2475139 -0.09492571 0.964223
0.1935506 -0.1195181 0.9737832
0.2360895 0.1575675 0.9588713
0.1935506 0.1195181 0.9737832
0.2475139 0.09492571 0.964223
0.5730439 -0.4798252 0.6643707
0.5975359 -0.411433 0.6882397
0.5365069 -0.443363 0.7180457
0.6563249 -0.115658 0.7455608
0.6041453 -0.1529617 0.7820557
0.6477913 -0.1919446 0.7372407
0.368524 -0.2806991 0.8862269
0.4127402 -0.3228303 0.8517194
0.4307403 -0.2531177 0.866253
0.5730439 0.4798252 0.6643707
0.5365069 0.443363 0.7180457
0.5975359 0.411433 0.6882397
0.368524 0.2806991 0.8862269
0.4307403 0.2531177 0.866253
0.4127402 0.3228303 0.8517194
0.6563249 0.115658 0.7455608
0.6477912 0.1919446 0.7372407
0.6041453 0.1529617 0.7820557
0 0.04493763 0.9989898
0.02297293 0.07788931 0.9966972
-0.02297293 0.07788931 0.9966972
0.1575675 0.2360895 0.9588713
0.09492571 0.2475139 0.964223
0.1195181 0.1935506 0.9737832
-0.1575675 0.2360895 0.9588713
-0.1195181 0.1935506 0.9737832
-0.09492571 0.2475139 0.964223
0.4798252 0.5730439 0.6643707
0.411433 0.5975359 0.6882397
0.443363 0.5365069 0.7180457
0.115658 0.6563249 0.7455608
0.1529617 0.6041453 0.7820557
0.1919446 0.6477913 0.7372407
0.2806991 0.368524 0.8862269
0.3228303 0.4127402 0.8517194
0.2531177 0.4307403 0.866253
-0.4798252 0.5730439 0.6643707
-0.443363 0.5365069 0.7180457
-0.411433 0.5975359 0.6882397
-0.2806991 0.368524 0.8862269
-0.2531177 0.4307403 0.866253
-0.3228303 0.4127402 0.8517194
-0.115658 0.6563249 0.7455608
-0.1919446 0.6477912 0.7372407
-0.1529617 0.6041453 0.7820557
-0.04493763 0 0.9989898
-0.07788931 0.02297293 0.9966972
-0.07788931 -0.02297293 0.9966972
-0.2360895 0.1575675 0.9588713
-0.2475139 0.09492571 0.964223
-0.1935506 0.1195181 0.9737832
-0.2360895 -0.1575675 0.9588713
-0.1935506 -0.1195181 0.9737832
-0.2475139 -0.09492571 0.964223
-0.5730439 0.4798252 0.6643707
-0.5975359 0.411433 0.6882397
-0.5365069 0.443363 0.7180457
-0.6563249 0.115658 0.7455608
-0.6041453 0.1529617 0.7820557
-0.6477913 0.1919446 0.7372407
-0.368524 0.2806991 0.8862269
-0.4127402 0.3228303 0.8517194
-0.4307403 0.2531177 0.866253
-0.5730439 -0.4798252 0.6643707
-0.5365069 -0.443363 0.7180457
-0.5975359 -0.411433 0.6882397
-0.368524 -0.2806991 0.8862269
-0.4307403 -0.2531177 0.866253
-0.4127402 -0.3228303 0.8517194
-0.6563249 -0.115658 0.7455608
-0.6477912 -0.1919446 0.7372407
-0.6041453 -0.1529617 0.7820557
0 -0.04493763 0.9989898
-0.02297293 -0.07788931 0.9966972
0.02297293 -0.07788931 0.9966972
-0.1575675 -0.2360895 0.9588713
-0.09492571 -0.2475139 0.964223
-0.1195181 -0.1935506 0.9737832
0.1575675 -0.2360895 0.9588713
0.1195181 -0.1935506 0.9737832
0.09492571 -0.2475139 0.964223
-0.4798252 -0.5730439 0.6643707
-0.411433 -0.5975359 0.6882397
-0.443363 -0.5365069 0.7180457
-0.115658 -0.6563249 0.7455608
-0.1529617 -0.6041453 0.7820557
-0.1919446 -0.6477913 0.7372407
-0.2806991 -0.368524 0.8862269
-0.3228303 -0.4127402 0.8517194
-0.2531177 -0.4307403 0.866253
0.4798252 -0.5730439 0.6643707
0.443363 -0.5365069 0.7180457
0.411433 -0.5975359 0.6882397
0.2806991 -0.368524 0.8862269
0.2531177 -0.4307403 0.866253
0.3228303 -0.4127402 0.8517194
0.115658 -0.6563249 0.7455608
0.1919446 -0.6477912 0.7372407
0.1529617 -0.6041453 0.7820557
-0.9989898 0 -0.04493763
-0.9966972 0.02297293 -0.07788931
-0.9966972 -0.02297293 -0.07788931
-0.9588713 0.1575675 -0.2360895
-0.964223 0.09492571 -0.2475139
-0.9737832 0.1195181 -0.1935506
-0.9588713 -0.1575675 -0.2360895
-0.9737832 -0.1195181 -0.1935506
-0.964223 -0.09492571 -0.2475139
-0.6643707 0.4798252 -0.5730439
-0.6882396 0.4114329 -0.5975358
-0.7180457 0.443363 -0.5365069
-0.7455608 0.115658 -0.6563249
-0.7820557 0.1529617 -0.6041453
-0.7372407 0.1919446 -0.6477913
-0.8862269 0.2806991 -0.368524
-0.8517194 0.3228303 -0.4127402
-0.866253 0.2531177 -0.4307403
-0.6643707 -0.4798252 -0.5730439
-0.7180457 -0.443363 -0.536507
-0.6882396 -0.4114329 -0.5975358
-0.8862269 -0.2806991 -0.368524
-0.866253 -0.2531177 -0.4307403
-0.8517194 -0.3228303 -0.4127402
-0.7455608 -0.115658 -0.6563249
-0.7372407 -0.1919446 -0.6477912
-0.7820557 -0.1529617 -0.6041453
-0.9989898 -0.04493763 0
-0.9966972 -0.07788931 -0.02297293
-0.9966972 -0.07788931 0.02297293
-0.9588713 -0.2360895 -0.1575675
-0.964223 -0.2475139 -0.09492571
-0.9737832 -0.1935506 -0.1195181
-0.9588713 -0.2360895 0.1575675
-0.9737832 -0.1935506 0.1195181
-0.964223 -0.2475139 0.09492571
-0.6643707 -0.5730439 -0.4798252
-0.6882397 -0.5975359 -0.411433
-0.7180457 -0.5365069 -0.443363
-0.7455608 -0.6563249 -0.115658
-0.7820557 -0.6041453 -0.1529617
-0.7372407 -0.6477913 -0.1919446
-0.8862269 -0.368524 -0.2806991
-0.8517194 -0.4127402 -0.3228303
-0.866253 -0.4307403 -0.2531177
-0.6643707 -0.5730439 0.4798252
-0.7180457 -0.5365069 0.443363
-0.6882397 -0.5975359 0.411433
-0.8862269 -0.368524 0.2806991
-0.866253 -0.4307403 0.2531177
-0.8517194 -0.4127402 0.3228303
-0.7455608 -0.6563249 0.115658
-0.7372407 -0.6477912 0.1919446
-0.7820557 -0.6041453 0.1529617
-0.9989898 0 0.04493763
-0.9966972 -0.02297293 0.07788931
-0.9966972 0.02297293 0.07788931
-0.9588713 -0.1575675 0.2360895
-0.964223 -0.09492571 0.2475139
-0.9737832 -0.1195181 0.1935506
-0.9588713 0.1575675 0.2360895
-0.9737832 0.1195181 0.1935506
-0.964223 0.09492571 0.2475139
-0.6643707 -0.4798252 0.5730439
-0.6882396 -0.4114329 0.5975358
-0.7180457 -0.443363 0.5365069
-0.7455608 -0.115658 0.6563249
-0.7820557 -0.1529617 0.6041453
-0.7372407 -0.1919446 0.6477913
-0.8862269 -0.2806991 0.368524
-0.8517194 -0.3228303 0.4127402
-0.866253 -0.2531177 0.4307403
-0.6643707 0.4798252 0.5730439
-0.7180457 0.443363 0.536507
-0.6882396 0.4114329 0.5975358
-0.8862269 0.2806991 0.368524
-0.866253 0.2531177 0.4307403
-0.8517194 0.3228303 0.4127402
-0.7455608 0.115658 0.6563249
-0.7372407 0.1919446 0.6477912
-0.7820557 0.1529617 0.6041453
-0.9989898 0.04493763 0
-0.9966972 0.07788931 0.02297293
-0.9966972 0.07788931 -0.02297293
-0.9588713 0.2360895 0.1575675
-0.964223 0.2475139 0.09492571
-0.9737832 0.1935506 0.1195181
-0.9588713 0.2360895 -0.1575675
-0.9737832 0.1935506 -0.1195181
-0.964223 0.2475139 -0.09492571
-0.6643707 0.5730439 0.4798252
-0.6882397 0.5975359 0.411433
-0.7180457 0.5365069 0.443363
-0.7455608 0.6563249 0.115658
-0.7820557 0.6041453 0.1529617
-0.7372407 0.6477913 0.1919446
-0.8862269 0.368524 0.2806991
-0.8517194 0.4127402 0.3228303
-0.866253 0.4307403 0.2531177
-0.6643707 0.5730439 -0.4798252
-0.7180457 0.5365069 -0.443363
-0.6882397 0.5975359 -0.411433
-0.8862269 0.368524 -0.2806991
-0.866253 0.4307403 -0.2531177
-0.8517194 0.4127402 -0.3228303
-0.7455608 0.6563249 -0.115658
-0.7372407 0.6477912 -0.1919446
-0.7820557 0.6041453 -0.1529617
0 0.9989898 0.04493763
-0.02297293 0.9966972 0.07788931
0.02297293 0.9966972 0.07788931
-0.1575675 0.9588713 0.2360895
-0.09492571 0.964223 0.2475139
-0.1195181 0.9737832 0.1935506
0.1575675 0.9588713 0.2360895
0.1195181 0.9737832 0.1935506
0.09492571 0.964223 0.2475139
-0.4798252 0.6643707 0.5730439
-0.4114329 0.6882396 0.5975358
-0.443363 0.7180457 0.5365069
-0.115658 0.7455608 0.6563249
-0.1529617 0.7820557 0.6041453
-0.1919446 0.7372407 0.6477913
-0.2806991 0.8862269 0.368524
-0.3228303 0.8517194 0.4127402
-0.2531177 0.866253 0.4307403
0.4798252 0.6643707 0.5730439
0.443363 0.7180457 0.536507
0.4114329 0.6882396 0.5975358
0.2806991 0.8862269 0.368524
0.2531177 0.866253 0.4307403
0.3228303 0.8517194 0.4127402
0.115658 0.7455608 0.6563249
0.1919446 0.7372407 0.6477912
0.1529617 0.7820557 0.6041453
0.04493763 0.9989898 0
0.07788931 0.9966972 0.02297293
0.07788931 0.9966972 -0.02297293
0.2360895 0.9588713 0.1575675
0.2475139 0.964223 0.09492571
0.1935506 0.9737832 0.1195181
0.2360895 0.9588713 -0.1575675
0.1935506 0.9737832 -0.1195181
0.2475139 0.964223 -0.09492571
0.5730439 0.6643707 0.4798252
0.5975359 0.6882397 0.411433
0.5365069 0.7180457 0.443363
0.6563249 0.7455608 0.115658
0.6041453 0.7820557 0.1529617
0.6477913 0.7372407 0.1919446
0.368524 0.8862269 0.2806991
0.4127402 0.8517194 0.3228303
0.4307403 0.866253 0.2531177
0.5730439 0.6643707 -0.4798252
0.5365069 0.7180457 -0.443363
0.5975359 0.6882397 -0.411433
0.368524 0.8862269 -0.2806991
0.4307403 0.866253 -0.2531177
0.4127402 0.8517194 -0.3228303
0.6563249 0.7455608 -0.115658
0.6477912 0.7372407 -0.1919446
0.6041453 0.7820557 -0.1529617
0 0.9989898 -0.04493763
0.02297293 0.9966972 -0.07788931
-0.02297293 0.9966972 -0.07788931
0.1575675 0.9588713 -0.2360895
0.09492571 0.964223 -0.2475139
0.1195181 0.9737832 -0.1935506
-0.1575675 0.9588713 -0.2360895
-0.1195181 0.9737832 -0.1935506
-0.09492571 0.964223 -0.2475139
0.4798252 0.6643707 -0.5730439
0.4114329 0.6882396 -0.5975358
0.443363 0.7180457 -0.5365069
0.115658 0.7455608 -0.6563249
0.1529617 0.7820557 -0.6041453
0.1919446 0.7372407 -0.6477913
0.2806991 0.8862269 -0.368524
0.3228303 0.8517194 -0.4127402
0.2531177 0.866253 -0.4307403
-0.4798252 0.6643707 -0.5730439
-0.443363 0.7180457 -0.536507
-0.4114329 0.6882396 -0.5975358
-0.2806991 0.8862269 -0.368524
-0.2531177 0.866253 -0.4307403
-0.3228303 0.8517194 -0.4127402
-0.115658 0.7455608 -0.6563249
-0.1919446 0.7372407 -0.6477912
-0.1529617 0.7820557 -0.6041453
-0.04493763 0.9989898 0
-0.07788931 0.9966972 -0.02297293
-0.07788931 0.9966972 0.02297293
-0.2360895 0.9588713 -0.1575675
-0.2475139 0.964223 -0.09492571
-0.1935506 0.9737832 -0.1195181
-0.2360895 0.9588713 0.1575675
-0.1935506 0.9737832 0.1195181
-0.2475139 0.964223 0.09492571
-0.5730439 0.6643707 -0.4798252
-0.5975359 0.6882397 -0.411433
-0.5365069 0.7180457 -0.443363
-0.6563249 0.7455608 -0.115658
-0.6041453 0.7820557 -0.1529617
-0.6477913 0.7372407 -0.1919446
-0.368524 0.8862269 -0.2806991
-0.4127402 0.8517194 -0.3228303
-0.4307403 0.866253 -0.2531177
-0.5730439 0.6643707 0.4798252
-0.5365069 0.7180457 0.443363
-0.5975359 0.6882397 0.411433
-0.368524 0.8862269 0.2806991
-0.4307403 0.866253 0.2531177
-0.4127402 0.8517194 0.3228303
-0.6563249 0.7455608 0.115658
-0.6477912 0.7372407 0.1919446
-0.6041453 0.7820557 0.1529617
0 -0.9989898 -0.04493763
-0.02297293 -0.9966972 -0.07788931
0.02297293 -0.9966972 -0.07788931
-0.1575675 -0.9588713 -0.2360895
-0.09492571 -0.964223 -0.2475139
-0.1195181 -0.9737832 -0.1935506
0.1575675 -0.9588713 -0.2360895
0.1195181 -0.9737832 -0.1935506
0.09492571 -0.964223 -0.2475139
-0.4798252 -0.6643707 -0.5730439
-0.4114329 -0.6882396 -0.5975358
-0.443363 -0.7180457 -0.5365069
-0.115658 -0.7455608 -0.6563249
-0.1529617 -0.7820557 -0.6041453
-0.1919446 -0.7372407 -0.6477913
-0.2806991 -0.8862269 -0.368524
-0.3228303 -0.8517194 -0.4127402
-0.2531177 -0.866253 -0.4307403
0.4798252 -0.6643707 -0.5730439
0.443363 -0.7180457 -0.536507
0.4114329 -0.6882396 -0.5975358
0.2806991 -0.8862269 -0.368524
0.2531177 -0.866253 -0.4307403
0.3228303 -0.8517194 -0.4127402
0.115658 -0.7455608 -0.6563249
0.1919446 -0.7372407 -0.6477912
0.1529617 -0.7820557 -0.6041453
0.04493763 -0.9989898 0
0.07788931 -0.9966972 -0.02297293
0.07788931 -0.9966972 0.02297293
0.2360895 -0.9588713 -0.1575675
0.2475139 -0.964223 -0.09492571
0.1935506 -0.9737832 -0.1195181
0.2360895 -0.9588713 0.1575675
0.1935506 -0.9737832 0.1195181
0.2475139 -0.964223 0.09492571
0.5730439 -0.6643707 -0.4798252
0.5975359 -0.6882397 -0.411433
0.5365069 -0.7180457 -0.443363
0.6563249 -0.7455608 -0.115658
0.6041453 -0.7820557 -0.1529617
0.6477913 -0.7372407 -0.1919446
0.368524 -0.8862269 -0.2806991
0.4127402 -0.8517194 -0.3228303
0.4307403 -0.866253 -0.2531177
0.5730439 -0.6643707 0.4798252
0.5365069 -0.7180457 0.443363
0.5975359 -0.6882397 0.411433
0.368524 -0.8862269 0.2806991
0.4307403 -0.866253 0.2531177
0.4127402 -0.8517194 0.3228303
0.6563249 -0.7455608 0.115658
0.6477912 -0.7372407 0.1919446
0.6041453 -0.7820557 0.1529617
0 -0.9989898 0.04493763
0.02297293 -0.9966972 0.07788931
-0.02297293 -0.9966972 0.07788931
0.1575675 -0.9588713 0.2360895
0.09492571 -0.964223 0.2475139
0.1195181 -0.9737832 0.1935506
-0.1575675 -0.9588713 0.2360895
-0.1195181 -0.9737832 0.1935506
-0.09492571 -0.964223 0.2475139
0.4798252 -0.6643707 0.5730439
0.4114329 -0.6882396 0.5975358
0.443363 -0.7180457 0.5365069
0.115658 -0.7455608 0.6563249
0.1529617 -0.7820557 0.6041453
0.1919446 -0.7372407 0.6477913
0.2806991 -0.8862269 0.368524
0.3228303 -0.8517194 0.4127402
0.2531177 -0.866253 0.4307403
-0.4798252 -0.6643707 0.5730439
-0.443363 -0.7180457 0.536507
-0.4114329 -0.6882396 0.5975358
-0.2806991 -0.8862269 0.368524
-0.2531177 -0.866253 0.4307403
-0.3228303 -0.8517194 0.4127402
-0.115658 -0.7455608 0.6563249
-0.1919446 -0.7372407 0.6477912
-0.1529617 -0.7820557 0.6041453
-0.04493763 -0.9989898 0
-0.07788931 -0.9966972 0.02297293
-0.07788931 -0.9966972 -0.02297293
-0.2360895 -0.9588713 0.1575675
-0.2475139 -0.964223 0.09492571
-0.1935506 -0.9737832 0.1195181
-0.2360895 -0.9588713 -0.1575675
-0.1935506 -0.9737832 -0.1195181
-0.2475139 -0.964223 -0.09492571
-0.5730439 -0.6643707 0.4798252
-0.5975359 -0.6882397 0.411433
-0.5365069 -0.7180457 0.443363
-0.6563249 -0.7455608 0.115658
-0.6041453 -0.7820557 0.1529617
-0.6477913 -0.7372407 0.1919446
-0.368524 -0.8862269 0.2806991
-0.4127402 -0.8517194 0.3228303
-0.4307403 -0.866253 0.2531177
-0.5730439 -0.6643707 -0.4798252
-0.5365069 -0.7180457 -0.443363
-0.5975359 -0.6882397 -0.411433
-0.368524 -0.8862269 -0.2806991
-0.4307403 -0.866253 -0.2531177
-0.4127402 -0.8517194 -0.3228303
-0.6563249 -0.7455608 -0.115658
-0.6477912 -0.7372407 -0.1919446
-0.6041453 -0.7820557 -0.1529617
-0.3543349 0.03449892 -0.9344819
-0.3543349 -0.03449892 -0.9344819
-0.4538097 -0.1095655 -0.8843371
-0.5089645 -0.07469238 -0.8575408
-0.5089645 0.07469238 -0.8575408
-0.4538097 0.1095655 -0.8843372
0.03449892 0.3543349 -0.9344819
-0.03449892 0.3543349 -0.9344819
-0.1095655 0.4538097 -0.8843371
-0.07469238 0.5089645 -0.8575408
0.07469238 0.5089645 -0.8575408
0.1095655 0.4538097 -0.8843372
0.3543349 -0.03449892 -0.9344819
0.3543349 0.03449892 -0.9344819
0.4538097 0.1095655 -0.8843371
0.5089645 0.07469238 -0.8575408
0.5089645 -0.07469238 -0.8575408
0.4538097 -0.1095655 -0.8843372
-0.03449892 -0.3543349 -0.9344819
0.03449892 -0.3543349 -0.9344819
0.1095655 -0.4538097 -0.8843371
0.07469238 -0.5089645 -0.8575408
-0.07469238 -0.5089645 -0.8575408
-0.1095655 -0.4538097 -0.8843372
0.9344819 -0.03449892 0.3543349
0.9344819 0.03449892 0.3543349
0.8843371 0.1095655 0.4538097
0.8575408 0.07469238 0.5089645
0.8575408 -0.07469238 0.5089645
0.8843371 -0.1095655 0.4538096
0.9344819 -0.3543349 -0.03449892
0.9344819 -0.3543349 0.03449892
0.8843371 -0.4538097 0.1095655
0.8575408 -0.5089645 0.07469238
0.8575408 -0.5089645 -0.07469238
0.8843371 -0.4538096 -0.1095655
0.9344819 0.03449892 -0.3543349
0.9344819 -0.03449892 -0.3543349
0.8843371 -0.1095655 -0.4538097
0.8575408 -0.07469238 -0.5089645
0.8575408 0.07469238 -0.5089645
0.8843371 0.1095655 -0.4538096
0.9344819 0.3543349 0.03449892
0.9344819 0.3543349 -0.03449892
0.8843371 0.4538097 -0.1095655
0.8575408 0.5089645 -0.07469238
0.8575408 0.5089645 0.07469238
0.8843371 0.4538096 0.1095655
0.3543349 0.03449892 0.9344819
0.3543349 -0.03449892 0.9344819
0.4538097 -0.1095655 0.8843371
0.5089645 -0.07469238 0.8575408
0.5089645 0.07469238 0.8575408
0.4538097 0.1095655 0.8843372
-0.03449892 0.3543349 0.9344819
0.03449892 0.3543349 0.9344819
0.1095655 0.4538097 0.8843371
0.07469238 0.5089645 0.8575408
-0.07469238 0.5089645 0.8575408
-0.1095655 0.4538097 0.8843372
-0.3543349 -0.03449892 0.9344819
-0.3543349 0.03449892 0.9344819
-0.4538097 0.1095655 0.8843371
-0.5089645 0.07469238 0.8575408
-0.5089645 -0.07469238 0.8575408
-0.4538097 -0.1095655 0.8843372
0.03449892 -0.3543349 0.9344819
-0.03449892 -0.3543349 0.9344819
-0.1095655 -0.4538097 0.8843371
-0.07469238 -0.5089645 0.8575408
0.07469238 -0.5089645 0.8575408
0.1095655 -0.4538097 0.8843372
-0.9344819 -0.03449892 -0.3543349
-0.9344819 0.03449892 -0.3543349
-0.8843371 0.1095655 -0.4538097
-0.8575408 0.07469238 -0.5089645
-0.8575408 -0.07469238 -0.5089645
-0.8843371 -0.1095655 -0.4538096
-0.9344819 -0.3543349 0.03449892
-0.9344819 -0.3543349 -0.03449892
-0.8843371 -0.4538097 -0.1095655
-0.8575408 -0.5089645 -0.07469238
-0.8575408 -0.5089645 0.07469238
-0.8843371 -0.4538096 0.1095655
-0.9344819 0.03449892 0.3543349
-0.9344819 -0.03449892 0.3543349
-0.8843371 -0.1095655 0.4538097
-0.8575408 -0.07469238 0.5089645
-0.8575408 0.07469238 0.5089645
-0.8843371 0.1095655 0.4538096
-0.9344819 0.3543349 -0.03449892
-0.9344819 0.3543349 0.03449892
-0.8843371 0.4538097 0.1095655
-0.8575408 0.5089645 0.07469238
-0.8575408 0.5089645 -0.07469238
-0.8843371 0.4538096 -0.1095655
0.03449892 0.9344819 0.3543349
-0.03449892 0.9344819 0.3543349
-0.1095655 0.8843371 0.4538097
-0.07469238 0.8575408 0.5089645
0.07469238 0.8575408 0.5089645
0.1095655 0.8843371 0.4538096
0.3543349 0.9344819 -0.03449892
0.3543349 0.9344819 0.03449892
0.4538097 0.8843371 0.1095655
0.5089645 0.8575408 0.07469238
0.5089645 0.8575408 -0.07469238
0.4538096 0.8843371 -0.1095655
-0.03449892 0.9344819 -0.3543349
0.03449892 0.9344819 -0.3543349
0.1095655 0.8843371 -0.4538097
0.07469238 0.8575408 -0.5089645
-0.07469238 0.8575408 -0.5089645
-0.1095655 0.8843371 -0.4538096
-0.3543349 0.9344819 0.03449892
-0.3543349 0.9344819 -0.03449892
-0.4538097 0.8843371 -0.1095655
-0.5089645 0.8575408 -0.07469238
-0.5089645 0.8575408 0.07469238
-0.4538096 0.8843371 0.1095655
0.03449892 -0.9344819 -0.3543349
-0.03449892 -0.9344819 -0.3543349
-0.1095655 -0.8843371 -0.4538097
-0.07469238 -0.8575408 -0.5089645
0.07469238 -0.8575408 -0.5089645
0.1095655 -0.8843371 -0.4538096
0.3543349 -0.9344819 0.03449892
0.3543349 -0.9344819 -0.03449892
0.4538097 -0.8843371 -0.1095655
0.5089645 -0.8575408 -0.07469238
0.5089645 -0.8575408 0.07469238
0.4538096 -0.8843371 0.1095655
-0.03449892 -0.9344819 0.3543349
0.03449892 -0.9344819 0.3543349
0.1095655 -0.8843371 0.4538097
0.07469238 -0.8575408 0.5089645
-0.07469238 -0.8575408 0.5089645
-0.1095655 -0.8843371 0.4538096
-0.3543349 -0.9344819 -0.03449892
-0.3543349 -0.9344819 0.03449892
-0.4538097 -0.8843371 0.1095655
-0.5089645 -0.8575408 0.07469238
-0.5089645 -0.8575408 -0.07469238
-0.4538096 -0.8843371 -0.1095655
-0.2532924 -0.03170617 -0.9668701
-0.2532924 0.03170617 -0.9668701
-0.152651 0.08385282 -0.9847164
-0.114063 0.05135608 -0.9921452
-0.114063 -0.05135608 -0.9921452
-0.152651 -0.08385282 -0.9847164
-0.5488802 -0.1886914 -0.8143255
-0.4909539 -0.2222656 -0.8423552
-0.4558829 -0.3643846 -0.8120312
-0.4973158 -0.4047401 -0.7673737
-0.6182746 -0.3403281 -0.7084584
-0.6350738 -0.2670001 -0.7248394
-0.4909538 0.2222656 -0.8423552
-0.5488802 0.1886914 -0.8143255
-0.6350738 0.2670001 -0.7248394
-0.6182746 0.3403282 -0.7084584
-0.4973157 0.4047401 -0.7673737
-0.4558829 0.3643846 -0.8120312
-0.03170617 0.2532924 -0.9668701
0.03170617 0.2532924 -0.9668701
0.08385282 0.152651 -0.9847164
0.05135608 0.114063 -0.9921452
-0.05135608 0.114063 -0.9921452
-0.08385282 0.152651 -0.9847164
-0.1886914 0.5488802 -0.8143255
-0.2222656 0.4909539 -0.8423552
-0.3643846 0.4558829 -0.8120312
-0.4047401 0.4973158 -0.7673737
-0.3403281 0.6182746 -0.7084584
-0.2670001 0.6350738 -0.7248394
0.2222656 0.4909538 -0.8423552
0.1886914 0.5488802 -0.8143255
0.2670001 0.6350738 -0.7248394
0.3403282 0.6182746 -0.7084584
0.4047401 0.4973157 -0.7673737
0.3643846 0.4558829 -0.8120312
0.2532924 0.03170617 -0.9668701
0.2532924 -0.03170617 -0.9668701
0.152651 -0.08385282 -0.9847164
0.114063 -0.05135608 -0.9921452
0.114063 0.05135608 -0.9921452
0.152651 0.08385282 -0.9847164
0.5488802 0.1886914 -0.8143255
0.4909539 0.2222656 -0.8423552
0.4558829 0.3643846 -0.8120312
0.4973158 0.4047401 -0.7673737
0.6182746 0.3403281 -0.7084584
0.6350738 0.2670001 -0.7248394
0.4909538 -0.2222656 -0.8423552
0.5488802 -0.1886914 -0.8143255
0.6350738 -0.2670001 -0.7248394
0.6182746 -0.3403282 -0.7084584
0.4973157 -0.4047401 -0.7673737
0.4558829 -0.3643846 -0.8120312
0.03170617 -0.2532924 -0.9668701
-0.03170617 -0.2532924 -0.9668701
-0.08385282 -0.152651 -0.9847164
-0.05135608 -0.114063 -0.9921452
0.05135608 -0.114063 -0.9921452
0.08385282 -0.152651 -0.9847164
0.1886914 -0.5488802 -0.8143255
0.2222656 -0.4909539 -0.8423552
0.3643846 -0.4558829 -0.8120312
0.4047401 -0.4973158 -0.7673737
0.3403281 -0.6182746 -0.7084584
0.2670001 -0.6350738 -0.7248394
-0.2222656 -0.4909538 -0.8423552
-0.1886914 -0.5488802 -0.8143255
-0.2670001 -0.6350738 -0.7248394
-0.3403282 -0.6182746 -0.7084584
-0.4047401 -0.4973157 -0.7673737
-0.3643846 -0.4558829 -0.8120312
0.9668701 0.03170617 0.2532924
0.9668701 -0.03170617 0.2532924
0.9847164 -0.08385282 0.152651
0.9921452 -0.05135608 0.114063
0.9921452 0.05135608 0.114063
0.9847164 0.08385282 0.152651
0.8143255 0.1886914 0.5488802
0.8423551 0.2222655 0.4909538
0.8120312 0.3643846 0.4558829
0.7673737 0.4047401 0.4973158
0.7084584 0.3403281 0.6182746
0.7248394 0.2670001 0.6350738
0.8423552 -0.2222656 0.4909538
0.8143255 -0.1886914 0.5488802
0.7248394 -0.2670001 0.6350738
0.7084584 -0.3403282 0.6182746
0.7673737 -0.4047401 0.4973157
0.8120312 -0.3643846 0.4558829
0.9668701 -0.2532924 0.03170617
0.9668701 -0.2532924 -0.03170617
0.9847164 -0.152651 -0.08385282
0.9921452 -0.114063 -0.05135608
0.9921452 -0.114063 0.05135608
0.9847164 -0.152651 0.08385282
0.8143255 -0.5488802 0.1886914
0.8423551 -0.4909538 0.2222655
0.8120312 -0.4558829 0.3643846
0.7673737 -0.4973158 0.4047401
0.7084584 -0.6182746 0.3403281
0.7248394 -0.6350738 0.2670001
0.8423552 -0.4909538 -0.2222656
0.8143255 -0.5488802 -0.1886914
0.7248394 -0.6350738 -0.2670001
0.7084584 -0.6182746 -0.3403282
0.7673737 -0.4973158 -0.4047401
0.8120312 -0.4558829 -0.3643846
0.9668701 -0.03170617 -0.2532924
0.9668701 0.03170617 -0.2532924
0.9847164 0.08385282 -0.152651
0.9921452 0.05135608 -0.114063
0.9921452 -0.05135608 -0.114063
0.9847164 -0.08385282 -0.152651
0.8143255 -0.1886914 -0.5488802
0.8423551 -0.2222655 -0.4909538
0.8120312 -0.3643846 -0.4558829
0.7673737 -0.4047401 -0.4973158
0.7084584 -0.3403281 -0.6182746
0.7248394 -0.2670001 -0.6350738
0.8423552 0.2222656 -0.4909538
0.8143255 0.1886914 -0.5488802
0.7248394 0.2670001 -0.6350738
0.7084584 0.3403282 -0.6182746
0.7673737 0.4047401 -0.4973157
0.8120312 0.3643846 -0.4558829
0.9668701 0.2532924 -0.03170617
0.9668701 0.2532924 0.03170617
0.9847164 0.152651 0.08385282
0.9921452 0.114063 0.05135608
0.9921452 0.114063 -0.05135608
0.9847164 0.152651 -0.08385282
0.8143255 0.5488802 -0.1886914
0.8423551 0.4909538 -0.2222655
0.8120312 0.4558829 -0.3643846
0.7673737 0.4973158 -0.4047401
0.7084584 0.6182746 -0.3403281
0.7248394 0.6350738 -0.2670001
0.8423552 0.4909538 0.2222656
0.8143255 0.5488802 0.1886914
0.7248394 0.6350738 0.2670001
0.7084584 0.6182746 0.3403282
0.7673737 0.4973158 0.4047401
0.8120312 0.4558829 0.3643846
0.2532924 -0.03170617 0.9668701
0.2532924 0.03170617 0.9668701
0.152651 0.08385282 0.9847164
0.114063 0.05135608 0.9921452
0.114063 -0.05135608 0.9921452
0.152651 -0.08385282 0.9847164
0.5488802 -0.1886914 0.8143255
0.4909539 -0.2222656 0.8423552
0.4558829 -0.3643846 0.8120312
0.4973158 -0.4047401 0.7673737
0.6182746 -0.3403281 0.7084584
0.6350738 -0.2670001 0.7248394
0.4909538 0.2222656 0.8423552
0.5488802 0.1886914 0.8143255
0.6350738 0.2670001 0.7248394
0.6182746 0.3403282 0.7084584
0.4973157 0.4047401 0.7673737
0.4558829 0.3643846 0.8120312
0.03170617 0.2532924 0.9668701
-0.03170617 0.2532924 0.9668701
-0.08385282 0.152651 0.9847164
-0.05135608 0.114063 0.9921452
0.05135608 0.114063 0.9921452
0.08385282 0.152651 0.9847164
0.1886914 0.5488802 0.8143255
0.2222656 0.4909539 0.8423552
0.3643846 0.4558829 0.8120312
0.4047401 0.4973158 0.7673737
0.3403281 0.6182746 0.7084584
0.2670001 0.6350738 0.7248394
-0.2222656 0.4909538 0.8423552
-0.1886914 0.5488802 0.8143255
-0.2670001 0.6350738 0.7248394
-0.3403282 0.6182746 0.7084584
-0.4047401 0.4973157 0.7673737
-0.3643846 0.4558829 0.8120312
-0.2532924 0.03170617 0.9668701
-0.2532924 -0.03170617 0.9668701
-0.152651 -0.08385282 0.9847164
-0.114063 -0.05135608 0.9921452
-0.114063 0.05135608 0.9921452
-0.152651 0.08385282 0.9847164
-0.5488802 0.1886914 0.8143255
-0.4909539 0.2222656 0.8423552
-0.4558829 0.3643846 0.8120312
-0.4973158 0.4047401 0.7673737
-0.6182746 0.3403281 0.7084584
-0.6350738 0.2670001 0.7248394
-0.4909538 -0.2222656 0.8423552
-0.5488802 -0.1886914 0.8143255
-0.6350738 -0.2670001 0.7248394
-0.6182746 -0.3403282 0.7084584
-0.4973157 -0.4047401 0.7673737
-0.4558829 -0.3643846 0.8120312
-0.03170617 -0.2532924 0.9668701
0.03170617 -0.2532924 0.9668701
0.08385282 -0.152651 0.9847164
0.05135608 -0.114063 0.9921452
-0.05135608 -0.114063 0.9921452
-0.08385282 -0.152651 0.9847164
-0.1886914 -0.5488802 0.8143255
-0.2222656 -0.4909539 0.8423552
-0.3643846 -0.4558829 0.8120312
-0.4047401 -0.4973158 0.7673737
-0.3403281 -0.6182746 0.7084584
-0.2670001 -0.6350738 0.7248394
0.2222656 -0.4909538 0.8423552
0.1886914 -0.5488802 0.8143255
0.2670001 -0.6350738 0.7248394
0.3403282 -0.6182746 0.7084584
0.4047401 -0.4973157 0.7673737
0.3643846 -0.4558829 0.8120312
-0.9668701 0.03170617 -0.2532924
-0.9668701 -0.03170617 -0.2532924
-0.9847164 -0.08385282 -0.152651
-0.9921452 -0.05135608 -0.114063
-0.9921452 0.05135608 -0.114063
-0.9847164 0.08385282 -0.152651
-0.8143255 0.1886914 -0.5488802
-0.8423551 0.2222655 -0.4909538
-0.8120312 0.3643846 -0.4558829
-0.7673737 0.4047401 -0.4973158
-0.7084584 0.3403281 -0.6182746
-0.7248394 0.2670001 -0.6350738
-0.8423552 -0.2222656 -0.4909538
-0.8143255 -0.1886914 -0.5488802
-0.7248394 -0.2670001 -0.6350738
-0.7084584 -0.3403282 -0.6182746
-0.7673737 -0.4047401 -0.4973157
-0.8120312 -0.3643846 -0.4558829
-0.9668701 -0.2532924 -0.03170617
-0.9668701 -0.2532924 0.03170617
-0.9847164 -0.152651 0.08385282
-0.9921452 -0.114063 0.05135608
-0.9921452 -0.114063 -0.05135608
-0.9847164 -0.152651 -0.08385282
-0.8143255 -0.5488802 -0.1886914
-0.8423551 -0.4909538 -0.2222655
-0.8120312 -0.4558829 -0.3643846
-0.7673737 -0.4973158 -0.4047401
-0.7084584 -0.6182746 -0.3403281
-0.7248394 -0.6350738 -0.2670001
-0.8423552 -0.4909538 0.2222656
-0.8143255 -0.5488802 0.1886914
-0.7248394 -0.6350738 0.2670001
-0.7084584 -0.6182746 0.3403282
-0.7673737 -0.4973158 0.4047401
-0.8120312 -0.4558829 0.3643846
-0.9668701 -0.03170617 0.2532924
-0.9668701 0.03170617 0.2532924
-0.9847164 0.08385282 0.152651
-0.9921452 0.05135608 0.114063
-0.9921452 -0.05135608 0.114063
-0.9847164 -0.08385282 0.152651
-0.8143255 -0.1886914 0.5488802
-0.8423551 -0.2222655 0.4909538
-0.8120312 -0.3643846 0.4558829
-0.7673737 -0.4047401 0.4973158
-0.7084584 -0.3403281 0.6182746
-0.7248394 -0.2670001 0.6350738
-0.8423552 0.2222656 0.4909538
-0.8143255 0.1886914 0.5488802
-0.7248394 0.2670001 0.6350738
-0.7084584 0.3403282 0.6182746
-0.7673737 0.4047401 0.4973157
-0.8120312 0.3643846 0.4558829
-0.9668701 0.2532924 0.03170617
-0.9668701 0.2532924 -0.03170617
-0.9847164 0.152651 -0.08385282
-0.9921452 0.114063 -0.05135608
-0.9921452 0.114063 0.05135608
-0.9847164 0.152651 0.08385282
-0.8143255 0.5488802 0.1886914
-0.8423551 0.4909538 0.2222655
-0.8120312 0.4558829 0.3643846
-0.7673737 0.4973158 0.4047401
-0.7084584 0.6182746 0.3403281
-0.7248394 0.6350738 0.2670001
-0.8423552 0.4909538 -0.2222656
-0.8143255 0.5488802 -0.1886914
-0.7248394 0.6350738 -0.2670001
-0.7084584 0.6182746 -0.3403282
-0.7673737 0.4973158 -0.4047401
-0.8120312 0.4558829 -0.3643846
-0.03170617 0.9668701 0.2532924
0.03170617 0.9668701 0.2532924
0.08385282 0.9847164 0.152651
0.05135608 0.9921452 0.114063
-0.05135608 0.9921452 0.114063
-0.08385282 0.9847164 0.152651
-0.1886914 0.8143255 0.5488802
-0.2222655 0.8423551 0.4909538
-0.3643846 0.8120312 0.4558829
-0.4047401 0.7673737 0.4973158
-0.3403281 0.7084584 0.6182746
-0.2670001 0.7248394 0.6350738
0.2222656 0.8423552 0.4909538
0.1886914 0.8143255 0.5488802
0.2670001 0.7248394 0.6350738
0.3403282 0.7084584 0.6182746
0.4047401 0.7673737 0.4973157
0.3643846 0.8120312 0.4558829
0.2532924 0.9668701 0.03170617
0.2532924 0.9668701 -0.03170617
0.152651 0.9847164 -0.08385282
0.114063 0.9921452 -0.05135608
0.114063 0.9921452 0.05135608
0.152651 0.9847164 0.08385282
0.5488802 0.8143255 0.1886914
0.4909538 0.8423551 0.2222655
0.4558829 0.8120312 0.3643846
0.4973158 0.7673737 0.4047401
0.6182746 0.7084584 0.3403281
0.6350738 0.7248394 0.2670001
0.4909538 0.8423552 -0.2222656
0.5488802 0.8143255 -0.1886914
0.6350738 0.7248394 -0.2670001
0.6182746 0.7084584 -0.3403282
0.4973158 0.7673737 -0.4047401
0.4558829 0.8120312 -0.3643846
0.03170617 0.9668701 -0.2532924
-0.03170617 0.9668701 -0.2532924
-0.08385282 0.9847164 -0.152651
-0.05135608 0.9921452 -0.114063
0.05135608 0.9921452 -0.114063
0.08385282 0.9847164 -0.152651
0.1886914 0.8143255 -0.5488802
0.2222655 0.8423551 -0.4909538
0.3643846 0.8120312 -0.4558829
0.4047401 0.7673737 -0.4973158
0.3403281 0.7084584 -0.6182746
0.2670001 0.7248394 -0.6350738
-0.2222656 0.8423552 -0.4909538
-0.1886914 0.8143255 -0.5488802
-0.2670001 0.7248394 -0.6350738
-0.3403282 0.7084584 -0.6182746
-0.4047401 0.7673737 -0.4973157
-0.3643846 0.8120312 -0.4558829
-0.2532924 0.9668701 -0.03170617
-0.2532924 0.9668701 0.03170617
-0.152651 0.9847164 0.08385282
-0.114063 0.9921452 0.05135608
-0.114063 0.9921452 -0.05135608
-0.152651 0.9847164 -0.08385282
-0.5488802 0.8143255 -0.1886914
-0.4909538 0.8423551 -0.2222655
-0.4558829 0.8120312 -0.3643846
-0.4973158 0.7673737 -0.4047401
-0.6182746 0.7084584 -0.3403281
-0.6350738 0.7248394 -0.2670001
-0.4909538 0.8423552 0.2222656
-0.5488802 0.8143255 0.1886914
-0.6350738 0.7248394 0.2670001
-0.6182746 0.7084584 0.3403282
-0.4973158 0.7673737 0.4047401
-0.4558829 0.8120312 0.3643846
-0.03170617 -0.9668701 -0.2532924
0.03170617 -0.9668701 -0.2532924
0.08385282 -0.9847164 -0.152651
0.05135608 -0.9921452 -0.114063
-0.05135608 -0.9921452 -0.114063
-0.08385282 -0.9847164 -0.152651
-0.1886914 -0.8143255 -0.5488802
-0.2222655 -0.8423551 -0.4909538
-0.3643846 -0.8120312 -0.4558829
-0.4047401 -0.7673737 -0.4973158
-0.3403281 -0.7084584 -0.6182746
-0.2670001 -0.7248394 -0.6350738
0.2222656 -0.8423552 -0.4909538
0.1886914 -0.8143255 -0.5488802
0.2670001 -0.7248394 -0.6350738
0.3403282 -0.7084584 -0.6182746
0.4047401 -0.7673737 -0.4973157
0.3643846 -0.8120312 -0.4558829
0.2532924 -0.9668701 -0.03170617
0.2532924 -0.9668701 0.03170617
0.152651 -0.9847164 0.08385282
0.114063 -0.9921452 0.05135608
0.114063 -0.9921452 -0.05135608
0.152651 -0.9847164 -0.08385282
0.5488802 -0.8143255 -0.1886914
0.4909538 -0.8423551 -0.2222655
0.4558829 -0.8120312 -0.3643846
0.4973158 -0.7673737 -0.4047401
0.6182746 -0.7084584 -0.3403281
0.6350738 -0.7248394 -0.2670001
0.4909538 -0.8423552 0.2222656
0.5488802 -0.8143255 0.1886914
0.6350738 -0.7248394 0.2670001
0.6182746 -0.7084584 0.3403282
0.4973158 -0.7673737 0.4047401
0.4558829 -0.8120312 0.3643846
0.03170617 -0.9668701 0.2532924
-0.03170617 -0.9668701 0.2532924
-0.08385282 -0.9847164 0.152651
-0.05135608 -0.9921452 0.114063
0.05135608 -0.9921452 0.114063
0.08385282 -0.9847164 0.152651
0.1886914 -0.8143255 0.5488802
0.2222655 -0.8423551 0.4909538
0.3643846 -0.8120312 0.4558829
0.4047401 -0.7673737 0.4973158
0.3403281 -0.7084584 0.6182746
0.2670001 -0.7248394 0.6350738
-0.2222656 -0.8423552 0.4909538
-0.1886914 -0.8143255 0.5488802
-0.2670001 -0.7248394 0.6350738
-0.3403282 -0.7084584 0.6182746
-0.4047401 -0.7673737 0.4973157
-0.3643846 -0.8120312 0.4558829
-0.2532924 -0.9668701 0.03170617
-0.2532924 -0.9668701 -0.03170617
-0.152651 -0.9847164 -0.08385282
-0.114063 -0.9921452 -0.05135608
-0.114063 -0.9921452 0.05135608
-0.152651 -0.9847164 0.08385282
-0.5488802 -0.8143255 0.1886914
-0.4909538 -0.8423551 0.2222655
-0.4558829 -0.8120312 0.3643846
-0.4973158 -0.7673737 0.4047401
-0.6182746 -0.7084584 0.3403281
-0.6350738 -0.7248394 0.2670001
-0.4909538 -0.8423552 -0.2222656
-0.5488802 -0.8143255 -0.1886914
-0.6350738 -0.7248394 -0.2670001
-0.6182746 -0.7084584 -0.3403282
-0.4973158 -0.7673737 -0.4047401
-0.4558829 -0.8120312 -0.3643846
-0.6606092 -0.03863443 -0.7497352
-0.6606092 0.03863443 -0.7497352
-0.5576711 0.1136839 -0.8222402
-0.5576711 -0.1136839 -0.8222402
-0.3239424 0.2386679 -0.9154775
-0.2796813 0.1974242 -0.9395755
-0.30116 0.06633165 -0.9512637
-0.4444632 0.1818824 -0.8771381
-0.2796813 -0.1974242 -0.9395755
-0.3239425 -0.2386679 -0.9154775
-0.4444633 -0.1818824 -0.8771381
-0.30116 -0.06633165 -0.9512637
-0.03863443 0.6606092 -0.7497352
0.03863443 0.6606092 -0.7497352
0.1136839 0.5576711 -0.8222402
-0.1136839 0.5576711 -0.8222402
0.2386679 0.3239424 -0.9154775
0.1974242 0.2796813 -0.9395755
0.06633165 0.30116 -0.9512637
0.1818824 0.4444632 -0.8771381
-0.1974242 0.2796813 -0.9395755
-0.2386679 0.3239425 -0.9154775
-0.1818824 0.4444633 -0.8771381
-0.06633165 0.30116 -0.9512637
0.6606092 0.03863443 -0.7497352
0.6606092 -0.03863443 -0.7497352
0.5576711 -0.1136839 -0.8222402
0.5576711 0.1136839 -0.8222402
0.3239424 -0.2386679 -0.9154775
0.2796813 -0.1974242 -0.9395755
0.30116 -0.06633165 -0.9512637
0.4444632 -0.1818824 -0.8771381
0.2796813 0.1974242 -0.9395755
0.3239425 0.2386679 -0.9154775
0.4444633 0.1818824 -0.8771381
0.30116 0.06633165 -0.9512637
0.03863443 -0.6606092 -0.7497352
-0.03863443 -0.6606092 -0.7497352
-0.1136839 -0.5576711 -0.8222402
0.1136839 -0.5576711 -0.8222402
-0.2386679 -0.3239424 -0.9154775
-0.1974242 -0.2796813 -0.9395755
-0.06633165 -0.30116 -0.9512637
-0.1818824 -0.4444632 -0.8771381
0.1974242 -0.2796813 -0.9395755
0.2386679 -0.3239425 -0.9154775
0.1818824 -0.4444633 -0.8771381
0.06633165 -0.30116 -0.9512637
0.7497352 0.03863443 0.6606092
0.7497352 -0.03863443 0.6606092
0.8222402 -0.1136839 0.5576711
0.8222402 0.1136839 0.5576711
0.9154775 -0.2386679 0.3239424
0.9395755 -0.1974242 0.2796813
0.9512637 -0.06633165 0.30116
0.8771381 -0.1818824 0.4444632
0.9395755 0.1974242 0.2796813
0.9154775 0.2386679 0.3239425
0.8771381 0.1818824 0.4444633
0.9512637 0.06633165 0.30116
0.7497352 -0.6606091 0.03863442
0.7497352 -0.6606091 -0.03863442
0.8222402 -0.5576711 -0.1136839
0.8222402 -0.5576711 0.1136839
0.9154775 -0.3239424 -0.2386679
0.9395755 -0.2796813 -0.1974242
0.9512637 -0.30116 -0.06633165
0.8771381 -0.4444632 -0.1818824
0.9395755 -0.2796813 0.1974242
0.9154775 -0.3239425 0.2386679
0.8771381 -0.4444633 0.1818824
0.9512637 -0.30116 0.06633165
0.7497352 -0.03863443 -0.6606092
0.7497352 0.03863443 -0.6606092
0.8222402 0.1136839 -0.5576711
0.8222402 -0.1136839 -0.5576711
0.9154775 0.2386679 -0.3239424
0.9395755 0.1974242 -0.2796813
0.9512637 0.06633165 -0.30116
0.8771381 0.1818824 -0.4444632
0.9395755 -0.1974242 -0.2796813
0.9154775 -0.2386679 -0.3239425
0.8771381 -0.1818824 -0.4444633
0.9512637 -0.06633165 -0.30116
0.7497352 0.6606091 -0.03863442
0.7497352 0.6606091 0.03863442
0.8222402 0.5576711 0.1136839
0.8222402 0.5576711 -0.1136839
0.9154775 0.3239424 0.2386679
0.9395755 0.2796813 0.1974242
0.9512637 0.30116 0.06633165
0.8771381 0.4444632 0.1818824
0.9395755 0.2796813 -0.1974242
0.9154775 0.3239425 -0.2386679
0.8771381 0.4444633 -0.1818824
0.9512637 0.30116 -0.06633165
0.6606092 -0.03863443 0.7497352
0.6606092 0.03863443 0.7497352
0.5576711 0.1136839 0.8222402
0.5576711 -0.1136839 0.8222402
0.3239424 0.2386679 0.9154775
0.2796813 0.1974242 0.9395755
0.30116 0.06633165 0.9512637
0.4444632 0.1818824 0.8771381
0.2796813 -0.1974242 0.9395755
0.3239425 -0.2386679 0.9154775
0.4444633 -0.1818824 0.8771381
0.30116 -0.06633165 0.9512637
0.03863443 0.6606092 0.7497352
-0.03863443 0.6606092 0.7497352
-0.1136839 0.5576711 0.8222402
0.1136839 0.5576711 0.8222402
-0.2386679 0.3239424 0.9154775
-0.1974242 0.2796813 0.9395755
-0.06633165 0.30116 0.9512637
-0.1818824 0.4444632 0.8771381
0.1974242 0.2796813 0.9395755
0.2386679 0.3239425 0.9154775
0.1818824 0.4444633 0.8771381
0.06633165 0.30116 0.9512637
-0.6606092 0.03863443 0.7497352
-0.6606092 -0.03863443 0.7497352
-0.5576711 -0.1136839 0.8222402
-0.5576711 0.1136839 0.8222402
-0.3239424 -0.2386679 0.9154775
-0.2796813 -0.1974242 0.9395755
-0.30116 -0.06633165 0.9512637
-0.4444632 -0.1818824 0.8771381
-0.2796813 0.1974242 0.9395755
-0.3239425 0.2386679 0.9154775
-0.4444633 0.1818824 0.8771381
-0.30116 0.06633165 0.9512637
-0.03863443 -0.6606092 0.7497352
0.03863443 -0.6606092 0.7497352
0.1136839 -0.5576711 0.8222402
-0.1136839 -0.5576711 0.8222402
0.2386679 -0.3239424 0.9154775
0.1974242 -0.2796813 0.9395755
0.06633165 -0.30116 0.9512637
0.1818824 -0.4444632 0.8771381
-0.1974242 -0.2796813 0.9395755
-0.2386679 -0.3239425 0.9154775
-0.1818824 -0.4444633 0.8771381
-0.06633165 -0.30116 0.9512637
-0.7497352 0.03863443 -0.6606092
-0.7497352 -0.03863443 -0.6606092
-0.8222402 -0.1136839 -0.5576711
-0.8222402 0.1136839 -0.5576711
-0.9154775 -0.2386679 -0.3239424
-0.9395755 -0.1974242 -0.2796813
-0.9512637 -0.06633165 -0.30116
-0.8771381 -0.1818824 -0.4444632
-0.9395755 0.1974242 -0.2796813
-0.9154775 0.2386679 -0.3239425
-0.8771381 0.1818824 -0.4444633
-0.9512637 0.06633165 -0.30116
-0.7497352 -0.6606091 -0.03863442
-0.7497352 -0.6606091 0.03863442
-0.8222402 -0.5576711 0.1136839
-0.8222402 -0.5576711 -0.1136839
-0.9154775 -0.3239424 0.2386679
-0.9395755 -0.2796813 0.1974242
-0.9512637 -0.30116 0.06633165
-0.8771381 -0.4444632 0.1818824
-0.9395755 -0.2796813 -0.1974242
-0.9154775 -0.3239425 -0.2386679
-0.8771381 -0.4444633 -0.1818824
-0.9512637 -0.30116 -0.06633165
-0.7497352 -0.03863443 0.6606092
-0.7497352 0.03863443 0.6606092
-0.8222402 0.1136839 0.5576711
-0.8222402 -0.1136839 0.5576711
-0.9154775 0.2386679 0.3239424
-0.9395755 0.1974242 0.2796813
-0.9512637 0.06633165 0.30116
-0.8771381 0.1818824 0.4444632
-0.9395755 -0.1974242 0.2796813
-0.9154775 -0.2386679 0.3239425
-0.8771381 -0.1818824 0.4444633
-0.9512637 -0.06633165 0.30116
-0.7497352 0.6606091 0.03863442
-0.7497352 0.6606091 -0.03863442
-0.8222402 0.5576711 -0.1136839
-0.8222402 0.5576711 0.1136839
-0.9154775 0.3239424 -0.2386679
-0.9395755 0.2796813 -0.1974242
-0.9512637 0.30116 -0.06633165
-0.8771381 0.4444632 -0.1818824
-0.9395755 0.2796813 0.1974242
-0.9154775 0.3239425 0.2386679
-0.8771381 0.4444633 0.1818824
-0.9512637 0.30116 0.06633165
-0.03863443 0.7497352 0.6606092
0.03863443 0.7497352 0.6606092
0.1136839 0.8222402 0.5576711
-0.1136839 0.8222402 0.5576711
0.2386679 0.9154775 0.3239424
0.1974242 0.9395755 0.2796813
0.06633165 0.9512637 0.30116
0.1818824 0.8771381 0.4444632
-0.1974242 0.9395755 0.2796813
-0.2386679 0.9154775 0.3239425
-0.1818824 0.8771381 0.4444633
-0.06633165 0.9512637 0.30116
0.6606091 0.7497352 0.03863442
0.6606091 0.7497352 -0.03863442
0.5576711 0.8222402 -0.1136839
0.5576711 0.8222402 0.1136839
0.3239424 0.9154775 -0.2386679
0.2796813 0.9395755 -0.1974242
0.30116 0.9512637 -0.06633165
0.4444632 0.8771381 -0.1818824
0.2796813 0.9395755 0.1974242
0.3239425 0.9154775 0.2386679
0.4444633 0.8771381 0.1818824
0.30116 0.9512637 0.06633165
0.03863443 0.7497352 -0.6606092
-0.03863443 0.7497352 -0.6606092
-0.1136839 0.8222402 -0.5576711
0.1136839 0.8222402 -0.5576711
-0.2386679 0.9154775 -0.3239424
-0.1974242 0.9395755 -0.2796813
-0.06633165 0.9512637 -0.30116
-0.1818824 0.8771381 -0.4444632
0.1974242 0.9395755 -0.2796813
0.2386679 0.9154775 -0.3239425
0.1818824 0.8771381 -0.4444633
0.06633165 0.9512637 -0.30116
-0.6606091 0.7497352 -0.03863442
-0.6606091 0.7497352 0.03863442
-0.5576711 0.8222402 0.1136839
-0.5576711 0.8222402 -0.1136839
-0.3239424 0.9154775 0.2386679
-0.2796813 0.9395755 0.1974242
-0.30116 0.9512637 0.06633165
-0.4444632 0.8771381 0.1818824
-0.2796813 0.9395755 -0.1974242
-0.3239425 0.9154775 -0.2386679
-0.4444633 0.8771381 -0.1818824
-0.30116 0.9512637 -0.06633165
-0.03863443 -0.7497352 -0.6606092
0.03863443 -0.7497352 -0.6606092
0.1136839 -0.8222402 -0.5576711
-0.1136839 -0.8222402 -0.5576711
0.2386679 -0.9154775 -0.3239424
0.1974242 -0.9395755 -0.2796813
0.06633165 -0.9512637 -0.30116
0.1818824 -0.8771381 -0.4444632
-0.1974242 -0.9395755 -0.2796813
-0.2386679 -0.9154775 -0.3239425
-0.1818824 -0.8771381 -0.4444633
-0.06633165 -0.9512637 -0.30116
0.6606091 -0.7497352 -0.03863442
0.6606091 -0.7497352 0.03863442
0.5576711 -0.8222402 0.1136839
0.5576711 -0.8222402 -0.1136839
0.3239424 -0.9154775 0.2386679
0.2796813 -0.9395755 0.1974242
0.30116 -0.9512637 0.06633165
0.4444632 -0.8771381 0.1818824
0.2796813 -0.9395755 -0.1974242
0.3239425 -0.9154775 -0.2386679
0.4444633 -0.8771381 -0.1818824
0.30116 -0.9512637 -0.06633165
0.03863443 -0.7497352 0.6606092
-0.03863443 -0.7497352 0.6606092
-0.1136839 -0.8222402 0.5576711
0.1136839 -0.8222402 0.5576711
-0.2386679 -0.9154775 0.3239424
-0.1974242 -0.9395755 0.2796813
-0.06633165 -0.9512637 0.30116
-0.1818824 -0.8771381 0.4444632
0.1974242 -0.9395755 0.2796813
0.2386679 -0.9154775 0.3239425
0.1818824 -0.8771381 0.4444633
0.06633165 -0.9512637 0.30116
-0.6606091 -0.7497352 0.03863442
-0.6606091 -0.7497352 -0.03863442
-0.5576711 -0.8222402 -0.1136839
-0.5576711 -0.8222402 0.1136839
-0.3239424 -0.9154775 -0.2386679
-0.2796813 -0.9395755 -0.1974242
-0.30116 -0.9512637 -0.06633165
-0.4444632 -0.8771381 -0.1818824
-0.2796813 -0.9395755 0.1974242
-0.3239425 -0.9154775 0.2386679
-0.4444633 -0.8771381 0.1818824
-0.30116 -0.9512637 0.06633165
-0.01479198 0.01479198 -0.9997813
-0.01479198 -0.01479198 -0.9997813
-0.06871487 -0.06871487 -0.9952671
-0.06871487 0.06871487 -0.9952671
-0.2192505 -0.2192505 -0.9507148
-0.1391192 -0.1391192 -0.9804549
-0.2192505 0.2192505 -0.9507148
-0.1391192 0.1391192 -0.9804549
-0.5450317 -0.5450317 -0.6370876
-0.6066314 -0.513806 -0.6066314
-0.654957 -0.3769121 -0.654957
-0.4721564 -0.4721564 -0.7444037
-0.7049876 -0.07736278 -0.7049876
-0.6881311 -0.2301116 -0.6881311
-0.3044697 -0.3044697 -0.90255
-0.3905613 -0.3905613 -0.8336208
-0.6066314 0.513806 -0.6066314
-0.5450317 0.5450317 -0.6370876
-0.4721564 0.4721564 -0.7444037
-0.654957 0.3769121 -0.654957
-0.3044697 0.3044697 -0.90255
-0.3905613 0.3905613 -0.8336208
-0.7049876 0.07736278 -0.7049876
-0.6881311 0.2301116 -0.6881311
0.01479198 0.01479198 -0.9997813
0.06871487 0.06871487 -0.9952671
0.2192505 0.2192505 -0.9507148
0.1391192 0.1391192 -0.9804549
-0.513806 0.6066314 -0.6066315
-0.3769121 0.654957 -0.654957
-0.07736278 0.7049876 -0.7049876
-0.2301116 0.6881311 -0.6881311
0.513806 0.6066314 -0.6066314
0.5450317 0.5450317 -0.6370876
0.4721564 0.4721564 -0.7444037
0.3769121 0.654957 -0.654957
0.3044697 0.3044697 -0.90255
0.3905613 0.3905613 -0.8336208
0.07736278 0.7049876 -0.7049876
0.2301116 0.6881311 -0.6881311
0.01479198 -0.01479198 -0.9997813
0.06871487 -0.06871487 -0.9952671
0.2192505 -0.2192505 -0.9507148
0.1391192 -0.1391192 -0.9804549
0.6066314 0.513806 -0.6066313
0.654957 0.3769121 -0.654957
0.7049876 0.07736278 -0.7049876
0.6881311 0.2301116 -0.6881311
0.6066314 -0.513806 -0.6066314
0.5450317 -0.5450317 -0.6370876
0.4721564 -0.4721564 -0.7444037
0.654957 -0.3769121 -0.654957
0.3044697 -0.3044697 -0.90255
0.3905613 -0.3905613 -0.8336208
0.7049876 -0.07736278 -0.7049876
0.6881311 -0.2301116 -0.6881311
0.513806 -0.6066314 -0.6066315
0.3769121 -0.654957 -0.654957
0.07736278 -0.7049876 -0.7049876
0.2301116 -0.6881311 -0.6881311
-0.513806 -0.6066314 -0.6066314
-0.3769121 -0.654957 -0.654957
-0.07736278 -0.7049876 -0.7049876
-0.2301116 -0.6881311 -0.6881311
0.9997811 -0.01479197 0.01479197
0.9997811 0.01479197 0.01479197
0.9952671 0.06871487 0.06871487
0.9952671 -0.06871487 0.06871487
0.9507148 0.2192505 0.2192505
0.9804549 0.1391192 0.1391192
0.9507148 -0.2192505 0.2192505
0.9804549 -0.1391192 0.1391192
0.6370876 0.5450317 0.5450317
0.6066314 0.513806 0.6066315
0.654957 0.3769121 0.654957
0.7444037 0.4721564 0.4721564
0.7049876 0.07736278 0.7049876
0.6881311 0.2301116 0.6881311
0.90255 0.3044697 0.3044697
0.8336208 0.3905613 0.3905613
0.6066314 -0.513806 0.6066314
0.6370876 -0.5450317 0.5450317
0.7444037 -0.4721564 0.4721564
0.654957 -0.3769121 0.654957
0.90255 -0.3044697 0.3044697
0.8336208 -0.3905613 0.3905613
0.7049876 -0.07736278 0.7049876
0.6881311 -0.2301116 0.6881311
0.9997811 -0.01479197 -0.01479197
0.9952671 -0.06871487 -0.06871487
0.9507148 -0.2192505 -0.2192505
0.9804549 -0.1391192 -0.1391192
0.6066315 -0.6066314 0.513806
0.654957 -0.654957 0.3769121
0.7049876 -0.7049876 0.07736278
0.6881311 -0.6881311 0.2301116
0.6066314 -0.6066314 -0.513806
0.6370876 -0.5450317 -0.5450317
0.7444037 -0.4721564 -0.4721564
0.654957 -0.654957 -0.3769121
0.90255 -0.3044697 -0.3044697
0.8336208 -0.3905613 -0.3905613
0.7049876 -0.7049876 -0.07736278
0.6881311 -0.6881311 -0.2301116
0.9997811 0.01479197 -0.01479197
0.9952671 0.06871487 -0.06871487
0.9507148 0.2192505 -0.2192505
0.9804549 0.1391192 -0.1391192
0.6370876 0.5450317 -0.5450317
0.7444037 0.4721564 -0.4721564
0.90255 0.3044697 -0.3044697
0.8336208 0.3905613 -0.3905613
0.6066315 0.6066314 -0.513806
0.654957 0.654957 -0.3769121
0.7049876 0.7049876 -0.07736278
0.6881311 0.6881311 -0.2301116
0.6066314 0.6066314 0.513806
0.654957 0.654957 0.3769121
0.7049876 0.7049876 0.07736278
0.6881311 0.6881311 0.2301116
0.01479198 0.01479198 0.9997813
0.01479198 -0.01479198 0.9997813
0.06871487 -0.06871487 0.9952671
0.06871487 0.06871487 0.9952671
0.2192505 -0.2192505 0.9507148
0.1391192 -0.1391192 0.9804549
0.2192505 0.2192505 0.9507148
0.1391192 0.1391192 0.9804549
0.5450317 -0.5450317 0.6370876
0.4721564 -0.4721564 0.7444037
0.3044697 -0.3044697 0.90255
0.3905613 -0.3905613 0.8336208
0.5450317 0.5450317 0.6370876
0.4721564 0.4721564 0.7444037
0.3044697 0.3044697 0.90255
0.3905613 0.3905613 0.8336208
-0.01479198 0.01479198 0.9997813
-0.06871487 0.06871487 0.9952671
-0.2192505 0.2192505 0.9507148
-0.1391192 0.1391192 0.9804549
0.513806 0.6066314 0.6066315
0.3769121 0.654957 0.654957
0.07736278 0.7049876 0.7049876
0.2301116 0.6881311 0.6881311
-0.513806 0.6066314 0.6066314
-0.5450317 0.5450317 0.6370876
-0.4721564 0.4721564 0.7444037
-0.3769121 0.654957 0.654957
-0.3044697 0.3044697 0.90255
-0.3905613 0.3905613 0.8336208
-0.07736278 0.7049876 0.7049876
-0.2301116 0.6881311 0.6881311
-0.01479198 -0.01479198 0.9997813
-0.06871487 -0.06871487 0.9952671
-0.2192505 -0.2192505 0.9507148
-0.1391192 -0.1391192 0.9804549
-0.6066314 0.513806 0.6066314
-0.654957 0.3769121 0.654957
-0.7049876 0.07736278 0.7049876
-0.6881311 0.2301116 0.6881311
-0.6066314 -0.513806 0.6066314
-0.5450317 -0.5450317 0.6370876
-0.4721564 -0.4721564 0.7444037
-0.654957 -0.3769121 0.654957
-0.3044697 -0.3044697 0.90255
-0.3905613 -0.3905613 0.8336208
-0.7049876 -0.07736278 0.7049876
-0.6881311 -0.2301116 0.6881311
-0.513806 -0.6066314 0.6066315
-0.3769121 -0.654957 0.654957
-0.07736278 -0.7049876 0.7049876
-0.2301116 -0.6881311 0.6881311
0.513806 -0.6066314 0.6066314
0.3769121 -0.654957 0.654957
0.07736278 -0.7049876 0.7049876
0.2301116 -0.6881311 0.6881311
-0.9997811 -0.01479197 -0.01479197
-0.9997811 0.01479197 -0.01479197
-0.9952671 0.06871487 -0.06871487
-0.9952671 -0.06871487 -0.06871487
-0.9507148 0.2192505 -0.2192505
-0.9804549 0.1391192 -0.1391192
-0.9507148 -0.2192505 -0.2192505
-0.9804549 -0.1391192 -0.1391192
-0.6370876 0.5450317 -0.5450317
-0.7444037 0.4721564 -0.4721564
-0.90255 0.3044697 -0.3044697
-0.8336208 0.3905613 -0.3905613
-0.6370876 -0.5450317 -0.5450317
-0.7444037 -0.4721564 -0.4721564
-0.90255 -0.3044697 -0.3044697
-0.8336208 -0.3905613 -0.3905613
-0.9997811 -0.01479197 0.01479197
-0.9952671 -0.06871487 0.06871487
-0.9507148 -0.2192505 0.2192505
-0.9804549 -0.1391192 0.1391192
-0.6066314 -0.6066314 -0.513806
-0.654957 -0.654957 -0.3769121
-0.7049876 -0.7049876 -0.07736278
-0.6881311 -0.6881311 -0.2301116
-0.6066314 -0.6066314 0.513806
-0.6370876 -0.5450317 0.5450317
-0.7444037 -0.4721564 0.4721564
-0.654957 -0.654957 0.3769121
-0.90255 -0.3044697 0.3044697
-0.8336208 -0.3905613 0.3905613
-0.7049876 -0.7049876 0.07736278
-0.6881311 -0.6881311 0.2301116
-0.9997811 0.01479197 0.01479197
-0.9952671 0.06871487 0.06871487
-0.9507148 0.2192505 0.2192505
-0.9804549 0.1391192 0.1391192
-0.6370876 0.5450317 0.5450317
-0.7444037 0.4721564 0.4721564
-0.90255 0.3044697 0.3044697
-0.8336208 0.3905613 0.3905613
-0.6066315 0.6066314 0.513806
-0.654957 0.654957 0.3769121
-0.7049876 0.7049876 0.07736278
-0.6881311 0.6881311 0.2301116
-0.6066314 0.6066314 -0.513806
-0.654957 0.654957 -0.3769121
-0.7049876 0.7049876 -0.07736278
-0.6881311 0.6881311 -0.2301116
0.01479197 0.9997811 0.01479197
-0.01479197 0.9997811 0.01479197
-0.06871487 0.9952671 0.06871487
0.06871487 0.9952671 0.06871487
-0.2192505 0.9507148 0.2192505
-0.1391192 0.9804549 0.1391192
0.2192505 0.9507148 0.2192505
0.1391192 0.9804549 0.1391192
-0.5450317 0.6370876 0.5450317
-0.4721564 0.7444037 0.4721564
-0.3044697 0.90255 0.3044697
-0.3905613 0.8336208 0.3905613
0.5450317 0.6370876 0.5450317
0.4721564 0.7444037 0.4721564
0.3044697 0.90255 0.3044697
0.3905613 0.8336208 0.3905613
0.01479197 0.9997811 -0.01479197
0.06871487 0.9952671 -0.06871487
0.2192505 0.9507148 -0.2192505
0.1391192 0.9804549 -0.1391192
0.5450317 0.6370876 -0.5450317
0.4721564 0.7444037 -0.4721564
0.3044697 0.90255 -0.3044697
0.3905613 0.8336208 -0.3905613
-0.01479197 0.9997811 -0.01479197
-0.06871487 0.9952671 -0.06871487
-0.2192505 0.9507148 -0.2192505
-0.1391192 0.9804549 -0.1391192
-0.5450317 0.6370876 -0.5450317
-0.4721564 0.7444037 -0.4721564
-0.3044697 0.90255 -0.3044697
-0.3905613 0.8336208 -0.3905613
0.01479197 -0.9997811 -0.01479197
-0.01479197 -0.9997811 -0.01479197
-0.06871487 -0.9952671 -0.06871487
0.06871487 -0.9952671 -0.06871487
-0.2192505 -0.9507148 -0.2192505
-0.1391192 -0.9804549 -0.1391192
0.2192505 -0.9507148 -0.2192505
0.1391192 -0.9804549 -0.1391192
-0.5450317 -0.6370876 -0.5450317
-0.4721564 -0.7444037 -0.4721564
-0.3044697 -0.90255 -0.3044697
-0.3905613 -0.8336208 -0.3905613
0.5450317 -0.6370876 -0.5450317
0.4721564 -0.7444037 -0.4721564
0.3044697 -0.90255 -0.3044697
0.3905613 -0.8336208 -0.3905613
0.01479197 -0.9997811 0.01479197
0.06871487 -0.9952671 0.06871487
0.2192505 -0.9507148 0.2192505
0.1391192 -0.9804549 0.1391192
0.5450317 -0.6370876 0.5450317
0.4721564 -0.7444037 0.4721564
0.3044697 -0.90255 0.3044697
0.3905613 -0.8336208 0.3905613
-0.01479197 -0.9997811 0.01479197
-0.06871487 -0.9952671 0.06871487
-0.2192505 -0.9507148 0.2192505
-0.1391192 -0.9804549 0.1391192
-0.5450317 -0.6370876 0.5450317
-0.4721564 -0.7444037 0.4721564
-0.3044697 -0.90255 0.3044697
-0.3905613 -0.8336208 0.3905613
-0.4591455 1.041318e-09 -0.8883611
-0.4328475 0.01807199 -0.9012859
-0.4328475 -0.01807199 -0.9012859
1.041318e-09 0.4591455 -0.8883611
0.01807199 0.4328475 -0.9012859
-0.01807199 0.4328475 -0.9012859
0.4591455 -1.041318e-09 -0.8883611
0.4328475 -0.01807199 -0.9012859
0.4328475 0.01807199 -0.9012859
-1.041318e-09 -0.4591455 -0.8883611
-0.01807199 -0.4328475 -0.9012859
0.01807199 -0.4328475 -0.9012859
0.8883611 -1.041318e-09 0.4591455
0.9012859 -0.01807199 0.4328475
0.9012859 0.01807199 0.4328475
0.8883611 -0.4591455 -1.041318e-09
0.9012859 -0.4328475 -0.01807199
0.9012859 -0.4328475 0.01807199
0.8883611 1.041318e-09 -0.4591455
0.9012859 0.01807199 -0.4328475
0.9012859 -0.01807199 -0.4328475
0.8883611 0.4591455 1.041318e-09
0.9012859 0.4328475 0.01807199
0.9012859 0.4328475 -0.01807199
0.4591455 1.041318e-09 0.8883611
0.4328475 0.01807199 0.9012859
0.4328475 -0.01807199 0.9012859
-1.041318e-09 0.4591455 0.8883611
-0.01807199 0.4328475 0.9012859
0.01807199 0.4328475 0.9012859
-0.4591455 -1.041318e-09 0.8883611
-0.4328475 -0.01807199 0.9012859
-0.4328475 0.01807199 0.9012859
1.041318e-09 -0.4591455 0.8883611
0.01807199 -0.4328475 0.9012859
-0.01807199 -0.4328475 0.9012859
-0.8883611 -1.041318e-09 -0.4591455
-0.9012859 -0.01807199 -0.4328475
-0.9012859 0.01807199 -0.4328475
-0.8883611 -0.4591455 1.041318e-09
-0.9012859 -0.4328475 0.01807199
-0.9012859 -0.4328475 -0.01807199
-0.8883611 1.041318e-09 0.4591455
-0.9012859 0.01807199 0.4328475
-0.9012859 -0.01807199 0.4328475
-0.8883611 0.4591455 -1.041318e-09
-0.9012859 0.4328475 -0.01807199
-0.9012859 0.4328475 0.01807199
1.041318e-09 0.8883611 0.4591455
0.01807199 0.9012859 0.4328475
-0.01807199 0.9012859 0.4328475
0.4591455 0.8883611 -1.041318e-09
0.4328475 0.9012859 -0.01807199
0.4328475 0.9012859 0.01807199
-1.041318e-09 0.8883611 -0.4591455
-0.01807199 0.9012859 -0.4328475
0.01807199 0.9012859 -0.4328475
-0.4591455 0.8883611 1.041318e-09
-0.4328475 0.9012859 0.01807199
-0.4328475 0.9012859 -0.01807199
1.041318e-09 -0.8883611 -0.4591455
0.01807199 -0.9012859 -0.4328475
-0.01807199 -0.9012859 -0.4328475
0.4591455 -0.8883611 1.041318e-09
0.4328475 -0.9012859 0.01807199
0.4328475 -0.9012859 -0.01807199
-1.041318e-09 -0.8883611 0.4591455
-0.01807199 -0.9012859 0.4328475
0.01807199 -0.9012859 0.4328475
-0.4591455 -0.8883611 -1.041318e-09
-0.4328475 -0.9012859 -0.01807199
-0.4328475 -0.9012859 0.01807199
-0.1605865 4.864153e-11 -0.9870218
-0.1827634 -0.01452505 -0.9830496
-0.1827634 0.01452505 -0.9830496
-0.5488939 -0.3187134 -0.7727466
-0.5574484 -0.2824145 -0.7807005
-0.5277243 -0.2988491 -0.7951077
-0.5488939 0.3187134 -0.7727466
-0.5277243 0.2988491 -0.7951077
-0.5574484 0.2824145 -0.7807005
4.864153e-11 0.1605865 -0.9870218
-0.01452505 0.1827634 -0.9830496
0.01452505 0.1827634 -0.9830496
-0.3187134 0.5488939 -0.7727466
-0.2824145 0.5574484 -0.7807005
-0.2988491 0.5277243 -0.7951077
0.3187134 0.5488939 -0.7727466
0.2988491 0.5277243 -0.7951077
0.2824145 0.5574484 -0.7807005
0.1605865 -4.864153e-11 -0.9870218
0.1827634 0.01452505 -0.9830496
0.1827634 -0.01452505 -0.9830496
0.5488939 0.3187134 -0.7727466
0.5574484 0.2824145 -0.7807005
0.5277243 0.2988491 -0.7951077
0.5488939 -0.3187134 -0.7727466
0.5277243 -0.2988491 -0.7951077
0.5574484 -0.2824145 -0.7807005
-4.864153e-11 -0.1605865 -0.9870218
0.01452505 -0.1827634 -0.9830496
-0.01452505 -0.1827634 -0.9830496
0.3187134 -0.5488939 -0.7727466
0.2824145 -0.5574484 -0.7807005
0.2988491 -0.5277243 -0.7951077
-0.3187134 -0.5488939 -0.7727466
-0.2988491 -0.5277243 -0.7951077
-0.2824145 -0.5574484 -0.7807005
0.9870218 -4.864153e-11 0.1605865
0.9830496 0.01452505 0.1827634
0.9830496 -0.01452505 0.1827634
0.7727466 0.3187134 0.5488939
0.7807005 0.2824145 0.5574484
0.7951077 0.2988491 0.5277243
0.7727466 -0.3187134 0.5488939
0.7951077 -0.2988491 0.5277243
0.7807005 -0.2824145 0.5574484
0.9870218 -0.1605865 -4.864153e-11
0.9830496 -0.1827634 0.01452505
0.9830496 -0.1827634 -0.01452505
0.7727466 -0.5488939 0.3187134
0.7807005 -0.5574484 0.2824145
0.7951077 -0.5277243 0.2988491
0.7727466 -0.5488939 -0.3187134
0.7951077 -0.5277243 -0.2988491
0.7807005 -0.5574484 -0.2824145
0.9870218 4.864153e-11 -0.1605865
0.9830496 -0.01452505 -0.1827634
0.9830496 0.01452505 -0.1827634
0.7727466 -0.3187134 -0.5488939
0.7807005 -0.2824145 -0.5574484
0.7951077 -0.2988491 -0.5277243
0.7727466 0.3187134 -0.5488939
0.7951077 0.2988491 -0.5277243
0.7807005 0.2824145 -0.5574484
0.9870218 0.1605865 4.864153e-11
0.9830496 0.1827634 -0.01452505
0.9830496 0.1827634 0.01452505
0.7727466 0.5488939 -0.3187134
0.7807005 0.5574484 -0.2824145
0.7951077 0.5277243 -0.2988491
0.7727466 0.5488939 0.3187134
0.7951077 0.5277243 0.2988491
0.7807005 0.5574484 0.2824145
0.1605865 4.864153e-11 0.9870218
0.1827634 -0.01452505 0.9830496
0.1827634 0.01452505 0.9830496
0.5488939 -0.3187134 0.7727466
0.5574484 -0.2824145 0.7807005
0.5277243 -0.2988491 0.7951077
0.5488939 0.3187134 0.7727466
0.5277243 0.2988491 0.7951077
0.5574484 0.2824145 0.7807005
-4.864153e-11 0.1605865 0.9870218
0.01452505 0.1827634 0.9830496
-0.01452505 0.1827634 0.9830496
0.3187134 0.5488939 0.7727466
0.2824145 0.5574484 0.7807005
0.2988491 0.5277243 0.7951077
-0.3187134 0.5488939 0.7727466
-0.2988491 0.5277243 0.7951077
-0.2824145 0.5574484 0.7807005
-0.1605865 -4.864153e-11 0.9870218
-0.1827634 0.01452505 0.9830496
-0.1827634 -0.01452505 0.9830496
-0.5488939 0.3187134 0.7727466
-0.5574484 0.2824145 0.7807005
-0.5277243 0.2988491 0.7951077
-0.5488939 -0.3187134 0.7727466
-0.5277243 -0.2988491 0.7951077
-0.5574484 -0.2824145 0.7807005
4.864153e-11 -0.1605865 0.9870218
-0.01452505 -0.1827634 0.9830496
0.01452505 -0.1827634 0.9830496
-0.3187134 -0.5488939 0.7727466
-0.2824145 -0.5574484 0.7807005
-0.2988491 -0.5277243 0.7951077
0.3187134 -0.5488939 0.7727466
0.2988491 -0.5277243 0.7951077
0.2824145 -0.5574484 0.7807005
-0.9870218 -4.864153e-11 -0.1605865
-0.9830496 0.01452505 -0.1827634
-0.9830496 -0.01452505 -0.1827634
-0.7727466 0.3187134 -0.5488939
-0.7807005 0.2824145 -0.5574484
-0.7951077 0.2988491 -0.5277243
-0.7727466 -0.3187134 -0.5488939
-0.7951077 -0.2988491 -0.5277243
-0.7807005 -0.2824145 -0.5574484
-0.9870218 -0.1605865 4.864153e-11
-0.9830496 -0.1827634 -0.01452505
-0.9830496 -0.1827634 0.01452505
-0.7727466 -0.5488939 -0.3187134
-0.7807005 -0.5574484 -0.2824145
-0.7951077 -0.5277243 -0.2988491
-0.7727466 -0.5488939 0.3187134
-0.7951077 -0.5277243 0.2988491
-0.7807005 -0.5574484 0.2824145
-0.9870218 4.864153e-11 0.1605865
-0.9830496 -0.01452505 0.1827634
-0.9830496 0.01452505 0.1827634
-0.7727466 -0.3187134 0.5488939
-0.7807005 -0.2824145 0.5574484
-0.7951077 -0.2988491 0.5277243
-0.7727466 0.3187134 0.5488939
-0.7951077 0.2988491 0.5277243
-0.7807005 0.2824145 0.5574484
-0.9870218 0.1605865 -4.864153e-11
-0.9830496 0.1827634 0.01452505
-0.9830496 0.1827634 -0.01452505
-0.7727466 0.5488939 0.3187134
-0.7807005 0.5574484 0.2824145
-0.7951077 0.5277243 0.2988491
-0.7727466 0.5488939 -0.3187134
-0.7951077 0.5277243 -0.2988491
-0.7807005 0.5574484 -0.2824145
4.864153e-11 0.9870218 0.1605865
-0.01452505 0.9830496 0.1827634
0.01452505 0.9830496 0.1827634
-0.3187134 0.7727466 0.5488939
-0.2824145 0.7807005 0.5574484
-0.2988491 0.7951077 0.5277243
0.3187134 0.7727466 0.5488939
0.2988491 0.7951077 0.5277243
0.2824145 0.7807005 0.5574484
0.1605865 0.9870218 -4.864153e-11
0.1827634 0.9830496 0.01452505
0.1827634 0.9830496 -0.01452505
0.5488939 0.7727466 0.3187134
0.5574484 0.7807005 0.2824145
0.5277243 0.7951077 0.2988491
0.5488939 0.7727466 -0.3187134
0.5277243 0.7951077 -0.2988491
0.5574484 0.7807005 -0.2824145
-4.864153e-11 0.9870218 -0.1605865
0.01452505 0.9830496 -0.1827634
-0.01452505 0.9830496 -0.1827634
0.3187134 0.7727466 -0.5488939
0.2824145 0.7807005 -0.5574484
0.2988491 0.7951077 -0.5277243
-0.3187134 0.7727466 -0.5488939
-0.2988491 0.7951077 -0.5277243
-0.2824145 0.7807005 -0.5574484
-0.1605865 0.9870218 4.864153e-11
-0.1827634 0.9830496 -0.01452505
-0.1827634 0.9830496 0.01452505
-0.5488939 0.7727466 -0.3187134
-0.5574484 0.7807005 -0.2824145
-0.5277243 0.7951077 -0.2988491
-0.5488939 0.7727466 0.3187134
-0.5277243 0.7951077 0.2988491
-0.5574484 0.7807005 0.2824145
4.864153e-11 -0.9870218 -0.1605865
-0.01452505 -0.9830496 -0.1827634
0.01452505 -0.9830496 -0.1827634
-0.3187134 -0.7727466 -0.5488939
-0.2824145 -0.7807005 -0.5574484
-0.2988491 -0.7951077 -0.5277243
0.3187134 -0.7727466 -0.5488939
0.2988491 -0.7951077 -0.5277243
0.2824145 -0.7807005 -0.5574484
0.1605865 -0.9870218 4.864153e-11
0.1827634 -0.9830496 -0.01452505
0.1827634 -0.9830496 0.01452505
0.5488939 -0.7727466 -0.3187134
0.5574484 -0.7807005 -0.2824145
0.5277243 -0.7951077 -0.2988491
0.5488939 -0.7727466 0.3187134
0.5277243 -0.7951077 0.2988491
0.5574484 -0.7807005 0.2824145
-4.864153e-11 -0.9870218 0.1605865
0.01452505 -0.9830496 0.1827634
-0.01452505 -0.9830496 0.1827634
0.3187134 -0.7727466 0.5488939
0.2824145 -0.7807005 0.5574484
0.2988491 -0.7951077 0.5277243
-0.3187134 -0.7727466 0.5488939
-0.2988491 -0.7951077 0.5277243
-0.2824145 -0.7807005 0.5574484
-0.1605865 -0.9870218 -4.864153e-11
-0.1827634 -0.9830496 0.01452505
-0.1827634 -0.9830496 -0.01452505
-0.5488939 -0.7727466 0.3187134
-0.5574484 -0.7807005 0.2824145
-0.5277243 -0.7951077 0.2988491
-0.5488939 -0.7727466 -0.3187134
-0.5277243 -0.7951077 -0.2988491
-0.5574484 -0.7807005 -0.2824145
-0.5626826 7.976968e-11 -0.826673
-0.5878134 -0.01910589 -0.808771
-0.5878134 0.01910589 -0.808771
-0.3731382 0.1224717 -0.9196568
-0.36815 0.1571547 -0.9163885
-0.3446751 0.1374883 -0.928599
-0.3731382 -0.1224717 -0.9196568
-0.3446751 -0.1374883 -0.928599
-0.36815 -0.1571547 -0.9163885
7.976968e-11 0.5626826 -0.826673
-0.01910589 0.5878134 -0.808771
0.01910589 0.5878134 -0.808771
0.1224717 0.3731382 -0.9196568
0.1571547 0.36815 -0.9163885
0.1374883 0.3446751 -0.928599
-0.1224717 0.3731382 -0.9196568
-0.1374883 0.3446751 -0.928599
-0.1571547 0.36815 -0.9163885
0.5626826 -7.976968e-11 -0.826673
0.5878134 0.01910589 -0.808771
0.5878134 -0.01910589 -0.808771
0.3731382 -0.1224717 -0.9196568
0.36815 -0.1571547 -0.9163885
0.3446751 -0.1374883 -0.928599
0.3731382 0.1224717 -0.9196568
0.3446751 0.1374883 -0.928599
0.36815 0.1571547 -0.9163885
-7.976968e-11 -0.5626826 -0.826673
0.01910589 -0.5878134 -0.808771
-0.01910589 -0.5878134 -0.808771
-0.1224717 -0.3731382 -0.9196568
-0.1571547 -0.36815 -0.9163885
-0.1374883 -0.3446751 -0.928599
0.1224717 -0.3731382 -0.9196568
0.1374883 -0.3446751 -0.928599
0.1571547 -0.36815 -0.9163885
0.826673 -7.976968e-11 0.5626826
0.808771 0.01910589 0.5878134
0.808771 -0.01910589 0.5878134
0.9196568 -0.1224717 0.3731382
0.9163886 -0.1571547 0.36815
0.928599 -0.1374883 0.3446751
0.9196568 0.1224717 0.3731382
0.928599 0.1374883 0.3446751
0.9163885 0.1571547 0.36815
0.826673 -0.5626826 -7.976968e-11
0.808771 -0.5878134 0.01910589
0.808771 -0.5878134 -0.01910589
0.9196568 -0.3731382 -0.1224717
0.9163885 -0.36815 -0.1571547
0.928599 -0.3446751 -0.1374883
0.9196568 -0.3731382 0.1224717
0.928599 -0.3446751 0.1374883
0.9163885 -0.36815 0.1571547
0.826673 7.976968e-11 -0.5626826
0.808771 -0.01910589 -0.5878134
0.808771 0.01910589 -0.5878134
0.9196568 0.1224717 -0.3731382
0.9163886 0.1571547 -0.36815
0.928599 0.1374883 -0.3446751
0.9196568 -0.1224717 -0.3731382
0.928599 -0.1374883 -0.3446751
0.9163885 -0.1571547 -0.36815
0.826673 0.5626826 7.976968e-11
0.808771 0.5878134 -0.01910589
0.808771 0.5878134 0.01910589
0.9196568 0.3731382 0.1224717
0.9163885 0.36815 0.1571547
0.928599 0.3446751 0.1374883
0.9196568 0.3731382 -0.1224717
0.928599 0.3446751 -0.1374883
0.9163885 0.36815 -0.1571547
0.5626826 7.976968e-11 0.826673
0.5878134 -0.01910589 0.808771
0.5878134 0.01910589 0.808771
0.3731382 0.1224717 0.9196568
0.36815 0.1571547 0.9163885
0.3446751 0.1374883 0.928599
0.3731382 -0.1224717 0.9196568
0.3446751 -0.1374883 0.928599
0.36815 -0.1571547 0.9163885
-7.976968e-11 0.5626826 0.826673
0.01910589 0.5878134 0.808771
-0.01910589 0.5878134 0.808771
-0.1224717 0.3731382 0.9196568
-0.1571547 0.36815 0.9163885
-0.1374883 0.3446751 0.928599
0.1224717 0.3731382 0.9196568
0.1374883 0.3446751 0.928599
0.1571547 0.36815 0.9163885
-0.5626826 -7.976968e-11 0.826673
-0.5878134 0.01910589 0.808771
-0.5878134 -0.01910589 0.808771
-0.3731382 -0.1224717 0.9196568
-0.36815 -0.1571547 0.9163885
-0.3446751 -0.1374883 0.928599
-0.3731382 0.1224717 0.9196568
-0.3446751 0.1374883 0.928599
-0.36815 0.1571547 0.9163885
7.976968e-11 -0.5626826 0.826673
-0.01910589 -0.5878134 0.808771
0.01910589 -0.5878134 0.808771
0.1224717 -0.3731382 0.9196568
0.1571547 -0.36815 0.9163885
0.1374883 -0.3446751 0.928599
-0.1224717 -0.3731382 0.9196568
-0.1374883 -0.3446751 0.928599
-0.1571547 -0.36815 0.9163885
-0.826673 -7.976968e-11 -0.5626826
-0.808771 0.01910589 -0.5878134
-0.808771 -0.01910589 -0.5878134
-0.9196568 -0.1224717 -0.3731382
-0.9163886 -0.1571547 -0.36815
-0.928599 -0.1374883 -0.3446751
-0.9196568 0.1224717 -0.3731382
-0.928599 0.1374883 -0.3446751
-0.9163885 0.1571547 -0.36815
-0.826673 -0.5626826 7.976968e-11
-0.808771 -0.5878134 -0.01910589
-0.808771 -0.5878134 0.01910589
-0.9196568 -0.3731382 0.1224717
-0.9163885 -0.36815 0.1571547
-0.928599 -0.3446751 0.1374883
-0.9196568 -0.3731382 -0.1224717
-0.928599 -0.3446751 -0.1374883
-0.9163885 -0.36815 -0.1571547
-0.826673 7.976968e-11 0.5626826
-0.808771 -0.01910589 0.5878134
-0.808771 0.01910589 0.5878134
-0.9196568 0.1224717 0.3731382
-0.9163886 0.1571547 0.36815
-0.928599 0.1374883 0.3446751
-0.9196568 -0.1224717 0.3731382
-0.928599 -0.1374883 0.3446751
-0.9163885 -0.1571547 0.36815
-0.826673 0.5626826 -7.976968e-11
-0.808771 0.5878134 0.01910589
-0.808771 0.5878134 -0.01910589
-0.9196568 0.3731382 -0.1224717
-0.9163885 0.36815 -0.1571547
-0.928599 0.3446751 -0.1374883
-0.9196568 0.3731382 0.1224717
-0.928599 0.3446751 0.1374883
-0.9163885 0.36815 0.1571547
7.976968e-11 0.826673 0.5626826
-0.01910589 0.808771 0.5878134
0.01910589 0.808771 0.5878134
0.1224717 0.9196568 0.3731382
0.1571547 0.9163886 0.36815
0.1374883 0.928599 0.3446751
-0.1224717 0.9196568 0.3731382
-0.1374883 0.928599 0.3446751
-0.1571547 0.9163885 0.36815
0.5626826 0.826673 -7.976968e-11
0.5878134 0.808771 0.01910589
0.5878134 0.808771 -0.01910589
0.3731382 0.9196568 -0.1224717
0.36815 0.9163885 -0.1571547
0.3446751 0.928599 -0.1374883
0.3731382 0.9196568 0.1224717
0.3446751 0.928599 0.1374883
0.36815 0.9163885 0.1571547
-7.976968e-11 0.826673 -0.5626826
0.01910589 0.808771 -0.5878134
-0.01910589 0.808771 -0.5878134
-0.1224717 0.9196568 -0.3731382
-0.1571547 0.9163886 -0.36815
-0.1374883 0.928599 -0.3446751
0.1224717 0.9196568 -0.3731382
0.1374883 0.928599 -0.3446751
0.1571547 0.9163885 -0.36815
-0.5626826 0.826673 7.976968e-11
-0.5878134 0.808771 -0.01910589
-0.5878134 0.808771 0.01910589
-0.3731382 0.9196568 0.1224717
-0.36815 0.9163885 0.1571547
-0.3446751 0.928599 0.1374883
-0.3731382 0.9196568 -0.1224717
-0.3446751 0.928599 -0.1374883
-0.36815 0.9163885 -0.1571547
7.976968e-11 -0.826673 -0.5626826
-0.01910589 -0.808771 -0.5878134
0.01910589 -0.808771 -0.5878134
0.1224717 -0.9196568 -0.3731382
0.1571547 -0.9163886 -0.36815
0.1374883 -0.928599 -0.3446751
-0.1224717 -0.9196568 -0.3731382
-0.1374883 -0.928599 -0.3446751
-0.1571547 -0.9163885 -0.36815
0.5626826 -0.826673 7.976968e-11
0.5878134 -0.808771 -0.01910589
0.5878134 -0.808771 0.01910589
0.3731382 -0.9196568 0.1224717
0.36815 -0.9163885 0.1571547
0.3446751 -0.928599 0.1374883
0.3731382 -0.9196568 -0.1224717
0.3446751 -0.928599 -0.1374883
0.36815 -0.9163885 -0.1571547
-7.976968e-11 -0.826673 0.5626826
0.01910589 -0.808771 0.5878134
-0.01910589 -0.808771 0.5878134
-0.1224717 -0.9196568 0.3731382
-0.1571547 -0.9163886 0.36815
-0.1374883 -0.928599 0.3446751
0.1224717 -0.9196568 0.3731382
0.1374883 -0.928599 0.3446751
0.1571547 -0.9163885 0.36815
-0.5626826 -0.826673 -7.976968e-11
-0.5878134 -0.808771 0.01910589
-0.5878134 -0.808771 -0.01910589
-0.3731382 -0.9196568 -0.1224717
-0.36815 -0.9163885 -0.1571547
-0.3446751 -0.928599 -0.1374883
-0.3731382 -0.9196568 0.1224717
-0.3446751 -0.928599 0.1374883
-0.36815 -0.9163885 0.1571547
-0.07909114 3.878915e-11 -0.9968674
-0.06100268 0.01068234 -0.9980804
-0.06100268 -0.01068234 -0.9980804
-0.2205729 -0.1077787 -0.9693974
-0.2146568 -0.1382858 -0.9668503
-0.2424958 -0.1263428 -0.9618905
-0.2205729 0.1077787 -0.9693974
-0.2424958 0.1263428 -0.9618905
-0.2146568 0.1382858 -0.9668503
-0.5674533 -0.4277563 -0.7035776
-0.5551282 -0.4618866 -0.6917322
-0.5857456 -0.4459982 -0.6767479
-0.6263552 -0.1725243 -0.7602068
-0.652586 -0.1539242 -0.7419156
-0.6306481 -0.13447 -0.7643302
-0.4222695 -0.2881926 -0.8594378
-0.3998691 -0.267351 -0.8767144
-0.3907233 -0.3017953 -0.8696291
-0.5674533 0.4277563 -0.7035776
-0.5857456 0.4459982 -0.6767479
-0.5551282 0.4618866 -0.6917322
-0.4222695 0.2881926 -0.8594378
-0.3907233 0.3017953 -0.8696291
-0.3998691 0.267351 -0.8767144
-0.6263552 0.1725243 -0.7602068
-0.6306481 0.13447 -0.7643302
-0.652586 0.1539242 -0.7419157
3.878915e-11 0.07909114 -0.9968674
0.01068234 0.06100268 -0.9980804
-0.01068234 0.06100268 -0.9980804
-0.1077787 0.2205729 -0.9693974
-0.1382858 0.2146568 -0.9668503
-0.1263428 0.2424958 -0.9618905
0.1077787 0.2205729 -0.9693974
0.1263428 0.2424958 -0.9618905
0.1382858 0.2146568 -0.9668503
-0.4277563 0.5674533 -0.7035776
-0.4618866 0.5551282 -0.6917322
-0.4459982 0.5857456 -0.6767479
-0.1725243 0.6263552 -0.7602068
-0.1539242 0.652586 -0.7419156
-0.13447 0.6306481 -0.7643302
-0.2881926 0.4222695 -0.8594378
-0.267351 0.3998691 -0.8767144
-0.3017953 0.3907233 -0.8696291
0.4277563 0.5674533 -0.7035776
0.4459982 0.5857456 -0.6767479
0.4618866 0.5551282 -0.6917322
0.2881926 0.4222695 -0.8594378
0.3017953 0.3907233 -0.8696291
0.267351 0.3998691 -0.8767144
0.1725243 0.6263552 -0.7602068
0.13447 0.6306481 -0.7643302
0.1539242 0.652586 -0.7419157
0.07909114 -3.878915e-11 -0.9968674
0.06100268 -0.01068234 -0.9980804
0.06100268 0.01068234 -0.9980804
0.2205729 0.1077787 -0.9693974
0.2146568 0.1382858 -0.9668503
0.2424958 0.1263428 -0.9618905
0.2205729 -0.1077787 -0.9693974
0.2424958 -0.1263428 -0.9618905
0.2146568 -0.1382858 -0.9668503
0.5674533 0.4277563 -0.7035776
0.5551282 0.4618866 -0.6917322
0.5857456 0.4459982 -0.6767479
0.6263552 0.1725243 -0.7602068
0.652586 0.1539242 -0.7419156
0.6306481 0.13447 -0.7643302
0.4222695 0.2881926 -0.8594378
0.3998691 0.267351 -0.8767144
0.3907233 0.3017953 -0.8696291
0.5674533 -0.4277563 -0.7035776
0.5857456 -0.4459982 -0.6767479
0.5551282 -0.4618866 -0.6917322
0.4222695 -0.2881926 -0.8594378
0.3907233 -0.3017953 -0.8696291
0.3998691 -0.267351 -0.8767144
0.6263552 -0.1725243 -0.7602068
0.6306481 -0.13447 -0.7643302
0.652586 -0.1539242 -0.7419157
-3.878915e-11 -0.07909114 -0.9968674
-0.01068234 -0.06100268 -0.9980804
0.01068234 -0.06100268 -0.9980804
0.1077787 -0.2205729 -0.9693974
0.1382858 -0.2146568 -0.9668503
0.1263428 -0.2424958 -0.9618905
-0.1077787 -0.2205729 -0.9693974
-0.1263428 -0.2424958 -0.9618905
-0.1382858 -0.2146568 -0.9668503
0.4277563 -0.5674533 -0.7035776
0.4618866 -0.5551282 -0.6917322
0.4459982 -0.5857456 -0.6767479
0.1725243 -0.6263552 -0.7602068
0.1539242 -0.652586 -0.7419156
0.13447 -0.6306481 -0.7643302
0.2881926 -0.4222695 -0.8594378
0.267351 -0.3998691 -0.8767144
0.3017953 -0.3907233 -0.8696291
-0.4277563 -0.5674533 -0.7035776
-0.4459982 -0.5857456 -0.6767479
-0.4618866 -0.5551282 -0.6917322
-0.2881926 -0.4222695 -0.8594378
-0.3017953 -0.3907233 -0.8696291
-0.267351 -0.3998691 -0.8767144
-0.1725243 -0.6263552 -0.7602068
-0.13447 -0.6306481 -0.7643302
-0.1539242 -0.652586 -0.7419157
0.9968674 -3.878915e-11 0.07909114
0.9980804 -0.01068234 0.06100268
0.9980804 0.01068234 0.06100268
0.9693974 0.1077787 0.2205729
0.9668503 0.1382858 0.2146568
0.9618905 0.1263428 0.2424958
0.9693974 -0.1077787 0.2205729
0.9618905 -0.1263428 0.2424958
0.9668503 -0.1382858 0.2146568
0.7035776 0.4277562 0.5674532
0.6917322 0.4618866 0.5551282
0.6767479 0.4459983 0.5857456
0.7602068 0.1725243 0.6263552
0.7419156 0.1539242 0.652586
0.7643302 0.13447 0.6306481
0.8594378 0.2881926 0.4222695
0.8767144 0.267351 0.3998691
0.8696291 0.3017953 0.3907233
0.7035776 -0.4277562 0.5674532
0.6767479 -0.4459983 0.5857456
0.6917322 -0.4618866 0.5551282
0.8594378 -0.2881926 0.4222695
0.8696291 -0.3017953 0.3907233
0.8767144 -0.267351 0.3998691
0.7602068 -0.1725243 0.6263552
0.7643302 -0.13447 0.6306481
0.7419157 -0.1539242 0.652586
0.9968674 -0.07909114 -3.878915e-11
0.9980804 -0.06100268 -0.01068234
0.9980804 -0.06100268 0.01068234
0.9693974 -0.2205729 0.1077787
0.9668503 -0.2146568 0.1382858
0.9618905 -0.2424958 0.1263428
0.9693974 -0.2205729 -0.1077787
0.9618905 -0.2424958 -0.1263428
0.9668503 -0.2146568 -0.1382858
0.7035776 -0.5674532 0.4277562
0.6917322 -0.5551282 0.4618866
0.6767479 -0.5857456 0.4459982
0.7602068 -0.6263552 0.1725243
0.7419156 -0.652586 0.1539242
0.7643302 -0.6306481 0.13447
0.8594378 -0.4222695 0.2881926
0.8767144 -0.3998691 0.267351
0.8696291 -0.3907233 0.3017953
0.7035776 -0.5674532 -0.4277562
0.6767479 -0.5857456 -0.4459982
0.6917322 -0.5551282 -0.4618866
0.8594378 -0.4222695 -0.2881926
0.8696291 -0.3907233 -0.3017953
0.8767144 -0.3998691 -0.267351
0.7602068 -0.6263552 -0.1725243
0.7643302 -0.6306481 -0.13447
0.7419156 -0.652586 -0.1539242
0.9968674 3.878915e-11 -0.07909114
0.9980804 0.01068234 -0.06100268
0.9980804 -0.01068234 -0.06100268
0.9693974 -0.1077787 -0.2205729
0.9668503 -0.1382858 -0.2146568
0.9618905 -0.1263428 -0.2424958
0.9693974 0.1077787 -0.2205729
0.9618905 0.1263428 -0.2424958
0.9668503 0.1382858 -0.2146568
0.7035776 -0.4277562 -0.5674532
0.6917322 -0.4618866 -0.5551282
0.6767479 -0.4459983 -0.5857456
0.7602068 -0.1725243 -0.6263552
0.7419156 -0.1539242 -0.652586
0.7643302 -0.13447 -0.6306481
0.8594378 -0.2881926 -0.4222695
0.8767144 -0.267351 -0.3998691
0.8696291 -0.3017953 -0.3907233
0.7035776 0.4277562 -0.5674532
0.6767479 0.4459983 -0.5857456
0.6917322 0.4618866 -0.5551282
0.8594378 0.2881926 -0.4222695
0.8696291 0.3017953 -0.3907233
0.8767144 0.267351 -0.3998691
0.7602068 0.1725243 -0.6263552
0.7643302 0.13447 -0.6306481
0.7419156 0.1539242 -0.652586
0.9968674 0.07909114 3.878915e-11
0.9980804 0.06100268 0.01068234
0.9980804 0.06100268 -0.01068234
0.9693974 0.2205729 -0.1077787
0.9668503 0.2146568 -0.1382858
0.9618905 0.2424958 -0.1263428
0.9693974 0.2205729 0.1077787
0.9618905 0.2424958 0.1263428
0.9668503 0.2146568 0.1382858
0.7035776 0.5674532 -0.4277562
0.6917322 0.5551282 -0.4618866
0.6767479 0.5857456 -0.4459982
0.7602068 0.6263552 -0.1725243
0.7419156 0.652586 -0.1539242
0.7643302 0.6306481 -0.13447
0.8594378 0.4222695 -0.2881926
0.8767144 0.3998691 -0.267351
0.8696291 0.3907233 -0.3017953
0.7035776 0.5674532 0.4277562
0.6767479 0.5857456 0.4459982
0.6917322 0.5551282 0.4618866
0.8594378 0.4222695 0.2881926
0.8696291 0.3907233 0.3017953
0.8767144 0.3998691 0.267351
0.7602068 0.6263552 0.1725243
0.7643302 0.6306481 0.13447
0.7419156 0.652586 0.1539242
0.07909114 3.878915e-11 0.9968674
0.06100268 0.01068234 0.9980804
0.06100268 -0.01068234 0.9980804
0.2205729 -0.1077787 0.9693974
0.2146568 -0.1382858 0.9668503
0.2424958 -0.1263428 0.9618905
0.2205729 0.1077787 0.9693974
0.2424958 0.1263428 0.9618905
0.2146568 0.1382858 0.9668503
0.5674533 -0.4277563 0.7035776
0.5551282 -0.4618866 0.6917322
0.5857456 -0.4459982 0.6767479
0.6263552 -0.1725243 0.7602068
0.652586 -0.1539242 0.7419156
0.6306481 -0.13447 0.7643302
0.4222695 -0.2881926 0.8594378
0.3998691 -0.267351 0.8767144
0.3907233 -0.3017953 0.8696291
0.5674533 0.4277563 0.7035776
0.5857456 0.4459982 0.6767479
0.5551282 0.4618866 0.6917322
0.4222695 0.2881926 0.8594378
0.3907233 0.3017953 0.8696291
0.3998691 0.267351 0.8767144
0.6263552 0.1725243 0.7602068
0.6306481 0.13447 0.7643302
0.652586 0.1539242 0.7419156
-3.878915e-11 0.07909114 0.9968674
-0.01068234 0.06100268 0.9980804
0.01068234 0.06100268 0.9980804
0.1077787 0.2205729 0.9693974
0.1382858 0.2146568 0.9668503
0.1263428 0.2424958 0.9618905
-0.1077787 0.2205729 0.9693974
-0.1263428 0.2424958 0.9618905
-0.1382858 0.2146568 0.9668503
0.4277563 0.5674533 0.7035776
0.4618866 0.5551282 0.6917322
0.4459982 0.5857456 0.6767479
0.1725243 0.6263552 0.7602068
0.1539242 0.652586 0.7419156
0.13447 0.6306481 0.7643302
0.2881926 0.4222695 0.8594378
0.267351 0.3998691 0.8767144
0.3017953 0.3907233 0.8696291
-0.4277563 0.5674533 0.7035776
-0.4459982 0.5857456 0.6767479
-0.4618866 0.5551282 0.6917322
-0.2881926 0.4222695 0.8594378
-0.3017953 0.3907233 0.8696291
-0.267351 0.3998691 0.8767144
-0.1725243 0.6263552 0.7602068
-0.13447 0.6306481 0.7643302
-0.1539242 0.652586 0.7419157
-0.07909114 -3.878915e-11 0.9968674
-0.06100268 -0.01068234 0.9980804
-0.06100268 0.01068234 0.9980804
-0.2205729 0.1077787 0.9693974
-0.2146568 0.1382858 0.9668503
-0.2424958 0.1263428 0.9618905
-0.2205729 -0.1077787 0.9693974
-0.2424958 -0.1263428 0.9618905
-0.2146568 -0.1382858 0.9668503
-0.5674533 0.4277563 0.7035776
-0.5551282 0.4618866 0.6917322
-0.5857456 0.4459982 0.6767479
-0.6263552 0.1725243 0.7602068
-0.652586 0.1539242 0.7419156
-0.6306481 0.13447 0.7643302
-0.4222695 0.2881926 0.8594378
-0.3998691 0.267351 0.8767144
-0.3907233 0.3017953 0.8696291
-0.5674533 -0.4277563 0.7035776
-0.5857456 -0.4459982 0.6767479
-0.5551282 -0.4618866 0.6917322
-0.4222695 -0.2881926 0.8594378
-0.3907233 -0.3017953 0.8696291
-0.3998691 -0.267351 0.8767144
-0.6263552 -0.1725243 0.7602068
-0.6306481 -0.13447 0.7643302
-0.652586 -0.1539242 0.7419157
3.878915e-11 -0.07909114 0.9968674
0.01068234 -0.06100268 0.9980804
-0.01068234 -0.06100268 0.9980804
-0.1077787 -0.2205729 0.9693974
-0.1382858 -0.2146568 0.9668503
-0.1263428 -0.2424958 0.9618905
0.1077787 -0.2205729 0.9693974
0.1263428 -0.2424958 0.9618905
0.1382858 -0.2146568 0.9668503
-0.4277563 -0.5674533 0.7035776
-0.4618866 -0.5551282 0.6917322
-0.4459982 -0.5857456 0.6767479
-0.1725243 -0.6263552 0.7602068
-0.1539242 -0.652586 0.7419156
-0.13447 -0.6306481 0.7643302
-0.2881926 -0.4222695 0.8594378
-0.267351 -0.3998691 0.8767144
-0.3017953 -0.3907233 0.8696291
0.4277563 -0.5674533 0.7035776
0.4459982 -0.5857456 0.6767479
0.4618866 -0.5551282 0.6917322
0.2881926 -0.4222695 0.8594378
0.3017953 -0.3907233 0.8696291
0.267351 -0.3998691 0.8767144
0.1725243 -0.6263552 0.7602068
0.13447 -0.6306481 0.7643302
0.1539242 -0.652586 0.7419157
-0.9968674 -3.878915e-11 -0.07909114
-0.9980804 -0.01068234 -0.06100268
-0.9980804 0.01068234 -0.06100268
-0.9693974 0.1077787 -0.2205729
-0.9668503 0.1382858 -0.2146568
-0.9618905 0.1263428 -0.2424958
-0.9693974 -0.1077787 -0.2205729
-0.9618905 -0.1263428 -0.2424958
-0.9668503 -0.1382858 -0.2146568
-0.7035776 0.4277562 -0.5674532
-0.6917322 0.4618866 -0.5551282
-0.6767479 0.4459983 -0.5857456
-0.7602068 0.1725243 -0.6263552
-0.7419156 0.1539242 -0.652586
-0.7643302 0.13447 -0.6306481
-0.8594378 0.2881926 -0.4222695
-0.8767144 0.267351 -0.3998691
-0.8696291 0.3017953 -0.3907233
-0.7035776 -0.4277562 -0.5674532
-0.6767479 -0.4459983 -0.5857456
-0.6917322 -0.4618866 -0.5551282
-0.8594378 -0.2881926 -0.4222695
-0.8696291 -0.3017953 -0.3907233
-0.8767144 -0.267351 -0.3998691
-0.7602068 -0.1725243 -0.6263552
-0.7643302 -0.13447 -0.6306481
-0.7419156 -0.1539242 -0.652586
-0.9968674 -0.07909114 3.878915e-11
-0.9980804 -0.06100268 0.01068234
-0.9980804 -0.06100268 -0.01068234
-0.9693974 -0.2205729 -0.1077787
-0.9668503 -0.2146568 -0.1382858
-0.9618905 -0.2424958 -0.1263428
-0.9693974 -0.2205729 0.1077787
-0.9618905 -0.2424958 0.1263428
-0.9668503 -0.2146568 0.1382858
-0.7035776 -0.5674532 -0.4277562
-0.6917322 -0.5551282 -0.4618866
-0.6767479 -0.5857456 -0.4459982
-0.7602068 -0.6263552 -0.1725243
-0.7419156 -0.652586 -0.1539242
-0.7643302 -0.6306481 -0.13447
-0.8594378 -0.4222695 -0.2881926
-0.8767144 -0.3998691 -0.267351
-0.8696291 -0.3907233 -0.3017953
-0.7035776 -0.5674532 0.4277562
-0.6767479 -0.5857456 0.4459982
-0.6917322 -0.5551282 0.4618866
-0.8594378 -0.4222695 0.2881926
-0.8696291 -0.3907233 0.3017953
-0.8767144 -0.3998691 0.267351
-0.7602068 -0.6263552 0.1725243
-0.7643302 -0.6306481 0.13447
-0.7419156 -0.652586 0.1539242
-0.9968674 3.878915e-11 0.07909114
-0.9980804 0.01068234 0.06100268
-0.9980804 -0.01068234 0.06100268
-0.9693974 -0.1077787 0.2205729
-0.9668503 -0.1382858 0.2146568
-0.9618905 -0.1263428 0.2424958
-0.9693974 0.1077787 0.2205729
-0.9618905 0.1263428 0.2424958
-0.9668503 0.1382858 0.2146568
-0.7035776 -0.4277562 0.5674532
-0.6917322 -0.4618866 0.5551282
-0.6767479 -0.4459983 0.5857456
-0.7602068 -0.1725243 0.6263552
-0.7419156 -0.1539242 0.652586
-0.7643302 -0.13447 0.6306481
-0.8594378 -0.2881926 0.4222695
-0.8767144 -0.267351 0.3998691
-0.8696291 -0.3017953 0.3907233
-0.7035776 0.4277562 0.5674532
-0.6767479 0.4459983 0.5857456
-0.6917322 0.4618866 0.5551282
-0.8594378 0.2881926 0.4222695
-0.8696291 0.3017953 0.3907233
-0.8767144 0.267351 0.3998691
-0.7602068 0.1725243 0.6263552
-0.7643302 0.13447 0.6306481
-0.7419156 0.1539242 0.652586
-0.9968674 0.07909114 -3.878915e-11
-0.9980804 0.06100268 -0.01068234
-0.9980804 0.06100268 0.01068234
-0.9693974 0.2205729 0.1077787
-0.9668503 0.2146568 0.1382858
-0.9618905 0.2424958 0.1263428
-0.9693974 0.2205729 -0.1077787
-0.9618905 0.2424958 -0.1263428
-0.9668503 0.2146568 -0.1382858
-0.7035776 0.5674532 0.4277562
-0.6917322 0.5551282 0.4618866
-0.6767479 0.5857456 0.4459982
-0.7602068 0.6263552 0.1725243
-0.7419156 0.652586 0.1539242
-0.7643302 0.6306481 0.13447
-0.8594378 0.4222695 0.2881926
-0.8767144 0.3998691 0.267351
-0.8696291 0.3907233 0.3017953
-0.7035776 0.5674532 -0.4277562
-0.6767479 0.5857456 -0.4459982
-0.6917322 0.5551282 -0.4618866
-0.8594378 0.4222695 -0.2881926
-0.8696291 0.3907233 -0.3017953
-0.8767144 0.3998691 -0.267351
-0.7602068 0.6263552 -0.1725243
-0.7643302 0.6306481 -0.13447
-0.7419156 0.652586 -0.1539242
3.878915e-11 0.9968674 0.07909114
0.01068234 0.9980804 0.06100268
-0.01068234 0.9980804 0.06100268
-0.1077787 0.9693974 0.2205729
-0.1382858 0.9668503 0.2146568
-0.1263428 0.9618905 0.2424958
0.1077787 0.9693974 0.2205729
0.1263428 0.9618905 0.2424958
0.1382858 0.9668503 0.2146568
-0.4277562 0.7035776 0.5674532
-0.4618866 0.6917322 0.5551282
-0.4459983 0.6767479 0.5857456
-0.1725243 0.7602068 0.6263552
-0.1539242 0.7419156 0.652586
-0.13447 0.7643302 0.6306481
-0.2881926 0.8594378 0.4222695
-0.267351 0.8767144 0.3998691
-0.3017953 0.8696291 0.3907233
0.4277562 0.7035776 0.5674532
0.4459983 0.6767479 0.5857456
0.4618866 0.6917322 0.5551282
0.2881926 0.8594378 0.4222695
0.3017953 0.8696291 0.3907233
0.267351 0.8767144 0.3998691
0.1725243 0.7602068 0.6263552
0.13447 0.7643302 0.6306481
0.1539242 0.7419156 0.652586
0.07909114 0.9968674 -3.878915e-11
0.06100268 0.9980804 -0.01068234
0.06100268 0.9980804 0.01068234
0.2205729 0.9693974 0.1077787
0.2146568 0.9668503 0.1382858
0.2424958 0.9618905 0.1263428
0.2205729 0.9693974 -0.1077787
0.2424958 0.9618905 -0.1263428
0.2146568 0.9668503 -0.1382858
0.5674532 0.7035776 0.4277562
0.5551282 0.6917322 0.4618866
0.5857456 0.6767479 0.4459982
0.6263552 0.7602068 0.1725243
0.652586 0.7419156 0.1539242
0.6306481 0.7643302 0.13447
0.4222695 0.8594378 0.2881926
0.3998691 0.8767144 0.267351
0.3907233 0.8696291 0.3017953
0.5674532 0.7035776 -0.4277562
0.5857456 0.6767479 -0.4459982
0.5551282 0.6917322 -0.4618866
0.4222695 0.8594378 -0.2881926
0.3907233 0.8696291 -0.3017953
0.3998691 0.8767144 -0.267351
0.6263552 0.7602068 -0.1725243
0.6306481 0.7643302 -0.13447
0.652586 0.7419156 -0.1539242
-3.878915e-11 0.9968674 -0.07909114
-0.01068234 0.9980804 -0.06100268
0.01068234 0.9980804 -0.06100268
0.1077787 0.9693974 -0.2205729
0.1382858 0.9668503 -0.2146568
0.1263428 0.9618905 -0.2424958
-0.1077787 0.9693974 -0.2205729
-0.1263428 0.9618905 -0.2424958
-0.1382858 0.9668503 -0.2146568
0.4277562 0.7035776 -0.5674532
0.4618866 0.6917322 -0.5551282
0.4459983 0.6767479 -0.5857456
0.1725243 0.7602068 -0.6263552
0.1539242 0.7419156 -0.652586
0.13447 0.7643302 -0.6306481
0.2881926 0.8594378 -0.4222695
0.267351 0.8767144 -0.3998691
0.3017953 0.8696291 -0.3907233
-0.4277562 0.7035776 -0.5674532
-0.4459983 0.6767479 -0.5857456
-0.4618866 0.6917322 -0.5551282
-0.2881926 0.8594378 -0.4222695
-0.3017953 0.8696291 -0.3907233
-0.267351 0.8767144 -0.3998691
-0.1725243 0.7602068 -0.6263552
-0.13447 0.7643302 -0.6306481
-0.1539242 0.7419156 -0.652586
-0.07909114 0.9968674 3.878915e-11
-0.06100268 0.9980804 0.01068234
-0.06100268 0.9980804 -0.01068234
-0.2205729 0.9693974 -0.1077787
-0.2146568 0.9668503 -0.1382858
-0.2424958 0.9618905 -0.1263428
-0.2205729 0.9693974 0.1077787
-0.2424958 0.9618905 0.1263428
-0.2146568 0.9668503 0.1382858
-0.5674532 0.7035776 -0.4277562
-0.5551282 0.6917322 -0.4618866
-0.5857456 0.6767479 -0.4459982
-0.6263552 0.7602068 -0.1725243
-0.652586 0.7419156 -0.1539242
-0.6306481 0.7643302 -0.13447
-0.4222695 0.8594378 -0.2881926
-0.3998691 0.8767144 -0.267351
-0.3907233 0.8696291 -0.3017953
-0.5674532 0.7035776 0.4277562
-0.5857456 0.6767479 0.4459982
-0.5551282 0.6917322 0.4618866
-0.4222695 0.8594378 0.2881926
-0.3907233 0.8696291 0.3017953
-0.3998691 0.8767144 0.267351
-0.6263552 0.7602068 0.1725243
-0.6306481 0.7643302 0.13447
-0.652586 0.7419156 0.1539242
3.878915e-11 -0.9968674 -0.07909114
0.01068234 -0.9980804 -0.06100268
-0.01068234 -0.9980804 -0.06100268
-0.1077787 -0.9693974 -0.2205729
-0.1382858 -0.9668503 -0.2146568
-0.1263428 -0.9618905 -0.2424958
0.1077787 -0.9693974 -0.2205729
0.1263428 -0.9618905 -0.2424958
0.1382858 -0.9668503 -0.2146568
-0.4277562 -0.7035776 -0.5674532
-0.4618866 -0.6917322 -0.5551282
-0.4459983 -0.6767479 -0.5857456
-0.1725243 -0.7602068 -0.6263552
-0.1539242 -0.7419156 -0.652586
-0.13447 -0.7643302 -0.6306481
-0.2881926 -0.8594378 -0.4222695
-0.267351 -0.8767144 -0.3998691
-0.3017953 -0.8696291 -0.3907233
0.4277562 -0.7035776 -0.5674532
0.4459983 -0.6767479 -0.5857456
0.4618866 -0.6917322 -0.5551282
0.2881926 -0.8594378 -0.4222695
0.3017953 -0.8696291 -0.3907233
0.267351 -0.8767144 -0.3998691
0.1725243 -0.7602068 -0.6263552
0.13447 -0.7643302 -0.6306481
0.1539242 -0.7419156 -0.652586
0.07909114 -0.9968674 3.878915e-11
0.06100268 -0.9980804 0.01068234
0.06100268 -0.9980804 -0.01068234
0.2205729 -0.9693974 -0.1077787
0.2146568 -0.9668503 -0.1382858
0.2424958 -0.9618905 -0.1263428
0.2205729 -0.9693974 0.1077787
0.2424958 -0.9618905 0.1263428
0.2146568 -0.9668503 0.1382858
0.5674532 -0.7035776 -0.4277562
0.5551282 -0.6917322 -0.4618866
0.5857456 -0.6767479 -0.4459982
0.6263552 -0.7602068 -0.1725243
0.652586 -0.7419156 -0.1539242
0.6306481 -0.7643302 -0.13447
0.4222695 -0.8594378 -0.2881926
0.3998691 -0.8767144 -0.267351
0.3907233 -0.8696291 -0.3017953
0.5674532 -0.7035776 0.4277562
0.5857456 -0.6767479 0.4459982
0.5551282 -0.6917322 0.4618866
0.4222695 -0.8594378 0.2881926
0.3907233 -0.8696291 0.3017953
0.3998691 -0.8767144 0.267351
0.6263552 -0.7602068 0.1725243
0.6306481 -0.7643302 0.13447
0.652586 -0.7419156 0.1539242
-3.878915e-11 -0.9968674 0.07909114
-0.01068234 -0.9980804 0.06100268
0.01068234 -0.9980804 0.06100268
0.1077787 -0.9693974 0.2205729
0.1382858 -0.9668503 0.2146568
0.1263428 -0.9618905 0.2424958
-0.1077787 -0.9693974 0.2205729
-0.1263428 -0.9618905 0.2424958
-0.1382858 -0.9668503 0.2146568
0.4277562 -0.7035776 0.5674532
0.4618866 -0.6917322 0.5551282
0.4459983 -0.6767479 0.5857456
0.1725243 -0.7602068 0.6263552
0.1539242 -0.7419156 0.652586
0.13447 -0.7643302 0.6306481
0.2881926 -0.8594378 0.4222695
0.267351 -0.8767144 0.3998691
0.3017953 -0.8696291 0.3907233
-0.4277562 -0.7035776 0.5674532
-0.4459983 -0.6767479 0.5857456
-0.4618866 -0.6917322 0.5551282
-0.2881926 -0.8594378 0.4222695
-0.3017953 -0.8696291 0.3907233
-0.267351 -0.8767144 0.3998691
-0.1725243 -0.7602068 0.6263552
-0.13447 -0.7643302 0.6306481
-0.1539242 -0.7419156 0.652586
-0.07909114 -0.9968674 -3.878915e-11
-0.06100268 -0.9980804 -0.01068234
-0.06100268 -0.9980804 0.01068234
-0.2205729 -0.9693974 0.1077787
-0.2146568 -0.9668503 0.1382858
-0.2424958 -0.9618905 0.1263428
-0.2205729 -0.9693974 -0.1077787
-0.2424958 -0.9618905 -0.1263428
-0.2146568 -0.9668503 -0.1382858
-0.5674532 -0.7035776 0.4277562
-0.5551282 -0.6917322 0.4618866
-0.5857456 -0.6767479 0.4459982
-0.6263552 -0.7602068 0.1725243
-0.652586 -0.7419156 0.1539242
-0.6306481 -0.7643302 0.13447
-0.4222695 -0.8594378 0.2881926
-0.3998691 -0.8767144 0.267351
-0.3907233 -0.8696291 0.3017953
-0.5674532 -0.7035776 -0.4277562
-0.5857456 -0.6767479 -0.4459982
-0.5551282 -0.6917322 -0.4618866
-0.4222695 -0.8594378 -0.2881926
-0.3907233 -0.8696291 -0.3017953
-0.3998691 -0.8767144 -0.267351
-0.6263552 -0.7602068 -0.1725243
-0.6306481 -0.7643302 -0.13447
-0.652586 -0.7419156 -0.1539242
-0.3549842 1.969428e-11 -0.9348723
-0.3807004 -0.01754764 -0.9245319
-0.3807004 0.01754764 -0.9245319
-0.4816106 -0.09239633 -0.8715011
-0.4839405 -0.0554936 -0.8733396
-0.456767 -0.07313485 -0.886575
-0.4816106 0.09239633 -0.8715011
-0.456767 0.07313485 -0.886575
-0.4839405 0.0554936 -0.8733396
1.969428e-11 0.3549842 -0.9348723
-0.01754764 0.3807004 -0.9245319
0.01754764 0.3807004 -0.9245319
-0.09239633 0.4816106 -0.8715011
-0.0554936 0.4839405 -0.8733396
-0.07313485 0.456767 -0.886575
0.09239633 0.4816106 -0.8715011
0.07313485 0.456767 -0.886575
0.0554936 0.4839405 -0.8733396
0.3549842 -1.969428e-11 -0.9348723
0.3807004 0.01754764 -0.9245319
0.3807004 -0.01754764 -0.9245319
0.4816106 0.09239633 -0.8715011
0.4839405 0.0554936 -0.8733396
0.456767 0.07313485 -0.886575
0.4816106 -0.09239633 -0.8715011
0.456767 -0.07313485 -0.886575
0.4839405 -0.0554936 -0.8733396
-1.969428e-11 -0.3549842 -0.9348723
0.01754764 -0.3807004 -0.9245319
-0.01754764 -0.3807004 -0.9245319
0.09239633 -0.4816106 -0.8715011
0.0554936 -0.4839405 -0.8733396
0.07313485 -0.456767 -0.886575
-0.09239633 -0.4816106 -0.8715011
-0.07313485 -0.456767 -0.886575
-0.0554936 -0.4839405 -0.8733396
0.9348723 -1.969428e-11 0.3549842
0.9245319 0.01754764 0.3807004
0.9245319 -0.01754764 0.3807004
0.8715011 0.09239632 0.4816105
0.8733396 0.0554936 0.4839405
0.886575 0.07313485 0.456767
0.8715011 -0.09239632 0.4816105
0.886575 -0.07313485 0.456767
0.8733396 -0.0554936 0.4839405
0.9348723 -0.3549842 -1.969428e-11
0.9245319 -0.3807004 0.01754764
0.9245319 -0.3807004 -0.01754764
0.8715011 -0.4816106 0.09239633
0.8733397 -0.4839405 0.0554936
0.886575 -0.456767 0.07313485
0.8715011 -0.4816106 -0.09239633
0.886575 -0.456767 -0.07313485
0.8733397 -0.4839405 -0.0554936
0.9348723 1.969428e-11 -0.3549842
0.9245319 -0.01754764 -0.3807004
0.9245319 0.01754764 -0.3807004
0.8715011 -0.09239632 -0.4816105
0.8733396 -0.0554936 -0.4839405
0.886575 -0.07313485 -0.456767
0.8715011 0.09239632 -0.4816105
0.886575 0.07313485 -0.456767
0.8733396 0.0554936 -0.4839405
0.9348723 0.3549842 1.969428e-11
0.9245319 0.3807004 -0.01754764
0.9245319 0.3807004 0.01754764
0.8715011 0.4816106 -0.09239633
0.8733397 0.4839405 -0.0554936
0.886575 0.456767 -0.07313485
0.8715011 0.4816106 0.09239633
0.886575 0.456767 0.07313485
0.8733397 0.4839405 0.0554936
0.3549842 1.969428e-11 0.9348723
0.3807004 -0.01754764 0.9245319
0.3807004 0.01754764 0.9245319
0.4816106 -0.09239633 0.8715011
0.4839405 -0.0554936 0.8733396
0.456767 -0.07313485 0.886575
0.4816106 0.09239633 0.8715011
0.456767 0.07313485 0.886575
0.4839405 0.0554936 0.8733396
-1.969428e-11 0.3549842 0.9348723
0.01754764 0.3807004 0.9245319
-0.01754764 0.3807004 0.9245319
0.09239633 0.4816106 0.8715011
0.0554936 0.4839405 0.8733396
0.07313485 0.456767 0.886575
-0.09239633 0.4816106 0.8715011
-0.07313485 0.456767 0.886575
-0.0554936 0.4839405 0.8733396
-0.3549842 -1.969428e-11 0.9348723
-0.3807004 0.01754764 0.9245319
-0.3807004 -0.01754764 0.9245319
-0.4816106 0.09239633 0.8715011
-0.4839405 0.0554936 0.8733396
-0.456767 0.07313485 0.886575
-0.4816106 -0.09239633 0.8715011
-0.456767 -0.07313485 0.886575
-0.4839405 -0.0554936 0.8733396
1.969428e-11 -0.3549842 0.9348723
-0.01754764 -0.3807004 0.9245319
0.01754764 -0.3807004 0.9245319
-0.09239633 -0.4816106 0.8715011
-0.0554936 -0.4839405 0.8733396
-0.07313485 -0.456767 0.886575
0.09239633 -0.4816106 0.8715011
0.07313485 -0.456767 0.886575
0.0554936 -0.4839405 0.8733396
-0.9348723 -1.969428e-11 -0.3549842
-0.9245319 0.01754764 -0.3807004
-0.9245319 -0.01754764 -0.3807004
-0.8715011 0.09239632 -0.4816105
-0.8733396 0.0554936 -0.4839405
-0.886575 0.07313485 -0.456767
-0.8715011 -0.09239632 -0.4816105
-0.886575 -0.07313485 -0.456767
-0.8733396 -0.0554936 -0.4839405
-0.9348723 -0.3549842 1.969428e-11
-0.9245319 -0.3807004 -0.01754764
-0.9245319 -0.3807004 0.01754764
-0.8715011 -0.4816106 -0.09239633
-0.8733397 -0.4839405 -0.0554936
-0.886575 -0.456767 -0.07313485
-0.8715011 -0.4816106 0.09239633
-0.886575 -0.456767 0.07313485
-0.8733397 -0.4839405 0.0554936
-0.9348723 1.969428e-11 0.3549842
-0.9245319 -0.01754764 0.3807004
-0.9245319 0.01754764 0.3807004
-0.8715011 -0.09239632 0.4816105
-0.8733396 -0.0554936 0.4839405
-0.886575 -0.07313485 0.456767
-0.8715011 0.09239632 0.4816105
-0.886575 0.07313485 0.456767
-0.8733396 0.0554936 0.4839405
-0.9348723 0.3549842 -1.969428e-11
-0.9245319 0.3807004 0.01754764
-0.9245319 0.3807004 -0.01754764
-0.8715011 0.4816106 0.09239633
-0.8733397 0.4839405 0.0554936
-0.886575 0.456767 0.07313485
-0.8715011 0.4816106 -0.09239633
-0.886575 0.456767 -0.07313485
-0.8733397 0.4839405 -0.0554936
1.969428e-11 0.9348723 0.3549842
-0.01754764 0.9245319 0.3807004
0.01754764 0.9245319 0.3807004
-0.09239632 0.8715011 0.4816105
-0.0554936 0.8733396 0.4839405
-0.07313485 0.886575 0.456767
0.09239632 0.8715011 0.4816105
0.07313485 0.886575 0.456767
0.0554936 0.8733396 0.4839405
0.3549842 0.9348723 -1.969428e-11
0.3807004 0.9245319 0.01754764
0.3807004 0.9245319 -0.01754764
0.4816106 0.8715011 0.09239633
0.4839405 0.8733397 0.0554936
0.456767 0.886575 0.07313485
0.4816106 0.8715011 -0.09239633
0.456767 0.886575 -0.07313485
0.4839405 0.8733397 -0.0554936
-1.969428e-11 0.9348723 -0.3549842
0.01754764 0.9245319 -0.3807004
-0.01754764 0.9245319 -0.3807004
0.09239632 0.8715011 -0.4816105
0.0554936 0.8733396 -0.4839405
0.07313485 0.886575 -0.456767
-0.09239632 0.8715011 -0.4816105
-0.07313485 0.886575 -0.456767
-0.0554936 0.8733396 -0.4839405
-0.3549842 0.9348723 1.969428e-11
-0.3807004 0.9245319 -0.01754764
-0.3807004 0.9245319 0.01754764
-0.4816106 0.8715011 -0.09239633
-0.4839405 0.8733397 -0.0554936
-0.456767 0.886575 -0.07313485
-0.4816106 0.8715011 0.09239633
-0.456767 0.886575 0.07313485
-0.4839405 0.8733397 0.0554936
1.969428e-11 -0.9348723 -0.3549842
-0.01754764 -0.9245319 -0.3807004
0.01754764 -0.9245319 -0.3807004
-0.09239632 -0.8715011 -0.4816105
-0.0554936 -0.8733396 -0.4839405
-0.07313485 -0.886575 -0.456767
0.09239632 -0.8715011 -0.4816105
0.07313485 -0.886575 -0.456767
0.0554936 -0.8733396 -0.4839405
0.3549842 -0.9348723 1.969428e-11
0.3807004 -0.9245319 -0.01754764
0.3807004 -0.9245319 0.01754764
0.4816106 -0.8715011 -0.09239633
0.4839405 -0.8733397 -0.0554936
0.456767 -0.886575 -0.07313485
0.4816106 -0.8715011 0.09239633
0.456767 -0.886575 0.07313485
0.4839405 -0.8733397 0.0554936
-1.969428e-11 -0.9348723 0.3549842
0.01754764 -0.9245319 0.3807004
-0.01754764 -0.9245319 0.3807004
0.09239632 -0.8715011 0.4816105
0.0554936 -0.8733396 0.4839405
0.07313485 -0.886575 0.456767
-0.09239632 -0.8715011 0.4816105
-0.07313485 -0.886575 0.456767
-0.0554936 -0.8733396 0.4839405
-0.3549842 -0.9348723 -1.969428e-11
-0.3807004 -0.9245319 0.01754764
-0.3807004 -0.9245319 -0.01754764
-0.4816106 -0.8715011 0.09239633
-0.4839405 -0.8733397 0.0554936
-0.456767 -0.886575 0.07313485
-0.4816106 -0.8715011 -0.09239633
-0.456767 -0.886575 -0.07313485
-0.4839405 -0.8733397 -0.0554936
-0.254024 1.956053e-11 -0.967198
-0.22957 0.01544475 -0.9731696
-0.22957 -0.01544475 -0.9731696
-0.1330571 0.06715168 -0.9888308
-0.136808 0.04033909 -0.9897759
-0.1570247 0.05598129 -0.9860067
-0.1330571 -0.06715168 -0.9888308
-0.1570247 -0.05598129 -0.9860067
-0.136808 -0.04033909 -0.9897759
-0.5202247 -0.2057838 -0.8288663
-0.5136342 -0.2424491 -0.8230421
-0.5428807 -0.2257841 -0.8088894
-0.476849 -0.3847479 -0.7903063
-0.5084516 -0.3700182 -0.7775369
-0.4875788 -0.3499473 -0.7998773
-0.6271765 -0.3039111 -0.7171384
-0.607179 -0.2847923 -0.7417728
-0.5987295 -0.3213775 -0.7336481
-0.5202246 0.2057838 -0.8288663
-0.5428807 0.2257841 -0.8088894
-0.5136341 0.2424491 -0.8230421
-0.6271765 0.3039111 -0.7171384
-0.5987295 0.3213775 -0.7336481
-0.607179 0.2847923 -0.7417728
-0.476849 0.3847479 -0.7903063
-0.4875788 0.3499473 -0.7998773
-0.5084516 0.3700182 -0.7775369
1.956053e-11 0.254024 -0.967198
0.01544475 0.22957 -0.9731696
-0.01544475 0.22957 -0.9731696
0.06715168 0.1330571 -0.9888308
0.04033909 0.136808 -0.9897759
0.05598129 0.1570247 -0.9860067
-0.06715168 0.1330571 -0.9888308
-0.05598129 0.1570247 -0.9860067
-0.04033909 0.136808 -0.9897759
-0.2057838 0.5202247 -0.8288663
-0.2424491 0.5136342 -0.8230421
-0.2257841 0.5428807 -0.8088894
-0.3847479 0.476849 -0.7903063
-0.3700182 0.5084516 -0.7775369
-0.3499473 0.4875788 -0.7998773
-0.3039111 0.6271765 -0.7171384
-0.2847923 0.607179 -0.7417728
-0.3213775 0.5987295 -0.7336481
0.2057838 0.5202246 -0.8288663
0.2257841 0.5428807 -0.8088894
0.2424491 0.5136341 -0.8230421
0.3039111 0.6271765 -0.7171384
0.3213775 0.5987295 -0.7336481
0.2847923 0.607179 -0.7417728
0.3847479 0.476849 -0.7903063
0.3499473 0.4875788 -0.7998773
0.3700182 0.5084516 -0.7775369
0.254024 -1.956053e-11 -0.967198
0.22957 -0.01544475 -0.9731696
0.22957 0.01544475 -0.9731696
0.1330571 -0.06715168 -0.9888308
0.136808 -0.04033909 -0.9897759
0.1570247 -0.05598129 -0.9860067
0.1330571 0.06715168 -0.9888308
0.1570247 0.05598129 -0.9860067
0.136808 0.04033909 -0.9897759
0.5202247 0.2057838 -0.8288663
0.5136342 0.2424491 -0.8230421
0.5428807 0.2257841 -0.8088894
0.476849 0.3847479 -0.7903063
0.5084516 0.3700182 -0.7775369
0.4875788 0.3499473 -0.7998773
0.6271765 0.3039111 -0.7171384
0.607179 0.2847923 -0.7417728
0.5987295 0.3213775 -0.7336481
0.5202246 -0.2057838 -0.8288663
0.5428807 -0.2257841 -0.8088894
0.5136341 -0.2424491 -0.8230421
0.6271765 -0.3039111 -0.7171384
0.5987295 -0.3213775 -0.7336481
0.607179 -0.2847923 -0.7417728
0.476849 -0.3847479 -0.7903063
0.4875788 -0.3499473 -0.7998773
0.5084516 -0.3700182 -0.7775369
-1.956053e-11 -0.254024 -0.967198
-0.01544475 -0.22957 -0.9731696
0.01544475 -0.22957 -0.9731696
-0.06715168 -0.1330571 -0.9888308
-0.04033909 -0.136808 -0.9897759
-0.05598129 -0.1570247 -0.9860067
0.06715168 -0.1330571 -0.9888308
0.05598129 -0.1570247 -0.9860067
0.04033909 -0.136808 -0.9897759
0.2057838 -0.5202247 -0.8288663
0.2424491 -0.5136342 -0.8230421
0.2257841 -0.5428807 -0.8088894
0.3847479 -0.476849 -0.7903063
0.3700182 -0.5084516 -0.7775369
0.3499473 -0.4875788 -0.7998773
0.3039111 -0.6271765 -0.7171384
0.2847923 -0.607179 -0.7417728
0.3213775 -0.5987295 -0.7336481
-0.2057838 -0.5202246 -0.8288663
-0.2257841 -0.5428807 -0.8088894
-0.2424491 -0.5136341 -0.8230421
-0.3039111 -0.6271765 -0.7171384
-0.3213775 -0.5987295 -0.7336481
-0.2847923 -0.607179 -0.7417728
-0.3847479 -0.476849 -0.7903063
-0.3499473 -0.4875788 -0.7998773
-0.3700182 -0.5084516 -0.7775369
0.967198 -1.956053e-11 0.254024
0.9731696 -0.01544475 0.22957
0.9731696 0.01544475 0.22957
0.9888308 -0.06715168 0.1330571
0.9897759 -0.04033909 0.136808
0.9860067 -0.05598129 0.1570247
0.9888308 0.06715168 0.1330571
0.9860067 0.05598129 0.1570247
0.9897759 0.04033909 0.136808
0.8288663 0.2057838 0.5202247
0.8230421 0.2424491 0.5136342
0.8088894 0.2257841 0.5428807
0.7903063 0.3847479 0.476849
0.7775369 0.3700182 0.5084516
0.7998773 0.3499473 0.4875788
0.7171385 0.3039111 0.6271766
0.7417728 0.2847923 0.607179
0.7336481 0.3213775 0.5987295
0.8288663 -0.2057838 0.5202246
0.8088894 -0.2257841 0.5428807
0.8230421 -0.2424491 0.5136341
0.7171385 -0.3039111 0.6271766
0.7336481 -0.3213775 0.5987295
0.7417728 -0.2847923 0.607179
0.7903063 -0.3847479 0.476849
0.7998773 -0.3499473 0.4875788
0.7775369 -0.3700182 0.5084516
0.967198 -0.254024 -1.956053e-11
0.9731696 -0.22957 -0.01544475
0.9731696 -0.22957 0.01544475
0.9888308 -0.1330571 -0.06715168
0.9897759 -0.136808 -0.04033909
0.9860067 -0.1570247 -0.05598129
0.9888308 -0.1330571 0.06715168
0.9860067 -0.1570247 0.05598129
0.9897759 -0.136808 0.04033909
0.8288663 -0.5202247 0.2057838
0.8230421 -0.5136342 0.2424491
0.8088894 -0.5428807 0.2257841
0.7903063 -0.476849 0.3847479
0.7775369 -0.5084516 0.3700182
0.7998773 -0.4875788 0.3499473
0.7171384 -0.6271765 0.3039111
0.7417728 -0.607179 0.2847923
0.7336482 -0.5987296 0.3213775
0.8288664 -0.5202246 -0.2057838
0.8088894 -0.5428807 -0.2257841
0.8230422 -0.5136342 -0.2424492
0.7171384 -0.6271765 -0.3039111
0.7336482 -0.5987296 -0.3213775
0.7417728 -0.607179 -0.2847923
0.7903063 -0.476849 -0.3847479
0.7998773 -0.4875788 -0.3499473
0.7775369 -0.5084516 -0.3700182
0.967198 1.956053e-11 -0.254024
0.9731696 0.01544475 -0.22957
0.9731696 -0.01544475 -0.22957
0.9888308 0.06715168 -0.1330571
0.9897759 0.04033909 -0.136808
0.9860067 0.05598129 -0.1570247
0.9888308 -0.06715168 -0.1330571
0.9860067 -0.05598129 -0.1570247
0.9897759 -0.04033909 -0.136808
0.8288663 -0.2057838 -0.5202247
0.8230421 -0.2424491 -0.5136342
0.8088894 -0.2257841 -0.5428807
0.7903063 -0.3847479 -0.476849
0.7775369 -0.3700182 -0.5084516
0.7998773 -0.3499473 -0.4875788
0.7171385 -0.3039111 -0.6271766
0.7417728 -0.2847923 -0.607179
0.7336481 -0.3213775 -0.5987295
0.8288663 0.2057838 -0.5202246
0.8088894 0.2257841 -0.5428807
0.8230421 0.2424491 -0.5136341
0.7171385 0.3039111 -0.6271766
0.7336481 0.3213775 -0.5987295
0.7417728 0.2847923 -0.607179
0.7903063 0.3847479 -0.476849
0.7998773 0.3499473 -0.4875788
0.7775369 0.3700182 -0.5084516
0.967198 0.254024 1.956053e-11
0.9731696 0.22957 0.01544475
0.9731696 0.22957 -0.01544475
0.9888308 0.1330571 0.06715168
0.9897759 0.136808 0.04033909
0.9860067 0.1570247 0.05598129
0.9888308 0.1330571 -0.06715168
0.9860067 0.1570247 -0.05598129
0.9897759 0.136808 -0.04033909
0.8288663 0.5202247 -0.2057838
0.8230421 0.5136342 -0.2424491
0.8088894 0.5428807 -0.2257841
0.7903063 0.476849 -0.3847479
0.7775369 0.5084516 -0.3700182
0.7998773 0.4875788 -0.3499473
0.7171384 0.6271765 -0.3039111
0.7417728 0.607179 -0.2847923
0.7336482 0.5987296 -0.3213775
0.8288664 0.5202246 0.2057838
0.8088894 0.5428807 0.2257841
0.8230422 0.5136342 0.2424492
0.7171384 0.6271765 0.3039111
0.7336482 0.5987296 0.3213775
0.7417728 0.607179 0.2847923
0.7903063 0.476849 0.3847479
0.7998773 0.4875788 0.3499473
0.7775369 0.5084516 0.3700182
0.254024 1.956053e-11 0.967198
0.22957 0.01544475 0.9731696
0.22957 -0.01544475 0.9731696
0.1330571 0.06715168 0.9888308
0.136808 0.04033909 0.9897759
0.1570247 0.05598129 0.9860067
0.1330571 -0.06715168 0.9888308
0.1570247 -0.05598129 0.9860067
0.136808 -0.04033909 0.9897759
0.5202247 -0.2057838 0.8288663
0.5136342 -0.2424491 0.8230421
0.5428807 -0.2257841 0.8088894
0.476849 -0.3847479 0.7903063
0.5084516 -0.3700182 0.7775369
0.4875788 -0.3499473 0.7998773
0.6271765 -0.3039111 0.7171384
0.607179 -0.2847923 0.7417728
0.5987295 -0.3213775 0.7336481
0.5202246 0.2057838 0.8288663
0.5428807 0.2257841 0.8088894
0.5136341 0.2424491 0.8230421
0.6271765 0.3039111 0.7171384
0.5987295 0.3213775 0.7336481
0.607179 0.2847923 0.7417728
0.476849 0.3847479 0.7903063
0.4875788 0.3499473 0.7998773
0.5084516 0.3700182 0.7775369
-1.956053e-11 0.254024 0.967198
-0.01544475 0.22957 0.9731696
0.01544475 0.22957 0.9731696
-0.06715168 0.1330571 0.9888308
-0.04033909 0.136808 0.9897759
-0.05598129 0.1570247 0.9860067
0.06715168 0.1330571 0.9888308
0.05598129 0.1570247 0.9860067
0.04033909 0.136808 0.9897759
0.2057838 0.5202247 0.8288663
0.2424491 0.5136342 0.8230421
0.2257841 0.5428807 0.8088894
0.3847479 0.476849 0.7903063
0.3700182 0.5084516 0.7775369
0.3499473 0.4875788 0.7998773
0.3039111 0.6271765 0.7171384
0.2847923 0.607179 0.7417728
0.3213775 0.5987295 0.7336481
-0.2057838 0.5202246 0.8288663
-0.2257841 0.5428807 0.8088894
-0.2424491 0.5136341 0.8230421
-0.3039111 0.6271765 0.7171384
-0.3213775 0.5987295 0.7336481
-0.2847923 0.607179 0.7417728
-0.3847479 0.476849 0.7903063
-0.3499473 0.4875788 0.7998773
-0.3700182 0.5084516 0.7775369
-0.254024 -1.956053e-11 0.967198
-0.22957 -0.01544475 0.9731696
-0.22957 0.01544475 0.9731696
-0.1330571 -0.06715168 0.9888308
-0.136808 -0.04033909 0.9897759
-0.1570247 -0.05598129 0.9860067
-0.1330571 0.06715168 0.9888308
-0.1570247 0.05598129 0.9860067
-0.136808 0.04033909 0.9897759
-0.5202247 0.2057838 0.8288663
-0.5136342 0.2424491 0.8230421
-0.5428807 0.2257841 0.8088894
-0.476849 0.3847479 0.7903063
-0.5084516 0.3700182 0.7775369
-0.4875788 0.3499473 0.7998773
-0.6271765 0.3039111 0.7171384
-0.607179 0.2847923 0.7417728
-0.5987295 0.3213775 0.7336481
-0.5202246 -0.2057838 0.8288663
-0.5428807 -0.2257841 0.8088894
-0.5136341 -0.2424491 0.8230421
-0.6271765 -0.3039111 0.7171384
-0.5987295 -0.3213775 0.7336481
-0.607179 -0.2847923 0.7417728
-0.476849 -0.3847479 0.7903063
-0.4875788 -0.3499473 0.7998773
-0.5084516 -0.3700182 0.7775369
1.956053e-11 -0.254024 0.967198
0.01544475 -0.22957 0.9731696
-0.01544475 -0.22957 0.9731696
0.06715168 -0.1330571 0.9888308
0.04033909 -0.136808 0.9897759
0.05598129 -0.1570247 0.9860067
-0.06715168 -0.1330571 0.9888308
-0.05598129 -0.1570247 0.9860067
-0.04033909 -0.136808 0.9897759
-0.2057838 -0.5202247 0.8288663
-0.2424491 -0.5136342 0.8230421
-0.2257841 -0.5428807 0.8088894
-0.3847479 -0.476849 0.7903063
-0.3700182 -0.5084516 0.7775369
-0.3499473 -0.4875788 0.7998773
-0.3039111 -0.6271765 0.7171384
-0.2847923 -0.607179 0.7417728
-0.3213775 -0.5987295 0.7336481
0.2057838 -0.5202246 0.8288663
0.2257841 -0.5428807 0.8088894
0.2424491 -0.5136341 0.8230421
0.3039111 -0.6271765 0.7171384
0.3213775 -0.5987295 0.7336481
0.2847923 -0.607179 0.7417728
0.3847479 -0.476849 0.7903063
0.3499473 -0.4875788 0.7998773
0.3700182 -0.5084516 0.7775369
-0.967198 -1.956053e-11 -0.254024
-0.9731696 -0.01544475 -0.22957
-0.9731696 0.01544475 -0.22957
-0.9888308 -0.06715168 -0.1330571
-0.9897759 -0.04033909 -0.136808
-0.9860067 -0.05598129 -0.1570247
-0.9888308 0.06715168 -0.1330571
-0.9860067 0.05598129 -0.1570247
-0.9897759 0.04033909 -0.136808
-0.8288663 0.2057838 -0.5202247
-0.8230421 0.2424491 -0.5136342
-0.8088894 0.2257841 -0.5428807
-0.7903063 0.3847479 -0.476849
-0.7775369 0.3700182 -0.5084516
-0.7998773 0.3499473 -0.4875788
-0.7171385 0.3039111 -0.6271766
-0.7417728 0.2847923 -0.607179
-0.7336481 0.3213775 -0.5987295
-0.8288663 -0.2057838 -0.5202246
-0.8088894 -0.2257841 -0.5428807
-0.8230421 -0.2424491 -0.5136341
-0.7171385 -0.3039111 -0.6271766
-0.7336481 -0.3213775 -0.5987295
-0.7417728 -0.2847923 -0.607179
-0.7903063 -0.3847479 -0.476849
-0.7998773 -0.3499473 -0.4875788
-0.7775369 -0.3700182 -0.5084516
-0.967198 -0.254024 1.956053e-11
-0.9731696 -0.22957 0.01544475
-0.9731696 -0.22957 -0.01544475
-0.9888308 -0.1330571 0.06715168
-0.9897759 -0.136808 0.04033909
-0.9860067 -0.1570247 0.05598129
-0.9888308 -0.1330571 -0.06715168
-0.9860067 -0.1570247 -0.05598129
-0.9897759 -0.136808 -0.04033909
-0.8288663 -0.5202247 -0.2057838
-0.8230421 -0.5136342 -0.2424491
-0.8088894 -0.5428807 -0.2257841
-0.7903063 -0.476849 -0.3847479
-0.7775369 -0.5084516 -0.3700182
-0.7998773 -0.4875788 -0.3499473
-0.7171384 -0.6271765 -0.3039111
-0.7417728 -0.607179 -0.2847923
-0.7336482 -0.5987296 -0.3213775
-0.8288664 -0.5202246 0.2057838
-0.8088894 -0.5428807 0.2257841
-0.8230422 -0.5136342 0.2424492
-0.7171384 -0.6271765 0.3039111
-0.7336482 -0.5987296 0.3213775
-0.7417728 -0.607179 0.2847923
-0.7903063 -0.476849 0.3847479
-0.7998773 -0.4875788 0.3499473
-0.7775369 -0.5084516 0.3700182
-0.967198 1.956053e-11 0.254024
-0.9731696 0.01544475 0.22957
-0.9731696 -0.01544475 0.22957
-0.9888308 0.06715168 0.1330571
-0.9897759 0.04033909 0.136808
-0.9860067 0.05598129 0.1570247
-0.9888308 -0.06715168 0.1330571
-0.9860067 -0.05598129 0.1570247
-0.9897759 -0.04033909 0.136808
-0.8288663 -0.2057838 0.5202247
-0.8230421 -0.2424491 0.5136342
-0.8088894 -0.2257841 0.5428807
-0.7903063 -0.3847479 0.476849
-0.7775369 -0.3700182 0.5084516
-0.7998773 -0.3499473 0.4875788
-0.7171385 -0.3039111 0.6271766
-0.7417728 -0.2847923 0.607179
-0.7336481 -0.3213775 0.5987295
-0.8288663 0.2057838 0.5202246
-0.8088894 0.2257841 0.5428807
-0.8230421 0.2424491 0.5136341
-0.7171385 0.3039111 0.6271766
-0.7336481 0.3213775 0.5987295
-0.7417728 0.2847923 0.607179
-0.7903063 0.3847479 0.476849
-0.7998773 0.3499473 0.4875788
-0.7775369 0.3700182 0.5084516
-0.967198 0.254024 -1.956053e-11
-0.9731696 0.22957 -0.01544475
-0.9731696 0.22957 0.01544475
-0.9888308 0.1330571 -0.06715168
-0.9897759 0.136808 -0.04033909
-0.9860067 0.1570247 -0.05598129
-0.9888308 0.1330571 0.06715168
-0.9860067 0.1570247 0.05598129
-0.9897759 0.136808 0.04033909
-0.8288663 0.5202247 0.2057838
-0.8230421 0.5136342 0.2424491
-0.8088894 0.5428807 0.2257841
-0.7903063 0.476849 0.3847479
-0.7775369 0.5084516 0.3700182
-0.7998773 0.4875788 0.3499473
-0.7171384 0.6271765 0.3039111
-0.7417728 0.607179 0.2847923
-0.7336482 0.5987296 0.3213775
-0.8288664 0.5202246 -0.2057838
-0.8088894 0.5428807 -0.2257841
-0.8230422 0.5136342 -0.2424492
-0.7171384 0.6271765 -0.3039111
-0.7336482 0.5987296 -0.3213775
-0.7417728 0.607179 -0.2847923
-0.7903063 0.476849 -0.3847479
-0.7998773 0.4875788 -0.3499473
-0.7775369 0.5084516 -0.3700182
1.956053e-11 0.967198 0.254024
0.01544475 0.9731696 0.22957
-0.01544475 0.9731696 0.22957
0.06715168 0.9888308 0.1330571
0.04033909 0.9897759 0.136808
0.05598129 0.9860067 0.1570247
-0.06715168 0.9888308 0.1330571
-0.05598129 0.9860067 0.1570247
-0.04033909 0.9897759 0.136808
-0.2057838 0.8288663 0.5202247
-0.2424491 0.8230421 0.5136342
-0.2257841 0.8088894 0.5428807
-0.3847479 0.7903063 0.476849
-0.3700182 0.7775369 0.5084516
-0.3499473 0.7998773 0.4875788
-0.3039111 0.7171385 0.6271766
-0.2847923 0.7417728 0.607179
-0.3213775 0.7336481 0.5987295
0.2057838 0.8288663 0.5202246
0.2257841 0.8088894 0.5428807
0.2424491 0.8230421 0.5136341
0.3039111 0.7171385 0.6271766
0.3213775 0.7336481 0.5987295
0.2847923 0.7417728 0.607179
0.3847479 0.7903063 0.476849
0.3499473 0.7998773 0.4875788
0.3700182 0.7775369 0.5084516
0.254024 0.967198 -1.956053e-11
0.22957 0.9731696 -0.01544475
0.22957 0.9731696 0.01544475
0.1330571 0.9888308 -0.06715168
0.136808 0.9897759 -0.04033909
0.1570247 0.9860067 -0.05598129
0.1330571 0.9888308 0.06715168
0.1570247 0.9860067 0.05598129
0.136808 0.9897759 0.04033909
0.5202247 0.8288663 0.2057838
0.5136342 0.8230421 0.2424491
0.5428807 0.8088894 0.2257841
0.476849 0.7903063 0.3847479
0.5084516 0.7775369 0.3700182
0.4875788 0.7998773 0.3499473
0.6271765 0.7171384 0.3039111
0.607179 0.7417728 0.2847923
0.5987296 0.7336482 0.3213775
0.5202246 0.8288664 -0.2057838
0.5428807 0.8088894 -0.2257841
0.5136342 0.8230422 -0.2424492
0.6271765 0.7171384 -0.3039111
0.5987296 0.7336482 -0.3213775
0.607179 0.7417728 -0.2847923
0.476849 0.7903063 -0.3847479
0.4875788 0.7998773 -0.3499473
0.5084516 0.7775369 -0.3700182
-1.956053e-11 0.967198 -0.254024
-0.01544475 0.9731696 -0.22957
0.01544475 0.9731696 -0.22957
-0.06715168 0.9888308 -0.1330571
-0.04033909 0.9897759 -0.136808
-0.05598129 0.9860067 -0.1570247
0.06715168 0.9888308 -0.1330571
0.05598129 0.9860067 -0.1570247
0.04033909 0.9897759 -0.136808
0.2057838 0.8288663 -0.5202247
0.2424491 0.8230421 -0.5136342
0.2257841 0.8088894 -0.5428807
0.3847479 0.7903063 -0.476849
0.3700182 0.7775369 -0.5084516
0.3499473 0.7998773 -0.4875788
0.3039111 0.7171385 -0.6271766
0.2847923 0.7417728 -0.607179
0.3213775 0.7336481 -0.5987295
-0.2057838 0.8288663 -0.5202246
-0.2257841 0.8088894 -0.5428807
-0.2424491 0.8230421 -0.5136341
-0.3039111 0.7171385 -0.6271766
-0.3213775 0.7336481 -0.5987295
-0.2847923 0.7417728 -0.607179
-0.3847479 0.7903063 -0.476849
-0.3499473 0.7998773 -0.4875788
-0.3700182 0.7775369 -0.5084516
-0.254024 0.967198 1.956053e-11
-0.22957 0.9731696 0.01544475
-0.22957 0.9731696 -0.01544475
-0.1330571 0.9888308 0.06715168
-0.136808 0.9897759 0.04033909
-0.1570247 0.9860067 0.05598129
-0.1330571 0.9888308 -0.06715168
-0.1570247 0.9860067 -0.05598129
-0.136808 0.9897759 -0.04033909
-0.5202247 0.8288663 -0.2057838
-0.5136342 0.8230421 -0.2424491
-0.5428807 0.8088894 -0.2257841
-0.476849 0.7903063 -0.3847479
-0.5084516 0.7775369 -0.3700182
-0.4875788 0.7998773 -0.3499473
-0.6271765 0.7171384 -0.3039111
-0.607179 0.7417728 -0.2847923
-0.5987296 0.7336482 -0.3213775
-0.5202246 0.8288664 0.2057838
-0.5428807 0.8088894 0.2257841
-0.5136342 0.8230422 0.2424492
-0.6271765 0.7171384 0.3039111
-0.5987296 0.7336482 0.3213775
-0.607179 0.7417728 0.2847923
-0.476849 0.7903063 0.3847479
-0.4875788 0.7998773 0.3499473
-0.5084516 0.7775369 0.3700182
1.956053e-11 -0.967198 -0.254024
0.01544475 -0.9731696 -0.22957
-0.01544475 -0.9731696 -0.22957
0.06715168 -0.9888308 -0.1330571
0.04033909 -0.9897759 -0.136808
0.05598129 -0.9860067 -0.1570247
-0.06715168 -0.9888308 -0.1330571
-0.05598129 -0.9860067 -0.1570247
-0.04033909 -0.9897759 -0.136808
-0.2057838 -0.8288663 -0.5202247
-0.2424491 -0.8230421 -0.5136342
-0.2257841 -0.8088894 -0.5428807
-0.3847479 -0.7903063 -0.476849
-0.3700182 -0.7775369 -0.5084516
-0.3499473 -0.7998773 -0.4875788
-0.3039111 -0.7171385 -0.6271766
-0.2847923 -0.7417728 -0.607179
-0.3213775 -0.7336481 -0.5987295
0.2057838 -0.8288663 -0.5202246
0.2257841 -0.8088894 -0.5428807
0.2424491 -0.8230421 -0.5136341
0.3039111 -0.7171385 -0.6271766
0.3213775 -0.7336481 -0.5987295
0.2847923 -0.7417728 -0.607179
0.3847479 -0.7903063 -0.476849
0.3499473 -0.7998773 -0.4875788
0.3700182 -0.7775369 -0.5084516
0.254024 -0.967198 1.956053e-11
0.22957 -0.9731696 0.01544475
0.22957 -0.9731696 -0.01544475
0.1330571 -0.9888308 0.06715168
0.136808 -0.9897759 0.04033909
0.1570247 -0.9860067 0.05598129
0.1330571 -0.9888308 -0.06715168
0.1570247 -0.9860067 -0.05598129
0.136808 -0.9897759 -0.04033909
0.5202247 -0.8288663 -0.2057838
0.5136342 -0.8230421 -0.2424491
0.5428807 -0.8088894 -0.2257841
0.476849 -0.7903063 -0.3847479
0.5084516 -0.7775369 -0.3700182
0.4875788 -0.7998773 -0.3499473
0.6271765 -0.7171384 -0.3039111
0.607179 -0.7417728 -0.2847923
0.5987296 -0.7336482 -0.3213775
0.5202246 -0.8288664 0.2057838
0.5428807 -0.8088894 0.2257841
0.5136342 -0.8230422 0.2424492
0.6271765 -0.7171384 0.3039111
0.5987296 -0.7336482 0.3213775
0.607179 -0.7417728 0.2847923
0.476849 -0.7903063 0.3847479
0.4875788 -0.7998773 0.3499473
0.5084516 -0.7775369 0.3700182
-1.956053e-11 -0.967198 0.254024
-0.01544475 -0.9731696 0.22957
0.01544475 -0.9731696 0.22957
-0.06715168 -0.9888308 0.1330571
-0.04033909 -0.9897759 0.136808
-0.05598129 -0.9860067 0.1570247
0.06715168 -0.9888308 0.1330571
0.05598129 -0.9860067 0.1570247
0.04033909 -0.9897759 0.136808
0.2057838 -0.8288663 0.5202247
0.2424491 -0.8230421 0.5136342
0.2257841 -0.8088894 0.5428807
0.3847479 -0.7903063 0.476849
0.3700182 -0.7775369 0.5084516
0.3499473 -0.7998773 0.4875788
0.3039111 -0.7171385 0.6271766
0.2847923 -0.7417728 0.607179
0.3213775 -0.7336481 0.5987295
-0.2057838 -0.8288663 0.5202246
-0.2257841 -0.8088894 0.5428807
-0.2424491 -0.8230421 0.5136341
-0.3039111 -0.7171385 0.6271766
-0.3213775 -0.7336481 0.5987295
-0.2847923 -0.7417728 0.607179
-0.3847479 -0.7903063 0.476849
-0.3499473 -0.7998773 0.4875788
-0.3700182 -0.7775369 0.5084516
-0.254024 -0.967198 -1.956053e-11
-0.22957 -0.9731696 -0.01544475
-0.22957 -0.9731696 0.01544475
-0.1330571 -0.9888308 -0.06715168
-0.136808 -0.9897759 -0.04033909
-0.1570247 -0.9860067 -0.05598129
-0.1330571 -0.9888308 0.06715168
-0.1570247 -0.9860067 0.05598129
-0.136808 -0.9897759 0.04033909
-0.5202247 -0.8288663 0.2057838
-0.5136342 -0.8230421 0.2424491
-0.5428807 -0.8088894 0.2257841
-0.476849 -0.7903063 0.3847479
-0.5084516 -0.7775369 0.3700182
-0.4875788 -0.7998773 0.3499473
-0.6271765 -0.7171384 0.3039111
-0.607179 -0.7417728 0.2847923
-0.5987296 -0.7336482 0.3213775
-0.5202246 -0.8288664 -0.2057838
-0.5428807 -0.8088894 -0.2257841
-0.5136342 -0.8230422 -0.2424492
-0.6271765 -0.7171384 -0.3039111
-0.5987296 -0.7336482 -0.3213775
-0.607179 -0.7417728 -0.2847923
-0.476849 -0.7903063 -0.3847479
-0.4875788 -0.7998773 -0.3499473
-0.5084516 -0.7775369 -0.3700182
-0.6611466 0 -0.7502567
-0.6371166 0.01927089 -0.7705266
-0.6371166 -0.01927089 -0.7705266
-0.5335623 0.09411465 -0.840508
-0.5358205 0.05652662 -0.8424376
-0.5604482 0.07588713 -0.8247054
-0.5335623 -0.09411465 -0.840508
-0.5604482 -0.07588713 -0.8247054
-0.5358205 -0.05652661 -0.8424376
-0.3017453 0.2179068 -0.9281521
-0.3094583 0.184927 -0.9327581
-0.3320245 0.2052239 -0.9206753
-0.3278149 0.05078332 -0.943376
-0.3523912 0.06894699 -0.9333096
-0.3251617 0.08455555 -0.9418706
-0.4496986 0.1458325 -0.8811947
-0.4208363 0.1618441 -0.8925824
-0.4256077 0.1261282 -0.8960747
-0.3017453 -0.2179068 -0.9281521
-0.3320245 -0.2052239 -0.9206753
-0.3094583 -0.184927 -0.9327581
-0.4496987 -0.1458325 -0.8811947
-0.4256077 -0.1261282 -0.8960747
-0.4208363 -0.161844 -0.8925824
-0.3278149 -0.05078332 -0.943376
-0.3251617 -0.08455555 -0.9418706
-0.3523912 -0.06894699 -0.9333096
0 0.6611466 -0.7502567
0.01927089 0.6371166 -0.7705266
-0.01927089 0.6371166 -0.7705266
0.09411465 0.5335623 -0.840508
0.05652662 0.5358205 -0.8424376
0.07588713 0.5604482 -0.8247054
-0.09411465 0.5335623 -0.840508
-0.07588713 0.5604482 -0.8247054
-0.05652661 0.5358205 -0.8424376
0.2179068 0.3017453 -0.9281521
0.184927 0.3094583 -0.9327581
0.2052239 0.3320245 -0.9206753
0.05078332 0.3278149 -0.943376
0.06894699 0.3523912 -0.9333096
0.08455555 0.3251617 -0.9418706
0.1458325 0.4496986 -0.8811947
0.1618441 0.4208363 -0.8925824
0.1261282 0.4256077 -0.8960747
-0.2179068 0.3017453 -0.9281521
-0.2052239 0.3320245 -0.9206753
-0.184927 0.3094583 -0.9327581
-0.1458325 0.4496987 -0.8811947
-0.1261282 0.4256077 -0.8960747
-0.161844 0.4208363 -0.8925824
-0.05078332 0.3278149 -0.943376
-0.08455555 0.3251617 -0.9418706
-0.06894699 0.3523912 -0.9333096
0.6611466 0 -0.7502567
0.6371166 -0.01927089 -0.7705266
0.6371166 0.01927089 -0.7705266
0.5335623 -0.09411465 -0.840508
0.5358205 -0.05652662 -0.8424376
0.5604482 -0.07588713 -0.8247054
0.5335623 0.09411465 -0.840508
0.5604482 0.07588713 -0.8247054
0.5358205 0.05652661 -0.8424376
0.3017453 -0.2179068 -0.9281521
0.3094583 -0.184927 -0.9327581
0.3320245 -0.2052239 -0.9206753
0.3278149 -0.05078332 -0.943376
0.3523912 -0.06894699 -0.9333096
0.3251617 -0.08455555 -0.9418706
0.4496986 -0.1458325 -0.8811947
0.4208363 -0.1618441 -0.8925824
0.4256077 -0.1261282 -0.8960747
0.3017453 0.2179068 -0.9281521
0.3320245 0.2052239 -0.9206753
0.3094583 0.184927 -0.9327581
0.4496987 0.1458325 -0.8811947
0.4256077 0.1261282 -0.8960747
0.4208363 0.161844 -0.8925824
0.3278149 0.05078332 -0.943376
0.3251617 0.08455555 -0.9418706
0.3523912 0.06894699 -0.9333096
0 -0.6611466 -0.7502567
-0.01927089 -0.6371166 -0.7705266
0.01927089 -0.6371166 -0.7705266
-0.09411465 -0.5335623 -0.840508
-0.05652662 -0.5358205 -0.8424376
-0.07588713 -0.5604482 -0.8247054
0.09411465 -0.5335623 -0.840508
0.07588713 -0.5604482 -0.8247054
0.05652661 -0.5358205 -0.8424376
-0.2179068 -0.3017453 -0.9281521
-0.184927 -0.3094583 -0.9327581
-0.2052239 -0.3320245 -0.9206753
-0.05078332 -0.3278149 -0.943376
-0.06894699 -0.3523912 -0.9333096
-0.08455555 -0.3251617 -0.9418706
-0.1458325 -0.4496986 -0.8811947
-0.1618441 -0.4208363 -0.8925824
-0.1261282 -0.4256077 -0.8960747
0.2179068 -0.3017453 -0.9281521
0.2052239 -0.3320245 -0.9206753
0.184927 -0.3094583 -0.9327581
0.1458325 -0.4496987 -0.8811947
0.1261282 -0.4256077 -0.8960747
0.161844 -0.4208363 -0.8925824
0.05078332 -0.3278149 -0.943376
0.08455555 -0.3251617 -0.9418706
0.06894699 -0.3523912 -0.9333096
0.7502567 0 0.6611466
0.7705266 -0.01927089 0.6371166
0.7705266 0.01927089 0.6371166
0.840508 -0.09411465 0.5335623
0.8424376 -0.05652662 0.5358205
0.8247054 -0.07588712 0.5604482
0.840508 0.09411465 0.5335623
0.8247054 0.07588712 0.5604482
0.8424376 0.05652661 0.5358205
0.9281521 -0.2179068 0.3017453
0.9327581 -0.184927 0.3094583
0.9206753 -0.2052239 0.3320245
0.943376 -0.05078332 0.3278149
0.9333096 -0.06894699 0.3523912
0.9418706 -0.08455555 0.3251617
0.8811947 -0.1458325 0.4496986
0.8925824 -0.161844 0.4208362
0.8960747 -0.1261282 0.4256077
0.9281521 0.2179068 0.3017453
0.9206753 0.2052239 0.3320245
0.9327581 0.184927 0.3094583
0.8811947 0.1458325 0.4496987
0.8960747 0.1261282 0.4256077
0.8925824 0.161844 0.4208363
0.943376 0.05078332 0.3278149
0.9418706 0.08455555 0.3251617
0.9333096 0.06894699 0.3523912
0.7502567 -0.6611466 0
0.7705266 -0.6371166 -0.01927089
0.7705265 -0.6371166 0.01927089
0.8405081 -0.5335624 -0.09411466
0.8424376 -0.5358205 -0.05652662
0.8247054 -0.5604482 -0.07588713
0.8405081 -0.5335624 0.09411465
0.8247054 -0.5604482 0.07588713
0.8424376 -0.5358205 0.05652661
0.9281521 -0.3017453 -0.2179068
0.9327581 -0.3094583 -0.184927
0.9206753 -0.3320245 -0.2052239
0.943376 -0.3278149 -0.05078332
0.9333096 -0.3523912 -0.06894699
0.9418705 -0.3251617 -0.08455554
0.8811947 -0.4496986 -0.1458325
0.8925824 -0.4208362 -0.161844
0.8960747 -0.4256077 -0.1261282
0.9281521 -0.3017453 0.2179068
0.9206753 -0.3320245 0.2052239
0.9327581 -0.3094583 0.184927
0.8811947 -0.4496987 0.1458325
0.8960747 -0.4256077 0.1261282
0.8925824 -0.4208363 0.161844
0.943376 -0.3278149 0.05078332
0.9418705 -0.3251617 0.08455554
0.9333096 -0.3523912 0.06894699
0.7502567 0 -0.6611466
0.7705266 0.01927089 -0.6371166
0.7705266 -0.01927089 -0.6371166
0.840508 0.09411465 -0.5335623
0.8424376 0.05652662 -0.5358205
0.8247054 0.07588712 -0.5604482
0.840508 -0.09411465 -0.5335623
0.8247054 -0.07588712 -0.5604482
0.8424376 -0.05652661 -0.5358205
0.9281521 0.2179068 -0.3017453
0.9327581 0.184927 -0.3094583
0.9206753 0.2052239 -0.3320245
0.943376 0.05078332 -0.3278149
0.9333096 0.06894699 -0.3523912
0.9418706 0.08455555 -0.3251617
0.8811947 0.1458325 -0.4496986
0.8925824 0.161844 -0.4208362
0.8960747 0.1261282 -0.4256077
0.9281521 -0.2179068 -0.3017453
0.9206753 -0.2052239 -0.3320245
0.9327581 -0.184927 -0.3094583
0.8811947 -0.1458325 -0.4496987
0.8960747 -0.1261282 -0.4256077
0.8925824 -0.161844 -0.4208363
0.943376 -0.05078332 -0.3278149
0.9418706 -0.08455555 -0.3251617
0.9333096 -0.06894699 -0.3523912
0.7502567 0.6611466 0
0.7705266 0.6371166 0.01927089
0.7705265 0.6371166 -0.01927089
0.8405081 0.5335624 0.09411466
0.8424376 0.5358205 0.05652662
0.8247054 0.5604482 0.07588713
0.8405081 0.5335624 -0.09411465
0.8247054 0.5604482 -0.07588713
0.8424376 0.5358205 -0.05652661
0.9281521 0.3017453 0.2179068
0.9327581 0.3094583 0.184927
0.9206753 0.3320245 0.2052239
0.943376 0.3278149 0.05078332
0.9333096 0.3523912 0.06894699
0.9418705 0.3251617 0.08455554
0.8811947 0.4496986 0.1458325
0.8925824 0.4208362 0.161844
0.8960747 0.4256077 0.1261282
0.9281521 0.3017453 -0.2179068
0.9206753 0.3320245 -0.2052239
0.9327581 0.3094583 -0.184927
0.8811947 0.4496987 -0.1458325
0.8960747 0.4256077 -0.1261282
0.8925824 0.4208363 -0.161844
0.943376 0.3278149 -0.05078332
0.9418705 0.3251617 -0.08455554
0.9333096 0.3523912 -0.06894699
0.6611466 0 0.7502567
0.6371166 0.01927089 0.7705266
0.6371166 -0.01927089 0.7705266
0.5335623 0.09411465 0.840508
0.5358205 0.05652662 0.8424376
0.5604482 0.07588713 0.8247054
0.5335623 -0.09411465 0.840508
0.5604482 -0.07588713 0.8247054
0.5358205 -0.05652661 0.8424376
0.3017453 0.2179068 0.9281521
0.3094583 0.184927 0.9327581
0.3320245 0.2052239 0.9206753
0.3278149 0.05078332 0.943376
0.3523912 0.06894699 0.9333096
0.3251617 0.08455555 0.9418706
0.4496986 0.1458325 0.8811947
0.4208363 0.1618441 0.8925824
0.4256077 0.1261282 0.8960747
0.3017453 -0.2179068 0.9281521
0.3320245 -0.2052239 0.9206753
0.3094583 -0.184927 0.9327581
0.4496987 -0.1458325 0.8811947
0.4256077 -0.1261282 0.8960747
0.4208363 -0.161844 0.8925824
0.3278149 -0.05078332 0.943376
0.3251617 -0.08455555 0.9418706
0.3523912 -0.06894699 0.9333096
0 0.6611466 0.7502567
-0.01927089 0.6371166 0.7705266
0.01927089 0.6371166 0.7705266
-0.09411465 0.5335623 0.840508
-0.05652662 0.5358205 0.8424376
-0.07588713 0.5604482 0.8247054
0.09411465 0.5335623 0.840508
0.07588713 0.5604482 0.8247054
0.05652661 0.5358205 0.8424376
-0.2179068 0.3017453 0.9281521
-0.184927 0.3094583 0.9327581
-0.2052239 0.3320245 0.9206753
-0.05078332 0.3278149 0.943376
-0.06894699 0.3523912 0.9333096
-0.08455555 0.3251617 0.9418706
-0.1458325 0.4496986 0.8811947
-0.1618441 0.4208363 0.8925824
-0.1261282 0.4256077 0.8960747
0.2179068 0.3017453 0.9281521
0.2052239 0.3320245 0.9206753
0.184927 0.3094583 0.9327581
0.1458325 0.4496987 0.8811947
0.1261282 0.4256077 0.8960747
0.161844 0.4208363 0.8925824
0.05078332 0.3278149 0.943376
0.08455555 0.3251617 0.9418706
0.06894699 0.3523912 0.9333096
-0.6611466 0 0.7502567
-0.6371166 -0.01927089 0.7705266
-0.6371166 0.01927089 0.7705266
-0.5335623 -0.09411465 0.840508
-0.5358205 -0.05652662 0.8424376
-0.5604482 -0.07588713 0.8247054
-0.5335623 0.09411465 0.840508
-0.5604482 0.07588713 0.8247054
-0.5358205 0.05652661 0.8424376
-0.3017453 -0.2179068 0.9281521
-0.3094583 -0.184927 0.9327581
-0.3320245 -0.2052239 0.9206753
-0.3278149 -0.05078332 0.943376
-0.3523912 -0.06894699 0.9333096
-0.3251617 -0.08455555 0.9418706
-0.4496986 -0.1458325 0.8811947
-0.4208363 -0.1618441 0.8925824
-0.4256077 -0.1261282 0.8960747
-0.3017453 0.2179068 0.9281521
-0.3320245 0.2052239 0.9206753
-0.3094583 0.184927 0.9327581
-0.4496987 0.1458325 0.8811947
-0.4256077 0.1261282 0.8960747
-0.4208363 0.161844 0.8925824
-0.3278149 0.05078332 0.943376
-0.3251617 0.08455555 0.9418706
-0.3523912 0.06894699 0.9333096
0 -0.6611466 0.7502567
0.01927089 -0.6371166 0.7705266
-0.01927089 -0.6371166 0.7705266
0.09411465 -0.5335623 0.840508
0.05652662 -0.5358205 0.8424376
0.07588713 -0.5604482 0.8247054
-0.09411465 -0.5335623 0.840508
-0.07588713 -0.5604482 0.8247054
-0.05652661 -0.5358205 0.8424376
0.2179068 -0.3017453 0.9281521
0.184927 -0.3094583 0.9327581
0.2052239 -0.3320245 0.9206753
0.05078332 -0.3278149 0.943376
0.06894699 -0.3523912 0.9333096
0.08455555 -0.3251617 0.9418706
0.1458325 -0.4496986 0.8811947
0.1618441 -0.4208363 0.8925824
0.1261282 -0.4256077 0.8960747
-0.2179068 -0.3017453 0.9281521
-0.2052239 -0.3320245 0.9206753
-0.184927 -0.3094583 0.9327581
-0.1458325 -0.4496987 0.8811947
-0.1261282 -0.4256077 0.8960747
-0.161844 -0.4208363 0.8925824
-0.05078332 -0.3278149 0.943376
-0.08455555 -0.3251617 0.9418706
-0.06894699 -0.3523912 0.9333096
-0.7502567 0 -0.6611466
-0.7705266 -0.01927089 -0.6371166
-0.7705266 0.01927089 -0.6371166
-0.840508 -0.09411465 -0.5335623
-0.8424376 -0.05652662 -0.5358205
-0.8247054 -0.07588712 -0.5604482
-0.840508 0.09411465 -0.5335623
-0.8247054 0.07588712 -0.5604482
-0.8424376 0.05652661 -0.5358205
-0.9281521 -0.2179068 -0.3017453
-0.9327581 -0.184927 -0.3094583
-0.9206753 -0.2052239 -0.3320245
-0.943376 -0.05078332 -0.3278149
-0.9333096 -0.06894699 -0.3523912
-0.9418706 -0.08455555 -0.3251617
-0.8811947 -0.1458325 -0.4496986
-0.8925824 -0.161844 -0.4208362
-0.8960747 -0.1261282 -0.4256077
-0.9281521 0.2179068 -0.3017453
-0.9206753 0.2052239 -0.3320245
-0.9327581 0.184927 -0.3094583
-0.8811947 0.1458325 -0.4496987
-0.8960747 0.1261282 -0.4256077
-0.8925824 0.161844 -0.4208363
-0.943376 0.05078332 -0.3278149
-0.9418706 0.08455555 -0.3251617
-0.9333096 0.06894699 -0.3523912
-0.7502567 -0.6611466 0
-0.7705266 -0.6371166 0.01927089
-0.7705265 -0.6371166 -0.01927089
-0.8405081 -0.5335624 0.09411466
-0.8424376 -0.5358205 0.05652662
-0.8247054 -0.5604482 0.07588713
-0.8405081 -0.5335624 -0.09411465
-0.8247054 -0.5604482 -0.07588713
-0.8424376 -0.5358205 -0.05652661
-0.9281521 -0.3017453 0.2179068
-0.9327581 -0.3094583 0.184927
-0.9206753 -0.3320245 0.2052239
-0.943376 -0.3278149 0.05078332
-0.9333096 -0.3523912 0.06894699
-0.9418705 -0.3251617 0.08455554
-0.8811947 -0.4496986 0.1458325
-0.8925824 -0.4208362 0.161844
-0.8960747 -0.4256077 0.1261282
-0.9281521 -0.3017453 -0.2179068
-0.9206753 -0.3320245 -0.2052239
-0.9327581 -0.3094583 -0.184927
-0.8811947 -0.4496987 -0.1458325
-0.8960747 -0.4256077 -0.1261282
-0.8925824 -0.4208363 -0.161844
-0.943376 -0.3278149 -0.05078332
-0.9418705 -0.3251617 -0.08455554
-0.9333096 -0.3523912 -0.06894699
-0.7502567 0 0.6611466
-0.7705266 0.01927089 0.6371166
-0.7705266 -0.01927089 0.6371166
-0.840508 0.09411465 0.5335623
-0.8424376 0.05652662 0.5358205
-0.8247054 0.07588712 0.5604482
-0.840508 -0.09411465 0.5335623
-0.8247054 -0.07588712 0.5604482
-0.8424376 -0.05652661 0.5358205
-0.9281521 0.2179068 0.3017453
-0.9327581 0.184927 0.3094583
-0.9206753 0.2052239 0.3320245
-0.943376 0.05078332 0.3278149
-0.9333096 0.06894699 0.3523912
-0.9418706 0.08455555 0.3251617
-0.8811947 0.1458325 0.4496986
-0.8925824 0.161844 0.4208362
-0.8960747 0.1261282 0.4256077
-0.9281521 -0.2179068 0.3017453
-0.9206753 -0.2052239 0.3320245
-0.9327581 -0.184927 0.3094583
-0.8811947 -0.1458325 0.4496987
-0.8960747 -0.1261282 0.4256077
-0.8925824 -0.161844 0.4208363
-0.943376 -0.05078332 0.3278149
-0.9418706 -0.08455555 0.3251617
-0.9333096 -0.06894699 0.3523912
-0.7502567 0.6611466 0
-0.7705266 0.6371166 -0.01927089
-0.7705265 0.6371166 0.01927089
-0.8405081 0.5335624 -0.09411466
-0.8424376 0.5358205 -0.05652662
-0.8247054 0.5604482 -0.07588713
-0.8405081 0.5335624 0.09411465
-0.8247054 0.5604482 0.07588713
-0.8424376 0.5358205 0.05652661
-0.9281521 0.3017453 -0.2179068
-0.9327581 0.3094583 -0.184927
-0.9206753 0.3320245 -0.2052239
-0.943376 0.3278149 -0.05078332
-0.9333096 0.3523912 -0.06894699
-0.9418705 0.3251617 -0.08455554
-0.8811947 0.4496986 -0.1458325
-0.8925824 0.4208362 -0.161844
-0.8960747 0.4256077 -0.1261282
-0.9281521 0.3017453 0.2179068
-0.9206753 0.3320245 0.2052239
-0.9327581 0.3094583 0.184927
-0.8811947 0.4496987 0.1458325
-0.8960747 0.4256077 0.1261282
-0.8925824 0.4208363 0.161844
-0.943376 0.3278149 0.05078332
-0.9418705 0.3251617 0.08455554
-0.9333096 0.3523912 0.06894699
0 0.7502567 0.6611466
0.01927089 0.7705266 0.6371166
-0.01927089 0.7705266 0.6371166
0.09411465 0.840508 0.5335623
0.05652662 0.8424376 0.5358205
0.07588712 0.8247054 0.5604482
-0.09411465 0.840508 0.5335623
-0.07588712 0.8247054 0.5604482
-0.05652661 0.8424376 0.5358205
0.2179068 0.9281521 0.3017453
0.184927 0.9327581 0.3094583
0.2052239 0.9206753 0.3320245
0.05078332 0.943376 0.3278149
0.06894699 0.9333096 0.3523912
0.08455555 0.9418706 0.3251617
0.1458325 0.8811947 0.4496986
0.161844 0.8925824 0.4208362
0.1261282 0.8960747 0.4256077
-0.2179068 0.9281521 0.3017453
-0.2052239 0.9206753 0.3320245
-0.184927 0.9327581 0.3094583
-0.1458325 0.8811947 0.4496987
-0.1261282 0.8960747 0.4256077
-0.161844 0.8925824 0.4208363
-0.05078332 0.943376 0.3278149
-0.08455555 0.9418706 0.3251617
-0.06894699 0.9333096 0.3523912
0.6611466 0.7502567 0
0.6371166 0.7705266 -0.01927089
0.6371166 0.7705265 0.01927089
0.5335624 0.8405081 -0.09411466
0.5358205 0.8424376 -0.05652662
0.5604482 0.8247054 -0.07588713
0.5335624 0.8405081 0.09411465
0.5604482 0.8247054 0.07588713
0.5358205 0.8424376 0.05652661
0.3017453 0.9281521 -0.2179068
0.3094583 0.9327581 -0.184927
0.3320245 0.9206753 -0.2052239
0.3278149 0.943376 -0.05078332
0.3523912 0.9333096 -0.06894699
0.3251617 0.9418705 -0.08455554
0.4496986 0.8811947 -0.1458325
0.4208362 0.8925824 -0.161844
0.4256077 0.8960747 -0.1261282
0.3017453 0.9281521 0.2179068
0.3320245 0.9206753 0.2052239
0.3094583 0.9327581 0.184927
0.4496987 0.8811947 0.1458325
0.4256077 0.8960747 0.1261282
0.4208363 0.8925824 0.161844
0.3278149 0.943376 0.05078332
0.3251617 0.9418705 0.08455554
0.3523912 0.9333096 0.06894699
0 0.7502567 -0.6611466
-0.01927089 0.7705266 -0.6371166
0.01927089 0.7705266 -0.6371166
-0.09411465 0.840508 -0.5335623
-0.05652662 0.8424376 -0.5358205
-0.07588712 0.8247054 -0.5604482
0.09411465 0.840508 -0.5335623
0.07588712 0.8247054 -0.5604482
0.05652661 0.8424376 -0.5358205
-0.2179068 0.9281521 -0.3017453
-0.184927 0.9327581 -0.3094583
-0.2052239 0.9206753 -0.3320245
-0.05078332 0.943376 -0.3278149
-0.06894699 0.9333096 -0.3523912
-0.08455555 0.9418706 -0.3251617
-0.1458325 0.8811947 -0.4496986
-0.161844 0.8925824 -0.4208362
-0.1261282 0.8960747 -0.4256077
0.2179068 0.9281521 -0.3017453
0.2052239 0.9206753 -0.3320245
0.184927 0.9327581 -0.3094583
0.1458325 0.8811947 -0.4496987
0.1261282 0.8960747 -0.4256077
0.161844 0.8925824 -0.4208363
0.05078332 0.943376 -0.3278149
0.08455555 0.9418706 -0.3251617
0.06894699 0.9333096 -0.3523912
-0.6611466 0.7502567 0
-0.6371166 0.7705266 0.01927089
-0.6371166 0.7705265 -0.01927089
-0.5335624 0.8405081 0.09411466
-0.5358205 0.8424376 0.05652662
-0.5604482 0.8247054 0.07588713
-0.5335624 0.8405081 -0.09411465
-0.5604482 0.8247054 -0.07588713
-0.5358205 0.8424376 -0.05652661
-0.3017453 0.9281521 0.2179068
-0.3094583 0.9327581 0.184927
-0.3320245 0.9206753 0.2052239
-0.3278149 0.943376 0.05078332
-0.3523912 0.9333096 0.06894699
-0.3251617 0.9418705 0.08455554
-0.4496986 0.8811947 0.1458325
-0.4208362 0.8925824 0.161844
-0.4256077 0.8960747 0.1261282
-0.3017453 0.9281521 -0.2179068
-0.3320245 0.9206753 -0.2052239
-0.3094583 0.9327581 -0.184927
-0.4496987 0.8811947 -0.1458325
-0.4256077 0.8960747 -0.1261282
-0.4208363 0.8925824 -0.161844
-0.3278149 0.943376 -0.05078332
-0.3251617 0.9418705 -0.08455554
-0.3523912 0.9333096 -0.06894699
0 -0.7502567 -0.6611466
0.01927089 -0.7705266 -0.6371166
-0.01927089 -0.7705266 -0.6371166
0.09411465 -0.840508 -0.5335623
0.05652662 -0.8424376 -0.5358205
0.07588712 -0.8247054 -0.5604482
-0.09411465 -0.840508 -0.5335623
-0.07588712 -0.8247054 -0.5604482
-0.05652661 -0.8424376 -0.5358205
0.2179068 -0.9281521 -0.3017453
0.184927 -0.9327581 -0.3094583
0.2052239 -0.9206753 -0.3320245
0.05078332 -0.943376 -0.3278149
0.06894699 -0.9333096 -0.3523912
0.08455555 -0.9418706 -0.3251617
0.1458325 -0.8811947 -0.4496986
0.161844 -0.8925824 -0.4208362
0.1261282 -0.8960747 -0.4256077
-0.2179068 -0.9281521 -0.3017453
-0.2052239 -0.9206753 -0.3320245
-0.184927 -0.9327581 -0.3094583
-0.1458325 -0.8811947 -0.4496987
-0.1261282 -0.8960747 -0.4256077
-0.161844 -0.8925824 -0.4208363
-0.05078332 -0.943376 -0.3278149
-0.08455555 -0.9418706 -0.3251617
-0.06894699 -0.9333096 -0.3523912
0.6611466 -0.7502567 0
0.6371166 -0.7705266 0.01927089
0.6371166 -0.7705265 -0.01927089
0.5335624 -0.8405081 0.09411466
0.5358205 -0.8424376 0.05652662
0.5604482 -0.8247054 0.07588713
0.5335624 -0.8405081 -0.09411465
0.5604482 -0.8247054 -0.07588713
0.5358205 -0.8424376 -0.05652661
0.3017453 -0.9281521 0.2179068
0.3094583 -0.9327581 0.184927
0.3320245 -0.9206753 0.2052239
0.3278149 -0.943376 0.05078332
0.3523912 -0.9333096 0.06894699
0.3251617 -0.9418705 0.08455554
0.4496986 -0.8811947 0.1458325
0.4208362 -0.8925824 0.161844
0.4256077 -0.8960747 0.1261282
0.3017453 -0.9281521 -0.2179068
0.3320245 -0.9206753 -0.2052239
0.3094583 -0.9327581 -0.184927
0.4496987 -0.8811947 -0.1458325
0.4256077 -0.8960747 -0.1261282
0.4208363 -0.8925824 -0.161844
0.3278149 -0.943376 -0.05078332
0.3251617 -0.9418705 -0.08455554
0.3523912 -0.9333096 -0.06894699
0 -0.7502567 0.6611466
-0.01927089 -0.7705266 0.6371166
0.01927089 -0.7705266 0.6371166
-0.09411465 -0.840508 0.5335623
-0.05652662 -0.8424376 0.5358205
-0.07588712 -0.8247054 0.5604482
0.09411465 -0.840508 0.5335623
0.07588712 -0.8247054 0.5604482
0.05652661 -0.8424376 0.5358205
-0.2179068 -0.9281521 0.3017453
-0.184927 -0.9327581 0.3094583
-0.2052239 -0.9206753 0.3320245
-0.05078332 -0.943376 0.3278149
-0.06894699 -0.9333096 0.3523912
-0.08455555 -0.9418706 0.3251617
-0.1458325 -0.8811947 0.4496986
-0.161844 -0.8925824 0.4208362
-0.1261282 -0.8960747 0.4256077
0.2179068 -0.9281521 0.3017453
0.2052239 -0.9206753 0.3320245
0.184927 -0.9327581 0.3094583
0.1458325 -0.8811947 0.4496987
0.1261282 -0.8960747 0.4256077
0.161844 -0.8925824 0.4208363
0.05078332 -0.943376 0.3278149
0.08455555 -0.9418706 0.3251617
0.06894699 -0.9333096 0.3523912
-0.6611466 -0.7502567 0
-0.6371166 -0.7705266 -0.01927089
-0.6371166 -0.7705265 0.01927089
-0.5335624 -0.8405081 -0.09411466
-0.5358205 -0.8424376 -0.05652662
-0.5604482 -0.8247054 -0.07588713
-0.5335624 -0.8405081 0.09411465
-0.5604482 -0.8247054 0.07588713
-0.5358205 -0.8424376 0.05652661
-0.3017453 -0.9281521 -0.2179068
-0.3094583 -0.9327581 -0.184927
-0.3320245 -0.9206753 -0.2052239
-0.3278149 -0.943376 -0.05078332
-0.3523912 -0.9333096 -0.06894699
-0.3251617 -0.9418705 -0.08455554
-0.4496986 -0.8811947 -0.1458325
-0.4208362 -0.8925824 -0.161844
-0.4256077 -0.8960747 -0.1261282
-0.3017453 -0.9281521 0.2179068
-0.3320245 -0.9206753 0.2052239
-0.3094583 -0.9327581 0.184927
-0.4496987 -0.8811947 0.1458325
-0.4256077 -0.8960747 0.1261282
-0.4208363 -0.8925824 0.161844
-0.3278149 -0.943376 0.05078332
-0.3251617 -0.9418705 0.08455554
-0.3523912 -0.9333096 0.06894699
-0.01707204 0 -0.9998543
-0.02952643 -0.008711508 -0.999526
-0.02952643 0.008711508 -0.999526
-0.09138064 -0.06090808 -0.9939516
-0.09563915 -0.03659465 -0.9947432
-0.07440989 -0.04589501 -0.9961711
-0.09138064 0.06090808 -0.9939516
-0.07440989 0.04589501 -0.9961711
-0.09563915 0.03659465 -0.9947432
-0.2496157 -0.2089049 -0.9455426
-0.2577823 -0.1772978 -0.9497967
-0.2283278 -0.1885524 -0.9551516
-0.2771821 -0.04869411 -0.9595827
-0.2511188 -0.06336414 -0.9658802
-0.2743812 -0.08107567 -0.9581971
-0.1466749 -0.1115815 -0.9828714
-0.166417 -0.1300133 -0.9774466
-0.1728509 -0.1013432 -0.9797204
-0.2496157 0.2089049 -0.9455426
-0.2283278 0.1885524 -0.9551516
-0.2577823 0.1772978 -0.9497967
-0.1466749 0.1115815 -0.9828714
-0.1728509 0.1013432 -0.9797204
-0.166417 0.1300133 -0.9774466
-0.2771821 0.04869411 -0.9595827
-0.2743812 0.08107567 -0.9581971
-0.2511188 0.06336414 -0.9658802
-0.5762998 -0.5297914 -0.6222535
-0.5902207 -0.497142 -0.6359947
-0.5594614 -0.5128554 -0.6511392
-0.6370289 -0.3588547 -0.6822152
-0.6083872 -0.3761893 -0.6988181
-0.626717 -0.3944616 -0.672031
-0.4852091 -0.4388061 -0.7563209
-0.5047313 -0.4581853 -0.7316505
-0.5172202 -0.4242975 -0.7432731
-0.6832519 -0.05802062 -0.727874
-0.659001 -0.07720754 -0.7481689
-0.6811219 -0.09659838 -0.7257698
-0.5538131 -0.151305 -0.8187783
-0.5768713 -0.1710599 -0.7987227
-0.5812261 -0.1333244 -0.8027458
-0.6620736 -0.2487492 -0.706953
-0.6683984 -0.2111595 -0.7132007
-0.6419501 -0.2296572 -0.7315447
-0.3147552 -0.2717671 -0.9094349
-0.3367216 -0.2930946 -0.8948262
-0.346233 -0.2596276 -0.9015078
-0.4235363 -0.377945 -0.8232707
-0.4344877 -0.3437201 -0.8325124
-0.4021657 -0.3569728 -0.8431093
-0.467867 -0.20205 -0.860393
-0.4381412 -0.2176624 -0.8721555
-0.4611127 -0.2380666 -0.8548095
-0.5762998 0.5297914 -0.6222535
-0.5594614 0.5128554 -0.6511392
-0.5902207 0.497142 -0.6359947
-0.4852091 0.4388061 -0.7563209
-0.5172202 0.4242975 -0.7432731
-0.5047313 0.4581853 -0.7316505
-0.6370289 0.3588547 -0.6822152
-0.626717 0.3944616 -0.672031
-0.6083872 0.3761893 -0.6988181
-0.3147552 0.2717671 -0.9094349
-0.346233 0.2596276 -0.9015078
-0.3367216 0.2930946 -0.8948262
-0.467867 0.20205 -0.860393
-0.4611127 0.2380666 -0.8548095
-0.4381412 0.2176624 -0.8721555
-0.4235363 0.377945 -0.8232707
-0.4021657 0.3569728 -0.8431093
-0.4344877 0.3437201 -0.8325124
-0.6832519 0.05802062 -0.727874
-0.6811219 0.09659838 -0.7257698
-0.659001 0.07720754 -0.7481689
-0.6620736 0.2487492 -0.706953
-0.6419501 0.2296572 -0.7315447
-0.6683984 0.2111595 -0.7132007
-0.553813 0.151305 -0.8187783
-0.5812261 0.1333244 -0.8027458
-0.5768713 0.1710599 -0.7987227
0 0.01707204 -0.9998543
-0.008711508 0.02952643 -0.999526
0.008711508 0.02952643 -0.999526
-0.06090808 0.09138064 -0.9939516
-0.03659465 0.09563915 -0.9947432
-0.04589501 0.07440989 -0.9961711
0.06090808 0.09138064 -0.9939516
0.04589501 0.07440989 -0.9961711
0.03659465 0.09563915 -0.9947432
-0.2089049 0.2496157 -0.9455426
-0.1772978 0.2577823 -0.9497967
-0.1885524 0.2283278 -0.9551516
-0.04869411 0.2771821 -0.9595827
-0.06336414 0.2511188 -0.9658802
-0.08107567 0.2743812 -0.9581971
-0.1115815 0.1466749 -0.9828714
-0.1300133 0.166417 -0.9774466
-0.1013432 0.1728509 -0.9797204
0.2089049 0.2496157 -0.9455426
0.1885524 0.2283278 -0.9551516
0.1772978 0.2577823 -0.9497967
0.1115815 0.1466749 -0.9828714
0.1013432 0.1728509 -0.9797204
0.1300133 0.166417 -0.9774466
0.04869411 0.2771821 -0.9595827
0.08107567 0.2743812 -0.9581971
0.06336414 0.2511188 -0.9658802
-0.5297914 0.5762998 -0.6222535
-0.497142 0.5902207 -0.6359947
-0.5128554 0.5594615 -0.6511393
-0.3588547 0.6370289 -0.6822152
-0.3761893 0.6083872 -0.6988181
-0.3944616 0.626717 -0.672031
-0.4388061 0.4852091 -0.7563209
-0.4581853 0.5047313 -0.7316505
-0.4242975 0.5172202 -0.7432731
-0.05802062 0.6832519 -0.727874
-0.07720754 0.659001 -0.7481689
-0.09659838 0.6811219 -0.7257698
-0.151305 0.5538131 -0.8187783
-0.1710599 0.5768713 -0.7987227
-0.1333244 0.5812261 -0.8027458
-0.2487492 0.6620736 -0.706953
-0.2111595 0.6683984 -0.7132007
-0.2296572 0.6419501 -0.7315447
-0.2717671 0.3147552 -0.9094349
-0.2930946 0.3367216 -0.8948262
-0.2596276 0.346233 -0.9015078
-0.377945 0.4235363 -0.8232707
-0.3437201 0.4344877 -0.8325124
-0.3569728 0.4021657 -0.8431093
-0.20205 0.467867 -0.860393
-0.2176624 0.4381412 -0.8721555
-0.2380666 0.4611127 -0.8548095
0.5297915 0.5762998 -0.6222535
0.5128554 0.5594614 -0.6511392
0.497142 0.5902207 -0.6359947
0.4388061 0.4852091 -0.7563209
0.4242975 0.5172202 -0.7432731
0.4581853 0.5047313 -0.7316505
0.3588547 0.6370289 -0.6822152
0.3944616 0.626717 -0.672031
0.3761893 0.6083872 -0.6988181
0.2717671 0.3147552 -0.9094349
0.2596276 0.346233 -0.9015078
0.2930946 0.3367216 -0.8948262
0.20205 0.467867 -0.860393
0.2380666 0.4611127 -0.8548095
0.2176624 0.4381412 -0.8721555
0.377945 0.4235363 -0.8232707
0.3569728 0.4021657 -0.8431093
0.3437201 0.4344877 -0.8325124
0.05802062 0.6832519 -0.727874
0.09659838 0.6811219 -0.7257698
0.07720754 0.659001 -0.7481689
0.2487492 0.6620736 -0.706953
0.2296572 0.6419501 -0.7315447
0.2111595 0.6683984 -0.7132007
0.151305 0.553813 -0.8187783
0.1333244 0.5812261 -0.8027458
0.1710599 0.5768713 -0.7987227
0.01707204 0 -0.9998543
0.02952643 0.008711508 -0.999526
0.02952643 -0.008711508 -0.999526
0.09138064 0.06090808 -0.9939516
0.09563915 0.03659465 -0.9947432
0.07440989 0.04589501 -0.9961711
0.09138064 -0.06090808 -0.9939516
0.07440989 -0.04589501 -0.9961711
0.09563915 -0.03659465 -0.9947432
0.2496157 0.2089049 -0.9455426
0.2577823 0.1772978 -0.9497967
0.2283278 0.1885524 -0.9551516
0.2771821 0.04869411 -0.9595827
0.2511188 0.06336414 -0.9658802
0.2743812 0.08107567 -0.9581971
0.1466749 0.1115815 -0.9828714
0.166417 0.1300133 -0.9774466
0.1728509 0.1013432 -0.9797204
0.2496157 -0.2089049 -0.9455426
0.2283278 -0.1885524 -0.9551516
0.2577823 -0.1772978 -0.9497967
0.1466749 -0.1115815 -0.9828714
0.1728509 -0.1013432 -0.9797204
0.166417 -0.1300133 -0.9774466
0.2771821 -0.04869411 -0.9595827
0.2743812 -0.08107567 -0.9581971
0.2511188 -0.06336414 -0.9658802
0.5762998 0.5297914 -0.6222535
0.5902207 0.497142 -0.6359947
0.5594615 0.5128554 -0.6511393
0.6370289 0.3588547 -0.6822152
0.6083872 0.3761893 -0.6988181
0.626717 0.3944616 -0.672031
0.4852091 0.4388061 -0.7563209
0.5047313 0.4581853 -0.7316505
0.5172202 0.4242975 -0.7432731
0.6832519 0.05802062 -0.727874
0.659001 0.07720754 -0.7481689
0.6811219 0.09659838 -0.7257698
0.5538131 0.151305 -0.8187783
0.5768713 0.1710599 -0.7987227
0.5812261 0.1333244 -0.8027458
0.6620736 0.2487492 -0.706953
0.6683984 0.2111595 -0.7132007
0.6419501 0.2296572 -0.7315447
0.3147552 0.2717671 -0.9094349
0.3367216 0.2930946 -0.8948262
0.346233 0.2596276 -0.9015078
0.4235363 0.377945 -0.8232707
0.4344877 0.3437201 -0.8325124
0.4021657 0.3569728 -0.8431093
0.467867 0.20205 -0.860393
0.4381412 0.2176624 -0.8721555
0.4611127 0.2380666 -0.8548095
0.5762998 -0.5297914 -0.6222535
0.5594614 -0.5128554 -0.6511392
0.5902207 -0.497142 -0.6359947
0.4852091 -0.4388061 -0.7563209
0.5172202 -0.4242975 -0.7432731
0.5047313 -0.4581853 -0.7316505
0.6370289 -0.3588547 -0.6822152
0.626717 -0.3944616 -0.672031
0.6083872 -0.3761893 -0.6988181
0.3147552 -0.2717671 -0.9094349
0.346233 -0.2596276 -0.9015078
0.3367216 -0.2930946 -0.8948262
0.467867 -0.20205 -0.860393
0.4611127 -0.2380666 -0.8548095
0.4381412 -0.2176624 -0.8721555
0.4235363 -0.377945 -0.8232707
0.4021657 -0.3569728 -0.8431093
0.4344877 -0.3437201 -0.8325124
0.6832519 -0.05802062 -0.727874
0.6811219 -0.09659838 -0.7257698
0.659001 -0.07720754 -0.7481689
0.6620736 -0.2487492 -0.706953
0.6419501 -0.2296572 -0.7315447
0.6683984 -0.2111595 -0.7132007
0.553813 -0.151305 -0.8187783
0.5812261 -0.1333244 -0.8027458
0.5768713 -0.1710599 -0.7987227
0 -0.01707204 -0.9998543
0.008711508 -0.02952643 -0.999526
-0.008711508 -0.02952643 -0.999526
0.06090808 -0.09138064 -0.9939516
0.03659465 -0.09563915 -0.9947432
0.04589501 -0.07440989 -0.9961711
-0.06090808 -0.09138064 -0.9939516
-0.04589501 -0.07440989 -0.9961711
-0.03659465 -0.09563915 -0.9947432
0.2089049 -0.2496157 -0.9455426
0.1772978 -0.2577823 -0.9497967
0.1885524 -0.2283278 -0.9551516
0.04869411 -0.2771821 -0.9595827
0.06336414 -0.2511188 -0.9658802
0.08107567 -0.2743812 -0.9581971
0.1115815 -0.1466749 -0.9828714
0.1300133 -0.166417 -0.9774466
0.1013432 -0.1728509 -0.9797204
-0.2089049 -0.2496157 -0.9455426
-0.1885524 -0.2283278 -0.9551516
-0.1772978 -0.2577823 -0.9497967
-0.1115815 -0.1466749 -0.9828714
-0.1013432 -0.1728509 -0.9797204
-0.1300133 -0.166417 -0.9774466
-0.04869411 -0.2771821 -0.9595827
-0.08107567 -0.2743812 -0.9581971
-0.06336414 -0.2511188 -0.9658802
0.5297914 -0.5762998 -0.6222535
0.497142 -0.5902207 -0.6359947
0.5128554 -0.5594615 -0.6511393
0.3588547 -0.6370289 -0.6822152
0.3761893 -0.6083872 -0.6988181
0.3944616 -0.626717 -0.672031
0.4388061 -0.4852091 -0.7563209
0.4581853 -0.5047313 -0.7316505
0.4242975 -0.5172202 -0.7432731
0.05802062 -0.6832519 -0.727874
0.07720754 -0.659001 -0.7481689
0.09659838 -0.6811219 -0.7257698
0.151305 -0.5538131 -0.8187783
0.1710599 -0.5768713 -0.7987227
0.1333244 -0.5812261 -0.8027458
0.2487492 -0.6620736 -0.706953
0.2111595 -0.6683984 -0.7132007
0.2296572 -0.6419501 -0.7315447
0.2717671 -0.3147552 -0.9094349
0.2930946 -0.3367216 -0.8948262
0.2596276 -0.346233 -0.9015078
0.377945 -0.4235363 -0.8232707
0.3437201 -0.4344877 -0.8325124
0.3569728 -0.4021657 -0.8431093
0.20205 -0.467867 -0.860393
0.2176624 -0.4381412 -0.8721555
0.2380666 -0.4611127 -0.8548095
-0.5297914 -0.5762998 -0.6222535
-0.5128554 -0.5594614 -0.6511392
-0.497142 -0.5902207 -0.6359947
-0.4388061 -0.4852091 -0.7563209
-0.4242975 -0.5172202 -0.7432731
-0.4581853 -0.5047313 -0.7316505
-0.3588547 -0.6370289 -0.6822152
-0.3944616 -0.626717 -0.672031
-0.3761893 -0.6083872 -0.6988181
-0.2717671 -0.3147552 -0.9094349
-0.2596276 -0.346233 -0.9015078
-0.2930946 -0.3367216 -0.8948262
-0.20205 -0.467867 -0.860393
-0.2380666 -0.4611127 -0.8548095
-0.2176624 -0.4381412 -0.8721555
-0.377945 -0.4235363 -0.8232707
-0.3569728 -0.4021657 -0.8431093
-0.3437201 -0.4344877 -0.8325124
-0.05802062 -0.6832519 -0.727874
-0.09659838 -0.6811219 -0.7257698
-0.07720754 -0.659001 -0.7481689
-0.2487492 -0.6620736 -0.706953
-0.2296572 -0.6419501 -0.7315447
-0.2111595 -0.6683984 -0.7132007
-0.151305 -0.553813 -0.8187783
-0.1333244 -0.5812261 -0.8027458
-0.1710599 -0.5768713 -0.7987227
0.9998543 0 0.01707204
0.999526 0.008711508 0.02952643
0.999526 -0.008711508 0.02952643
0.9939516 0.06090808 0.09138064
0.9947432 0.03659465 0.09563915
0.9961711 0.04589501 0.07440989
0.9939516 -0.06090808 0.09138064
0.9961711 -0.04589501 0.07440989
0.9947432 -0.03659465 0.09563915
0.9455426 0.2089049 0.2496157
0.9497967 0.1772978 0.2577823
0.9551516 0.1885524 0.2283278
0.9595827 0.04869411 0.2771821
0.9658802 0.06336414 0.2511188
0.9581971 0.08107567 0.2743812
0.9828714 0.1115815 0.1466749
0.9774466 0.1300133 0.166417
0.9797204 0.1013432 0.1728509
0.9455426 -0.2089049 0.2496157
0.9551516 -0.1885524 0.2283278
0.9497967 -0.1772978 0.2577823
0.9828714 -0.1115815 0.1466749
0.9797204 -0.1013432 0.1728509
0.9774466 -0.1300133 0.166417
0.9595827 -0.04869411 0.2771821
0.9581971 -0.08107567 0.2743812
0.9658802 -0.06336414 0.2511188
0.6222535 0.5297914 0.5762998
0.6359947 0.497142 0.5902207
0.6511392 0.5128554 0.5594614
0.6822152 0.3588547 0.6370289
0.6988181 0.3761893 0.6083872
0.672031 0.3944616 0.626717
0.7563209 0.4388061 0.4852091
0.7316505 0.4581853 0.5047313
0.7432731 0.4242975 0.5172202
0.727874 0.05802062 0.6832519
0.7481689 0.07720754 0.659001
0.7257698 0.09659838 0.6811219
0.8187783 0.151305 0.5538131
0.7987227 0.1710599 0.5768713
0.8027458 0.1333244 0.5812261
0.706953 0.2487492 0.6620736
0.7132007 0.2111595 0.6683984
0.7315447 0.2296572 0.6419501
0.9094349 0.2717671 0.3147552
0.8948262 0.2930946 0.3367216
0.9015078 0.2596276 0.346233
0.8232707 0.377945 0.4235363
0.8325124 0.3437201 0.4344877
0.8431093 0.3569728 0.4021657
0.860393 0.20205 0.467867
0.8721555 0.2176624 0.4381412
0.8548095 0.2380666 0.4611127
0.6222535 -0.5297914 0.5762998
0.6511392 -0.5128554 0.5594614
0.6359947 -0.497142 0.5902207
0.7563209 -0.4388061 0.4852091
0.7432731 -0.4242975 0.5172202
0.7316505 -0.4581853 0.5047313
0.6822152 -0.3588547 0.6370289
0.672031 -0.3944616 0.626717
0.6988181 -0.3761893 0.6083872
0.9094349 -0.2717671 0.3147552
0.9015078 -0.2596276 0.346233
0.8948262 -0.2930946 0.3367216
0.8603932 -0.20205 0.467867
0.8548095 -0.2380666 0.4611127
0.8721555 -0.2176624 0.4381412
0.8232707 -0.377945 0.4235363
0.8431093 -0.3569728 0.4021657
0.8325124 -0.3437201 0.4344877
0.727874 -0.05802062 0.6832519
0.7257698 -0.09659838 0.6811219
0.7481689 -0.07720754 0.659001
0.706953 -0.2487492 0.6620736
0.7315447 -0.2296572 0.6419501
0.7132007 -0.2111595 0.6683984
0.8187783 -0.151305 0.553813
0.8027458 -0.1333244 0.5812261
0.7987227 -0.1710599 0.5768713
0.9998543 -0.01707204 0
0.999526 -0.02952643 0.008711508
0.999526 -0.02952643 -0.008711508
0.9939516 -0.09138064 0.06090808
0.9947432 -0.09563915 0.03659465
0.9961711 -0.07440989 0.04589501
0.9939516 -0.09138064 -0.06090808
0.9961711 -0.07440989 -0.04589501
0.9947432 -0.09563915 -0.03659465
0.9455426 -0.2496157 0.2089049
0.9497967 -0.2577823 0.1772978
0.9551516 -0.2283278 0.1885524
0.9595827 -0.2771821 0.04869411
0.9658802 -0.2511188 0.06336414
0.9581971 -0.2743812 0.08107567
0.9828714 -0.1466749 0.1115815
0.9774466 -0.166417 0.1300133
0.9797204 -0.1728509 0.1013432
0.9455426 -0.2496157 -0.2089049
0.9551516 -0.2283278 -0.1885524
0.9497967 -0.2577823 -0.1772978
0.9828714 -0.1466749 -0.1115815
0.9797204 -0.1728509 -0.1013432
0.9774466 -0.166417 -0.1300133
0.9595827 -0.2771821 -0.04869411
0.9581971 -0.2743812 -0.08107567
0.9658802 -0.2511188 -0.06336414
0.6222535 -0.5762998 0.5297914
0.6359947 -0.5902207 0.497142
0.6511393 -0.5594615 0.5128554
0.6822152 -0.6370289 0.3588547
0.6988181 -0.6083872 0.3761893
0.672031 -0.626717 0.3944616
0.7563209 -0.4852091 0.4388061
0.7316505 -0.5047313 0.4581853
0.7432731 -0.5172203 0.4242975
0.727874 -0.6832519 0.05802062
0.7481689 -0.659001 0.07720754
0.7257698 -0.6811219 0.09659838
0.8187783 -0.5538131 0.151305
0.7987228 -0.5768713 0.1710599
0.8027458 -0.5812261 0.1333244
0.706953 -0.6620736 0.2487492
0.7132007 -0.6683984 0.2111595
0.7315447 -0.6419501 0.2296572
0.9094349 -0.3147552 0.2717671
0.8948262 -0.3367216 0.2930946
0.9015078 -0.346233 0.2596276
0.8232707 -0.4235363 0.377945
0.8325124 -0.4344877 0.3437201
0.8431093 -0.4021657 0.3569728
0.860393 -0.467867 0.20205
0.8721555 -0.4381412 0.2176624
0.8548096 -0.4611127 0.2380666
0.6222535 -0.5762998 -0.5297915
0.6511392 -0.5594614 -0.5128554
0.6359947 -0.5902207 -0.497142
0.7563209 -0.4852091 -0.4388061
0.7432731 -0.5172203 -0.4242975
0.7316505 -0.5047313 -0.4581853
0.6822152 -0.6370289 -0.3588547
0.672031 -0.626717 -0.3944616
0.6988181 -0.6083872 -0.3761893
0.9094349 -0.3147552 -0.2717671
0.9015078 -0.346233 -0.2596276
0.8948262 -0.3367216 -0.2930946
0.860393 -0.467867 -0.20205
0.8548096 -0.4611127 -0.2380666
0.8721555 -0.4381412 -0.2176624
0.8232707 -0.4235363 -0.377945
0.8431093 -0.4021657 -0.3569728
0.8325124 -0.4344877 -0.3437201
0.727874 -0.6832519 -0.05802062
0.7257698 -0.6811219 -0.09659838
0.7481689 -0.659001 -0.07720754
0.706953 -0.6620736 -0.2487492
0.7315447 -0.6419501 -0.2296572
0.7132007 -0.6683984 -0.2111595
0.8187783 -0.553813 -0.151305
0.8027458 -0.5812261 -0.1333244
0.7987228 -0.5768713 -0.1710599
0.9998543 0 -0.01707204
0.999526 -0.008711508 -0.02952643
0.999526 0.008711508 -0.02952643
0.9939516 -0.06090808 -0.09138064
0.9947432 -0.03659465 -0.09563915
0.9961711 -0.04589501 -0.07440989
0.9939516 0.06090808 -0.09138064
0.9961711 0.04589501 -0.07440989
0.9947432 0.03659465 -0.09563915
0.9455426 -0.2089049 -0.2496157
0.9497967 -0.1772978 -0.2577823
0.9551516 -0.1885524 -0.2283278
0.9595827 -0.04869411 -0.2771821
0.9658802 -0.06336414 -0.2511188
0.9581971 -0.08107567 -0.2743812
0.9828714 -0.1115815 -0.1466749
0.9774466 -0.1300133 -0.166417
0.9797204 -0.1013432 -0.1728509
0.9455426 0.2089049 -0.2496157
0.9551516 0.1885524 -0.2283278
0.9497967 0.1772978 -0.2577823
0.9828714 0.1115815 -0.1466749
0.9797204 0.1013432 -0.1728509
0.9774466 0.1300133 -0.166417
0.9595827 0.04869411 -0.2771821
0.9581971 0.08107567 -0.2743812
0.9658802 0.06336414 -0.2511188
0.6222535 -0.5297914 -0.5762998
0.6359947 -0.497142 -0.5902207
0.6511393 -0.5128554 -0.5594615
0.6822152 -0.3588547 -0.6370289
0.6988181 -0.3761893 -0.6083872
0.672031 -0.3944616 -0.626717
0.7563209 -0.4388061 -0.4852091
0.7316505 -0.4581853 -0.5047313
0.7432731 -0.4242975 -0.5172202
0.727874 -0.05802062 -0.6832519
0.7481689 -0.07720754 -0.659001
0.7257698 -0.09659838 -0.6811219
0.8187783 -0.151305 -0.5538131
0.7987227 -0.1710599 -0.5768713
0.8027458 -0.1333244 -0.5812261
0.706953 -0.2487492 -0.6620736
0.7132007 -0.2111595 -0.6683984
0.7315447 -0.2296572 -0.6419501
0.9094349 -0.2717671 -0.3147552
0.8948262 -0.2930946 -0.3367216
0.9015078 -0.2596276 -0.346233
0.8232707 -0.377945 -0.4235363
0.8325124 -0.3437201 -0.4344877
0.8431093 -0.3569728 -0.4021657
0.860393 -0.20205 -0.467867
0.8721555 -0.2176624 -0.4381412
0.8548095 -0.2380666 -0.4611127
0.6222535 0.5297914 -0.5762998
0.6511392 0.5128554 -0.5594614
0.6359947 0.497142 -0.5902207
0.7563209 0.4388061 -0.4852091
0.7432731 0.4242975 -0.5172202
0.7316505 0.4581853 -0.5047313
0.6822152 0.3588547 -0.6370289
0.672031 0.3944616 -0.626717
0.6988181 0.3761893 -0.6083872
0.9094349 0.2717671 -0.3147552
0.9015078 0.2596276 -0.346233
0.8948262 0.2930946 -0.3367216
0.8603932 0.20205 -0.467867
0.8548095 0.2380666 -0.4611127
0.8721555 0.2176624 -0.4381412
0.8232707 0.377945 -0.4235363
0.8431093 0.3569728 -0.4021657
0.8325124 0.3437201 -0.4344877
0.727874 0.05802062 -0.6832519
0.7257698 0.09659838 -0.6811219
0.7481689 0.07720754 -0.659001
0.706953 0.2487492 -0.6620736
0.7315447 0.2296572 -0.6419501
0.7132007 0.2111595 -0.6683984
0.8187783 0.151305 -0.553813
0.8027458 0.1333244 -0.5812261
0.7987227 0.1710599 -0.5768713
0.9998543 0.01707204 0
0.999526 0.02952643 -0.008711508
0.999526 0.02952643 0.008711508
0.9939516 0.09138064 -0.06090808
0.9947432 0.09563915 -0.03659465
0.9961711 0.07440989 -0.04589501
0.9939516 0.09138064 0.06090808
0.9961711 0.07440989 0.04589501
0.9947432 0.09563915 0.03659465
0.9455426 0.2496157 -0.2089049
0.9497967 0.2577823 -0.1772978
0.9551516 0.2283278 -0.1885524
0.9595827 0.2771821 -0.04869411
0.9658802 0.2511188 -0.06336414
0.9581971 0.2743812 -0.08107567
0.9828714 0.1466749 -0.1115815
0.9774466 0.166417 -0.1300133
0.9797204 0.1728509 -0.1013432
0.9455426 0.2496157 0.2089049
0.9551516 0.2283278 0.1885524
0.9497967 0.2577823 0.1772978
0.9828714 0.1466749 0.1115815
0.9797204 0.1728509 0.1013432
0.9774466 0.166417 0.1300133
0.9595827 0.2771821 0.04869411
0.9581971 0.2743812 0.08107567
0.9658802 0.2511188 0.06336414
0.6222535 0.5762998 -0.5297914
0.6359947 0.5902207 -0.497142
0.6511393 0.5594615 -0.5128554
0.6822152 0.6370289 -0.3588547
0.6988181 0.6083872 -0.3761893
0.672031 0.626717 -0.3944616
0.7563209 0.4852091 -0.4388061
0.7316505 0.5047313 -0.4581853
0.7432731 0.5172203 -0.4242975
0.727874 0.6832519 -0.05802062
0.7481689 0.659001 -0.07720754
0.7257698 0.6811219 -0.09659838
0.8187783 0.5538131 -0.151305
0.7987228 0.5768713 -0.1710599
0.8027458 0.5812261 -0.1333244
0.706953 0.6620736 -0.2487492
0.7132007 0.6683984 -0.2111595
0.7315447 0.6419501 -0.2296572
0.9094349 0.3147552 -0.2717671
0.8948262 0.3367216 -0.2930946
0.9015078 0.346233 -0.2596276
0.8232707 0.4235363 -0.377945
0.8325124 0.4344877 -0.3437201
0.8431093 0.4021657 -0.3569728
0.860393 0.467867 -0.20205
0.8721555 0.4381412 -0.2176624
0.8548096 0.4611127 -0.2380666
0.6222535 0.5762998 0.5297915
0.6511392 0.5594614 0.5128554
0.6359947 0.5902207 0.497142
0.7563209 0.4852091 0.4388061
0.7432731 0.5172203 0.4242975
0.7316505 0.5047313 0.4581853
0.6822152 0.6370289 0.3588547
0.672031 0.626717 0.3944616
0.6988181 0.6083872 0.3761893
0.9094349 0.3147552 0.2717671
0.9015078 0.346233 0.2596276
0.8948262 0.3367216 0.2930946
0.860393 0.467867 0.20205
0.8548096 0.4611127 0.2380666
0.8721555 0.4381412 0.2176624
0.8232707 0.4235363 0.377945
0.8431093 0.4021657 0.3569728
0.8325124 0.4344877 0.3437201
0.727874 0.6832519 0.05802062
0.7257698 0.6811219 0.09659838
0.7481689 0.659001 0.07720754
0.706953 0.6620736 0.2487492
0.7315447 0.6419501 0.2296572
0.7132007 0.6683984 0.2111595
0.8187783 0.553813 0.151305
0.8027458 0.5812261 0.1333244
0.7987228 0.5768713 0.1710599
0.01707204 0 0.9998543
0.02952643 -0.008711508 0.999526
0.02952643 0.008711508 0.999526
0.09138064 -0.06090808 0.9939516
0.09563915 -0.03659465 0.9947432
0.07440989 -0.04589501 0.9961711
0.09138064 0.06090808 0.9939516
0.07440989 0.04589501 0.9961711
0.09563915 0.03659465 0.9947432
0.2496157 -0.2089049 0.9455426
0.2577823 -0.1772978 0.9497967
0.2283278 -0.1885524 0.9551516
0.2771821 -0.04869411 0.9595827
0.2511188 -0.06336414 0.9658802
0.2743812 -0.08107567 0.9581971
0.1466749 -0.1115815 0.9828714
0.166417 -0.1300133 0.9774466
0.1728509 -0.1013432 0.9797204
0.2496157 0.2089049 0.9455426
0.2283278 0.1885524 0.9551516
0.2577823 0.1772978 0.9497967
0.1466749 0.1115815 0.9828714
0.1728509 0.1013432 0.9797204
0.166417 0.1300133 0.9774466
0.2771821 0.04869411 0.9595827
0.2743812 0.08107567 0.9581971
0.2511188 0.06336414 0.9658802
0.5762998 -0.5297914 0.6222535
0.5902207 -0.497142 0.6359947
0.5594614 -0.5128554 0.6511392
0.6370289 -0.3588547 0.6822152
0.6083872 -0.3761893 0.6988181
0.626717 -0.3944616 0.672031
0.4852091 -0.4388061 0.7563209
0.5047313 -0.4581853 0.7316505
0.5172202 -0.4242975 0.7432731
0.6832519 -0.05802062 0.727874
0.659001 -0.07720754 0.7481689
0.6811219 -0.09659838 0.7257698
0.5538131 -0.151305 0.8187783
0.5768713 -0.1710599 0.7987227
0.5812261 -0.1333244 0.8027458
0.6620736 -0.2487492 0.706953
0.6683984 -0.2111595 0.7132007
0.6419501 -0.2296572 0.7315447
0.3147552 -0.2717671 0.9094349
0.3367216 -0.2930946 0.8948262
0.346233 -0.2596276 0.9015078
0.4235363 -0.377945 0.8232707
0.4344877 -0.3437201 0.8325124
0.4021657 -0.3569728 0.8431093
0.467867 -0.20205 0.860393
0.4381412 -0.2176624 0.8721555
0.4611127 -0.2380666 0.8548095
0.5762998 0.5297914 0.6222535
0.5594614 0.5128554 0.6511392
0.5902207 0.497142 0.6359947
0.4852091 0.4388061 0.7563209
0.5172202 0.4242975 0.7432731
0.5047313 0.4581853 0.7316505
0.6370289 0.3588547 0.6822152
0.626717 0.3944616 0.672031
0.6083872 0.3761893 0.6988181
0.3147552 0.2717671 0.9094349
0.346233 0.2596276 0.9015078
0.3367216 0.2930946 0.8948262
0.467867 0.20205 0.860393
0.4611127 0.2380666 0.8548095
0.4381412 0.2176624 0.8721555
0.4235363 0.377945 0.8232707
0.4021657 0.3569728 0.8431093
0.4344877 0.3437201 0.8325124
0.6832519 0.05802062 0.727874
0.6811219 0.09659838 0.7257698
0.659001 0.07720754 0.7481689
0.6620736 0.2487492 0.706953
0.6419501 0.2296572 0.7315447
0.6683984 0.2111595 0.7132007
0.553813 0.151305 0.8187783
0.5812261 0.1333244 0.8027458
0.5768713 0.1710599 0.7987227
0 0.01707204 0.9998543
0.008711508 0.02952643 0.999526
-0.008711508 0.02952643 0.999526
0.06090808 0.09138064 0.9939516
0.03659465 0.09563915 0.9947432
0.04589501 0.07440989 0.9961711
-0.06090808 0.09138064 0.9939516
-0.04589501 0.07440989 0.9961711
-0.03659465 0.09563915 0.9947432
0.2089049 0.2496157 0.9455426
0.1772978 0.2577823 0.9497967
0.1885524 0.2283278 0.9551516
0.04869411 0.2771821 0.9595827
0.06336414 0.2511188 0.9658802
0.08107567 0.2743812 0.9581971
0.1115815 0.1466749 0.9828714
0.1300133 0.166417 0.9774466
0.1013432 0.1728509 0.9797204
-0.2089049 0.2496157 0.9455426
-0.1885524 0.2283278 0.9551516
-0.1772978 0.2577823 0.9497967
-0.1115815 0.1466749 0.9828714
-0.1013432 0.1728509 0.9797204
-0.1300133 0.166417 0.9774466
-0.04869411 0.2771821 0.9595827
-0.08107567 0.2743812 0.9581971
-0.06336414 0.2511188 0.9658802
0.5297914 0.5762998 0.6222535
0.497142 0.5902207 0.6359947
0.5128554 0.5594615 0.6511393
0.3588547 0.6370289 0.6822152
0.3761893 0.6083872 0.6988181
0.3944616 0.626717 0.672031
0.4388061 0.4852091 0.7563209
0.4581853 0.5047313 0.7316505
0.4242975 0.5172202 0.7432731
0.05802062 0.6832519 0.727874
0.07720754 0.659001 0.7481689
0.09659838 0.6811219 0.7257698
0.151305 0.5538131 0.8187783
0.1710599 0.5768713 0.7987227
0.1333244 0.5812261 0.8027458
0.2487492 0.6620736 0.706953
0.2111595 0.6683984 0.7132007
0.2296572 0.6419501 0.7315447
0.2717671 0.3147552 0.9094349
0.2930946 0.3367216 0.8948262
0.2596276 0.346233 0.9015078
0.377945 0.4235363 0.8232707
0.3437201 0.4344877 0.8325124
0.3569728 0.4021657 0.8431093
0.20205 0.467867 0.860393
0.2176624 0.4381412 0.8721555
0.2380666 0.4611127 0.8548095
-0.5297915 0.5762998 0.6222535
-0.5128554 0.5594614 0.6511392
-0.497142 0.5902207 0.6359947
-0.4388061 0.4852091 0.7563209
-0.4242975 0.5172202 0.7432731
-0.4581853 0.5047313 0.7316505
-0.3588547 0.6370289 0.6822152
-0.3944616 0.626717 0.672031
-0.3761893 0.6083872 0.6988181
-0.2717671 0.3147552 0.9094349
-0.2596276 0.346233 0.9015078
-0.2930946 0.3367216 0.8948262
-0.20205 0.467867 0.860393
-0.2380666 0.4611127 0.8548095
-0.2176624 0.4381412 0.8721555
-0.377945 0.4235363 0.8232707
-0.3569728 0.4021657 0.8431093
-0.3437201 0.4344877 0.8325124
-0.05802062 0.6832519 0.727874
-0.09659838 0.6811219 0.7257698
-0.07720754 0.659001 0.7481689
-0.2487492 0.6620736 0.706953
-0.2296572 0.6419501 0.7315447
-0.2111595 0.6683984 0.7132007
-0.151305 0.553813 0.8187783
-0.1333244 0.5812261 0.8027458
-0.1710599 0.5768713 0.7987227
-0.01707204 0 0.9998543
-0.02952643 0.008711508 0.999526
-0.02952643 -0.008711508 0.999526
-0.09138064 0.06090808 0.9939516
-0.09563915 0.03659465 0.9947432
-0.07440989 0.04589501 0.9961711
-0.09138064 -0.06090808 0.9939516
-0.07440989 -0.04589501 0.9961711
-0.09563915 -0.03659465 0.9947432
-0.2496157 0.2089049 0.9455426
-0.2577823 0.1772978 0.9497967
-0.2283278 0.1885524 0.9551516
-0.2771821 0.04869411 0.9595827
-0.2511188 0.06336414 0.9658802
-0.2743812 0.08107567 0.9581971
-0.1466749 0.1115815 0.9828714
-0.166417 0.1300133 0.9774466
-0.1728509 0.1013432 0.9797204
-0.2496157 -0.2089049 0.9455426
-0.2283278 -0.1885524 0.9551516
-0.2577823 -0.1772978 0.9497967
-0.1466749 -0.1115815 0.9828714
-0.1728509 -0.1013432 0.9797204
-0.166417 -0.1300133 0.9774466
-0.2771821 -0.04869411 0.9595827
-0.2743812 -0.08107567 0.9581971
-0.2511188 -0.06336414 0.9658802
-0.5762998 0.5297914 0.6222535
-0.5902207 0.497142 0.6359947
-0.5594615 0.5128554 0.6511393
-0.6370289 0.3588547 0.6822152
-0.6083872 0.3761893 0.6988181
-0.626717 0.3944616 0.672031
-0.4852091 0.4388061 0.7563209
-0.5047313 0.4581853 0.7316505
-0.5172202 0.4242975 0.7432731
-0.6832519 0.05802062 0.727874
-0.659001 0.07720754 0.7481689
-0.6811219 0.09659838 0.7257698
-0.5538131 0.151305 0.8187783
-0.5768713 0.1710599 0.7987227
-0.5812261 0.1333244 0.8027458
-0.6620736 0.2487492 0.706953
-0.6683984 0.2111595 0.7132007
-0.6419501 0.2296572 0.7315447
-0.3147552 0.2717671 0.9094349
-0.3367216 0.2930946 0.8948262
-0.346233 0.2596276 0.9015078
-0.4235363 0.377945 0.8232707
-0.4344877 0.3437201 0.8325124
-0.4021657 0.3569728 0.8431093
-0.467867 0.20205 0.860393
-0.4381412 0.2176624 0.8721555
-0.4611127 0.2380666 0.8548095
-0.5762998 -0.5297914 0.6222535
-0.5594614 -0.5128554 0.6511392
-0.5902207 -0.497142 0.6359947
-0.4852091 -0.4388061 0.7563209
-0.5172202 -0.4242975 0.7432731
-0.5047313 -0.4581853 0.7316505
-0.6370289 -0.3588547 0.6822152
-0.626717 -0.3944616 0.672031
-0.6083872 -0.3761893 0.6988181
-0.3147552 -0.2717671 0.9094349
-0.346233 -0.2596276 0.9015078
-0.3367216 -0.2930946 0.8948262
-0.467867 -0.20205 0.860393
-0.4611127 -0.2380666 0.8548095
-0.4381412 -0.2176624 0.8721555
-0.4235363 -0.377945 0.8232707
-0.4021657 -0.3569728 0.8431093
-0.4344877 -0.3437201 0.8325124
-0.6832519 -0.05802062 0.727874
-0.6811219 -0.09659838 0.7257698
-0.659001 -0.07720754 0.7481689
-0.6620736 -0.2487492 0.706953
-0.6419501 -0.2296572 0.7315447
-0.6683984 -0.2111595 0.7132007
-0.553813 -0.151305 0.8187783
-0.5812261 -0.1333244 0.8027458
-0.5768713 -0.1710599 0.7987227
0 -0.01707204 0.9998543
-0.008711508 -0.02952643 0.999526
0.008711508 -0.02952643 0.999526
-0.06090808 -0.09138064 0.9939516
-0.03659465 -0.09563915 0.9947432
-0.04589501 -0.07440989 0.9961711
0.06090808 -0.09138064 0.9939516
0.04589501 -0.07440989 0.9961711
0.03659465 -0.09563915 0.9947432
-0.2089049 -0.2496157 0.9455426
-0.1772978 -0.2577823 0.9497967
-0.1885524 -0.2283278 0.9551516
-0.04869411 -0.2771821 0.9595827
-0.06336414 -0.2511188 0.9658802
-0.08107567 -0.2743812 0.9581971
-0.1115815 -0.1466749 0.9828714
-0.1300133 -0.166417 0.9774466
-0.1013432 -0.1728509 0.9797204
0.2089049 -0.2496157 0.9455426
0.1885524 -0.2283278 0.9551516
0.1772978 -0.2577823 0.9497967
0.1115815 -0.1466749 0.9828714
0.1013432 -0.1728509 0.9797204
0.1300133 -0.166417 0.9774466
0.04869411 -0.2771821 0.9595827
0.08107567 -0.2743812 0.9581971
0.06336414 -0.2511188 0.9658802
-0.5297914 -0.5762998 0.6222535
-0.497142 -0.5902207 0.6359947
-0.5128554 -0.5594615 0.6511393
-0.3588547 -0.6370289 0.6822152
-0.3761893 -0.6083872 0.6988181
-0.3944616 -0.626717 0.672031
-0.4388061 -0.4852091 0.7563209
-0.4581853 -0.5047313 0.7316505
-0.4242975 -0.5172202 0.7432731
-0.05802062 -0.6832519 0.727874
-0.07720754 -0.659001 0.7481689
-0.09659838 -0.6811219 0.7257698
-0.151305 -0.5538131 0.8187783
-0.1710599 -0.5768713 0.7987227
-0.1333244 -0.5812261 0.8027458
-0.2487492 -0.6620736 0.706953
-0.2111595 -0.6683984 0.7132007
-0.2296572 -0.6419501 0.7315447
-0.2717671 -0.3147552 0.9094349
-0.2930946 -0.3367216 0.8948262
-0.2596276 -0.346233 0.9015078
-0.377945 -0.4235363 0.8232707
-0.3437201 -0.4344877 0.8325124
-0.3569728 -0.4021657 0.8431093
-0.20205 -0.467867 0.860393
-0.2176624 -0.4381412 0.8721555
-0.2380666 -0.4611127 0.8548095
0.5297915 -0.5762998 0.6222535
0.5128554 -0.5594614 0.6511392
0.497142 -0.5902207 0.6359947
0.4388061 -0.4852091 0.7563209
0.4242975 -0.5172202 0.7432731
0.4581853 -0.5047313 0.7316505
0.3588547 -0.6370289 0.6822152
0.3944616 -0.626717 0.672031
0.3761893 -0.6083872 0.6988181
0.2717671 -0.3147552 0.9094349
0.2596276 -0.346233 0.9015078
0.2930946 -0.3367216 0.8948262
0.20205 -0.467867 0.860393
0.2380666 -0.4611127 0.8548095
0.2176624 -0.4381412 0.8721555
0.377945 -0.4235363 0.8232707
0.3569728 -0.4021657 0.8431093
0.3437201 -0.4344877 0.8325124
0.05802062 -0.6832519 0.727874
0.09659838 -0.6811219 0.7257698
0.07720754 -0.659001 0.7481689
0.2487492 -0.6620736 0.706953
0.2296572 -0.6419501 0.7315447
0.2111595 -0.6683984 0.7132007
0.151305 -0.553813 0.8187783
0.1333244 -0.5812261 0.8027458
0.1710599 -0.5768713 0.7987227
-0.9998543 0 -0.01707204
-0.999526 0.008711508 -0.02952643
-0.999526 -0.008711508 -0.02952643
-0.9939516 0.06090808 -0.09138064
-0.9947432 0.03659465 -0.09563915
-0.9961711 0.04589501 -0.07440989
-0.9939516 -0.06090808 -0.09138064
-0.9961711 -0.04589501 -0.07440989
-0.9947432 -0.03659465 -0.09563915
-0.9455426 0.2089049 -0.2496157
-0.9497967 0.1772978 -0.2577823
-0.9551516 0.1885524 -0.2283278
-0.9595827 0.04869411 -0.2771821
-0.9658802 0.06336414 -0.2511188
-0.9581971 0.08107567 -0.2743812
-0.9828714 0.1115815 -0.1466749
-0.9774466 0.1300133 -0.166417
-0.9797204 0.1013432 -0.1728509
-0.9455426 -0.2089049 -0.2496157
-0.9551516 -0.1885524 -0.2283278
-0.9497967 -0.1772978 -0.2577823
-0.9828714 -0.1115815 -0.1466749
-0.9797204 -0.1013432 -0.1728509
-0.9774466 -0.1300133 -0.166417
-0.9595827 -0.04869411 -0.2771821
-0.9581971 -0.08107567 -0.2743812
-0.9658802 -0.06336414 -0.2511188
-0.6222535 0.5297914 -0.5762998
-0.6359947 0.497142 -0.5902207
-0.6511392 0.5128554 -0.5594614
-0.6822152 0.3588547 -0.6370289
-0.6988181 0.3761893 -0.6083872
-0.672031 0.3944616 -0.626717
-0.7563209 0.4388061 -0.4852091
-0.7316505 0.4581853 -0.5047313
-0.7432731 0.4242975 -0.5172202
-0.727874 0.05802062 -0.6832519
-0.7481689 0.07720754 -0.659001
-0.7257698 0.09659838 -0.6811219
-0.8187783 0.151305 -0.5538131
-0.7987227 0.1710599 -0.5768713
-0.8027458 0.1333244 -0.5812261
-0.706953 0.2487492 -0.6620736
-0.7132007 0.2111595 -0.6683984
-0.7315447 0.2296572 -0.6419501
-0.9094349 0.2717671 -0.3147552
-0.8948262 0.2930946 -0.3367216
-0.9015078 0.2596276 -0.346233
-0.8232707 0.377945 -0.4235363
-0.8325124 0.3437201 -0.4344877
-0.8431093 0.3569728 -0.4021657
-0.860393 0.20205 -0.467867
-0.8721555 0.2176624 -0.4381412
-0.8548095 0.2380666 -0.4611127
-0.6222535 -0.5297914 -0.5762998
-0.6511392 -0.5128554 -0.5594614
-0.6359947 -0.497142 -0.5902207
-0.7563209 -0.4388061 -0.4852091
-0.7432731 -0.4242975 -0.5172202
-0.7316505 -0.4581853 -0.5047313
-0.6822152 -0.3588547 -0.6370289
-0.672031 -0.3944616 -0.626717
-0.6988181 -0.3761893 -0.6083872
-0.9094349 -0.2717671 -0.3147552
-0.9015078 -0.2596276 -0.346233
-0.8948262 -0.2930946 -0.3367216
-0.8603932 -0.20205 -0.467867
-0.8548095 -0.2380666 -0.4611127
-0.8721555 -0.2176624 -0.4381412
-0.8232707 -0.377945 -0.4235363
-0.8431093 -0.3569728 -0.4021657
-0.8325124 -0.3437201 -0.4344877
-0.727874 -0.05802062 -0.6832519
-0.7257698 -0.09659838 -0.6811219
-0.7481689 -0.07720754 -0.659001
-0.706953 -0.2487492 -0.6620736
-0.7315447 -0.2296572 -0.6419501
-0.7132007 -0.2111595 -0.6683984
-0.8187783 -0.151305 -0.553813
-0.8027458 -0.1333244 -0.5812261
-0.7987227 -0.1710599 -0.5768713
-0.9998543 -0.01707204 0
-0.999526 -0.02952643 -0.008711508
-0.999526 -0.02952643 0.008711508
-0.9939516 -0.09138064 -0.06090808
-0.9947432 -0.09563915 -0.03659465
-0.9961711 -0.07440989 -0.04589501
-0.9939516 -0.09138064 0.06090808
-0.9961711 -0.07440989 0.04589501
-0.9947432 -0.09563915 0.03659465
-0.9455426 -0.2496157 -0.2089049
-0.9497967 -0.2577823 -0.1772978
-0.9551516 -0.2283278 -0.1885524
-0.9595827 -0.2771821 -0.04869411
-0.9658802 -0.2511188 -0.06336414
-0.9581971 -0.2743812 -0.08107567
-0.9828714 -0.1466749 -0.1115815
-0.9774466 -0.166417 -0.1300133
-0.9797204 -0.1728509 -0.1013432
-0.9455426 -0.2496157 0.2089049
-0.9551516 -0.2283278 0.1885524
-0.9497967 -0.2577823 0.1772978
-0.9828714 -0.1466749 0.1115815
-0.9797204 -0.1728509 0.1013432
-0.9774466 -0.166417 0.1300133
-0.9595827 -0.2771821 0.04869411
-0.9581971 -0.2743812 0.08107567
-0.9658802 -0.2511188 0.06336414
-0.6222535 -0.5762998 -0.5297914
-0.6359947 -0.5902207 -0.497142
-0.6511393 -0.5594615 -0.5128554
-0.6822152 -0.6370289 -0.3588547
-0.6988181 -0.6083872 -0.3761893
-0.672031 -0.626717 -0.3944616
-0.7563209 -0.4852091 -0.4388061
-0.7316505 -0.5047313 -0.4581853
-0.7432731 -0.5172203 -0.4242975
-0.727874 -0.6832519 -0.05802062
-0.7481689 -0.659001 -0.07720754
-0.7257698 -0.6811219 -0.09659838
-0.8187783 -0.5538131 -0.151305
-0.7987228 -0.5768713 -0.1710599
-0.8027458 -0.5812261 -0.1333244
-0.706953 -0.6620736 -0.2487492
-0.7132007 -0.6683984 -0.2111595
-0.7315447 -0.6419501 -0.2296572
-0.9094349 -0.3147552 -0.2717671
-0.8948262 -0.3367216 -0.2930946
-0.9015078 -0.346233 -0.2596276
-0.8232707 -0.4235363 -0.377945
-0.8325124 -0.4344877 -0.3437201
-0.8431093 -0.4021657 -0.3569728
-0.860393 -0.467867 -0.20205
-0.8721555 -0.4381412 -0.2176624
-0.8548096 -0.4611127 -0.2380666
-0.6222535 -0.5762998 0.5297915
-0.6511392 -0.5594614 0.5128554
-0.6359947 -0.5902207 0.497142
-0.7563209 -0.4852091 0.4388061
-0.7432731 -0.5172203 0.4242975
-0.7316505 -0.5047313 0.4581853
-0.6822152 -0.6370289 0.3588547
-0.672031 -0.626717 0.3944616
-0.6988181 -0.6083872 0.3761893
-0.9094349 -0.3147552 0.2717671
-0.9015078 -0.346233 0.2596276
-0.8948262 -0.3367216 0.2930946
-0.860393 -0.467867 0.20205
-0.8548096 -0.4611127 0.2380666
-0.8721555 -0.4381412 0.2176624
-0.8232707 -0.4235363 0.377945
-0.8431093 -0.4021657 0.3569728
-0.8325124 -0.4344877 0.3437201
-0.727874 -0.6832519 0.05802062
-0.7257698 -0.6811219 0.09659838
-0.7481689 -0.659001 0.07720754
-0.706953 -0.6620736 0.2487492
-0.7315447 -0.6419501 0.2296572
-0.7132007 -0.6683984 0.2111595
-0.8187783 -0.553813 0.151305
-0.8027458 -0.5812261 0.1333244
-0.7987228 -0.5768713 0.1710599
-0.9998543 0 0.01707204
-0.999526 -0.008711508 0.02952643
-0.999526 0.008711508 0.02952643
-0.9939516 -0.06090808 0.09138064
-0.9947432 -0.03659465 0.09563915
-0.9961711 -0.04589501 0.07440989
-0.9939516 0.06090808 0.09138064
-0.9961711 0.04589501 0.07440989
-0.9947432 0.03659465 0.09563915
-0.9455426 -0.2089049 0.2496157
-0.9497967 -0.1772978 0.2577823
-0.9551516 -0.1885524 0.2283278
-0.9595827 -0.04869411 0.2771821
-0.9658802 -0.06336414 0.2511188
-0.9581971 -0.08107567 0.2743812
-0.9828714 -0.1115815 0.1466749
-0.9774466 -0.1300133 0.166417
-0.9797204 -0.1013432 0.1728509
-0.9455426 0.2089049 0.2496157
-0.9551516 0.1885524 0.2283278
-0.9497967 0.1772978 0.2577823
-0.9828714 0.1115815 0.1466749
-0.9797204 0.1013432 0.1728509
-0.9774466 0.1300133 0.166417
-0.9595827 0.04869411 0.2771821
-0.9581971 0.08107567 0.2743812
-0.9658802 0.06336414 0.2511188
-0.6222535 -0.5297914 0.5762998
-0.6359947 -0.497142 0.5902207
-0.6511393 -0.5128554 0.5594615
-0.6822152 -0.3588547 0.6370289
-0.6988181 -0.3761893 0.6083872
-0.672031 -0.3944616 0.626717
-0.7563209 -0.4388061 0.4852091
-0.7316505 -0.4581853 0.5047313
-0.7432731 -0.4242975 0.5172202
-0.727874 -0.05802062 0.6832519
-0.7481689 -0.07720754 0.659001
-0.7257698 -0.09659838 0.6811219
-0.8187783 -0.151305 0.5538131
-0.7987227 -0.1710599 0.5768713
-0.8027458 -0.1333244 0.5812261
-0.706953 -0.2487492 0.6620736
-0.7132007 -0.2111595 0.6683984
-0.7315447 -0.2296572 0.6419501
-0.9094349 -0.2717671 0.3147552
-0.8948262 -0.2930946 0.3367216
-0.9015078 -0.2596276 0.346233
-0.8232707 -0.377945 0.4235363
-0.8325124 -0.3437201 0.4344877
-0.8431093 -0.3569728 0.4021657
-0.860393 -0.20205 0.467867
-0.8721555 -0.2176624 0.4381412
-0.8548095 -0.2380666 0.4611127
-0.6222535 0.5297914 0.5762998
-0.6511392 0.5128554 0.5594614
-0.6359947 0.497142 0.5902207
-0.7563209 0.4388061 0.4852091
-0.7432731 0.4242975 0.5172202
-0.7316505 0.4581853 0.5047313
-0.6822152 0.3588547 0.6370289
-0.672031 0.3944616 0.626717
-0.6988181 0.3761893 0.6083872
-0.9094349 0.2717671 0.3147552
-0.9015078 0.2596276 0.346233
-0.8948262 0.2930946 0.3367216
-0.8603932 0.20205 0.467867
-0.8548095 0.2380666 0.4611127
-0.8721555 0.2176624 0.4381412
-0.8232707 0.377945 0.4235363
-0.8431093 0.3569728 0.4021657
-0.8325124 0.3437201 0.4344877
-0.727874 0.05802062 0.6832519
-0.7257698 0.09659838 0.6811219
-0.7481689 0.07720754 0.659001
-0.706953 0.2487492 0.6620736
-0.7315447 0.2296572 0.6419501
-0.7132007 0.2111595 0.6683984
-0.8187783 0.151305 0.553813
-0.8027458 0.1333244 0.5812261
-0.7987227 0.1710599 0.5768713
-0.9998543 0.01707204 0
-0.999526 0.02952643 0.008711508
-0.999526 0.02952643 -0.008711508
-0.9939516 0.09138064 0.06090808
-0.9947432 0.09563915 0.03659465
-0.9961711 0.07440989 0.04589501
-0.9939516 0.09138064 -0.06090808
-0.9961711 0.07440989 -0.04589501
-0.9947432 0.09563915 -0.03659465
-0.9455426 0.2496157 0.2089049
-0.9497967 0.2577823 0.1772978
-0.9551516 0.2283278 0.1885524
-0.9595827 0.2771821 0.04869411
-0.9658802 0.2511188 0.06336414
-0.9581971 0.2743812 0.08107567
-0.9828714 0.1466749 0.1115815
-0.9774466 0.166417 0.1300133
-0.9797204 0.1728509 0.1013432
-0.9455426 0.2496157 -0.2089049
-0.9551516 0.2283278 -0.1885524
-0.9497967 0.2577823 -0.1772978
-0.9828714 0.1466749 -0.1115815
-0.9797204 0.1728509 -0.1013432
-0.9774466 0.166417 -0.1300133
-0.9595827 0.2771821 -0.04869411
-0.9581971 0.2743812 -0.08107567
-0.9658802 0.2511188 -0.06336414
-0.6222535 0.5762998 0.5297915
-0.6359947 0.5902207 0.497142
-0.6511393 0.5594615 0.5128554
-0.6822152 0.6370289 0.3588547
-0.6988181 0.6083872 0.3761893
-0.672031 0.626717 0.3944616
-0.7563209 0.4852091 0.4388061
-0.7316505 0.5047313 0.4581853
-0.7432731 0.5172203 0.4242975
-0.727874 0.6832519 0.05802062
-0.7481689 0.659001 0.07720754
-0.7257698 0.6811219 0.09659838
-0.8187783 0.5538131 0.151305
-0.7987228 0.5768713 0.1710599
-0.8027458 0.5812261 0.1333244
-0.706953 0.6620736 0.2487492
-0.7132007 0.6683984 0.2111595
-0.7315447 0.6419501 0.2296572
-0.9094349 0.3147552 0.2717671
-0.8948262 0.3367216 0.2930946
-0.9015078 0.346233 0.2596276
-0.8232707 0.4235363 0.377945
-0.8325124 0.4344877 0.3437201
-0.8431093 0.4021657 0.3569728
-0.860393 0.467867 0.20205
-0.8721555 0.4381412 0.2176624
-0.8548096 0.4611127 0.2380666
-0.6222535 0.5762998 -0.5297915
-0.6511392 0.5594614 -0.5128554
-0.6359947 0.5902207 -0.497142
-0.7563209 0.4852091 -0.4388061
-0.7432731 0.5172203 -0.4242975
-0.7316505 0.5047313 -0.4581853
-0.6822152 0.6370289 -0.3588547
-0.672031 0.626717 -0.3944616
-0.6988181 0.6083872 -0.3761893
-0.9094349 0.3147552 -0.2717671
-0.9015078 0.346233 -0.2596276
-0.8948262 0.3367216 -0.2930946
-0.860393 0.467867 -0.20205
-0.8548096 0.4611127 -0.2380666
-0.8721555 0.4381412 -0.2176624
-0.8232707 0.4235363 -0.377945
-0.8431093 0.4021657 -0.3569728
-0.8325124 0.4344877 -0.3437201
-0.727874 0.6832519 -0.05802062
-0.7257698 0.6811219 -0.09659838
-0.7481689 0.659001 -0.07720754
-0.706953 0.6620736 -0.2487492
-0.7315447 0.6419501 -0.2296572
-0.7132007 0.6683984 -0.2111595
-0.8187783 0.553813 -0.151305
-0.8027458 0.5812261 -0.1333244
-0.7987228 0.5768713 -0.1710599
0 0.9998543 0.01707204
-0.008711508 0.999526 0.02952643
0.008711508 0.999526 0.02952643
-0.06090808 0.9939516 0.09138064
-0.03659465 0.9947432 0.09563915
-0.04589501 0.9961711 0.07440989
0.06090808 0.9939516 0.09138064
0.04589501 0.9961711 0.07440989
0.03659465 0.9947432 0.09563915
-0.2089049 0.9455426 0.2496157
-0.1772978 0.9497967 0.2577823
-0.1885524 0.9551516 0.2283278
-0.04869411 0.9595827 0.2771821
-0.06336414 0.9658802 0.2511188
-0.08107567 0.9581971 0.2743812
-0.1115815 0.9828714 0.1466749
-0.1300133 0.9774466 0.166417
-0.1013432 0.9797204 0.1728509
0.2089049 0.9455426 0.2496157
0.1885524 0.9551516 0.2283278
0.1772978 0.9497967 0.2577823
0.1115815 0.9828714 0.1466749
0.1013432 0.9797204 0.1728509
0.1300133 0.9774466 0.166417
0.04869411 0.9595827 0.2771821
0.08107567 0.9581971 0.2743812
0.06336414 0.9658802 0.2511188
-0.5297915 0.6222535 0.5762998
-0.497142 0.6359947 0.5902207
-0.5128554 0.6511392 0.5594614
-0.3588547 0.6822152 0.6370289
-0.3761893 0.6988181 0.6083872
-0.3944616 0.672031 0.626717
-0.4388061 0.7563209 0.4852091
-0.4581853 0.7316505 0.5047313
-0.4242975 0.7432731 0.5172202
-0.05802062 0.727874 0.6832519
-0.07720754 0.7481689 0.659001
-0.09659838 0.7257698 0.6811219
-0.151305 0.8187783 0.5538131
-0.1710599 0.7987227 0.5768713
-0.1333244 0.8027458 0.5812261
-0.2487492 0.706953 0.6620736
-0.2111595 0.7132007 0.6683984
-0.2296572 0.7315447 0.6419501
-0.2717671 0.9094349 0.3147552
-0.2930946 0.8948262 0.3367216
-0.2596276 0.9015078 0.346233
-0.377945 0.8232707 0.4235363
-0.3437201 0.8325124 0.4344877
-0.3569728 0.8431093 0.4021657
-0.20205 0.860393 0.467867
-0.2176624 0.8721555 0.4381412
-0.2380666 0.8548095 0.4611127
0.5297914 0.6222535 0.5762998
0.5128554 0.6511392 0.5594614
0.497142 0.6359947 0.5902207
0.4388061 0.7563209 0.4852091
0.4242975 0.7432731 0.5172202
0.4581853 0.7316505 0.5047313
0.3588547 0.6822152 0.6370289
0.3944616 0.672031 0.626717
0.3761893 0.6988181 0.6083872
0.2717671 0.9094349 0.3147552
0.2596276 0.9015078 0.346233
0.2930946 0.8948262 0.3367216
0.20205 0.8603932 0.467867
0.2380666 0.8548095 0.4611127
0.2176624 0.8721555 0.4381412
0.377945 0.8232707 0.4235363
0.3569728 0.8431093 0.4021657
0.3437201 0.8325124 0.4344877
0.05802062 0.727874 0.6832519
0.09659838 0.7257698 0.6811219
0.07720754 0.7481689 0.659001
0.2487492 0.706953 0.6620736
0.2296572 0.7315447 0.6419501
0.2111595 0.7132007 0.6683984
0.151305 0.8187783 0.553813
0.1333244 0.8027458 0.5812261
0.1710599 0.7987227 0.5768713
0.01707204 0.9998543 0
0.02952643 0.999526 0.008711508
0.02952643 0.999526 -0.008711508
0.09138064 0.9939516 0.06090808
0.09563915 0.9947432 0.03659465
0.07440989 0.9961711 0.04589501
0.09138064 0.9939516 -0.06090808
0.07440989 0.9961711 -0.04589501
0.09563915 0.9947432 -0.03659465
0.2496157 0.9455426 0.2089049
0.2577823 0.9497967 0.1772978
0.2283278 0.9551516 0.1885524
0.2771821 0.9595827 0.04869411
0.2511188 0.9658802 0.06336414
0.2743812 0.9581971 0.08107567
0.1466749 0.9828714 0.1115815
0.166417 0.9774466 0.1300133
0.1728509 0.9797204 0.1013432
0.2496157 0.9455426 -0.2089049
0.2283278 0.9551516 -0.1885524
0.2577823 0.9497967 -0.1772978
0.1466749 0.9828714 -0.1115815
0.1728509 0.9797204 -0.1013432
0.166417 0.9774466 -0.1300133
0.2771821 0.9595827 -0.04869411
0.2743812 0.9581971 -0.08107567
0.2511188 0.9658802 -0.06336414
0.5762998 0.6222535 0.5297915
0.5902207 0.6359947 0.497142
0.5594615 0.6511393 0.5128554
0.6370289 0.6822152 0.3588547
0.6083872 0.6988181 0.3761893
0.626717 0.672031 0.3944616
0.4852091 0.7563209 0.4388061
0.5047313 0.7316505 0.4581853
0.5172203 0.7432731 0.4242975
0.6832519 0.727874 0.05802062
0.659001 0.7481689 0.07720754
0.6811219 0.7257698 0.09659838
0.5538131 0.8187783 0.151305
0.5768713 0.7987228 0.1710599
0.5812261 0.8027458 0.1333244
0.6620736 0.706953 0.2487492
0.6683984 0.7132007 0.2111595
0.6419501 0.7315447 0.2296572
0.3147552 0.9094349 0.2717671
0.3367216 0.8948262 0.2930946
0.346233 0.9015078 0.2596276
0.4235363 0.8232707 0.377945
0.4344877 0.8325124 0.3437201
0.4021657 0.8431093 0.3569728
0.467867 0.860393 0.20205
0.4381412 0.8721555 0.2176624
0.4611127 0.8548096 0.2380666
0.5762998 0.6222535 -0.5297914
0.5594614 0.6511392 -0.5128554
0.5902207 0.6359947 -0.497142
0.4852091 0.7563209 -0.4388061
0.5172203 0.7432731 -0.4242975
0.5047313 0.7316505 -0.4581853
0.6370289 0.6822152 -0.3588547
0.626717 0.672031 -0.3944616
0.6083872 0.6988181 -0.3761893
0.3147552 0.9094349 -0.2717671
0.346233 0.9015078 -0.2596276
0.3367216 0.8948262 -0.2930946
0.467867 0.860393 -0.20205
0.4611127 0.8548096 -0.2380666
0.4381412 0.8721555 -0.2176624
0.4235363 0.8232707 -0.377945
0.4021657 0.8431093 -0.3569728
0.4344877 0.8325124 -0.3437201
0.6832519 0.727874 -0.05802062
0.6811219 0.7257698 -0.09659838
0.659001 0.7481689 -0.07720754
0.6620736 0.706953 -0.2487492
0.6419501 0.7315447 -0.2296572
0.6683984 0.7132007 -0.2111595
0.553813 0.8187783 -0.151305
0.5812261 0.8027458 -0.1333244
0.5768713 0.7987228 -0.1710599
0 0.9998543 -0.01707204
0.008711508 0.999526 -0.02952643
-0.008711508 0.999526 -0.02952643
0.06090808 0.9939516 -0.09138064
0.03659465 0.9947432 -0.09563915
0.04589501 0.9961711 -0.07440989
-0.06090808 0.9939516 -0.09138064
-0.04589501 0.9961711 -0.07440989
-0.03659465 0.9947432 -0.09563915
0.2089049 0.9455426 -0.2496157
0.1772978 0.9497967 -0.2577823
0.1885524 0.9551516 -0.2283278
0.04869411 0.9595827 -0.2771821
0.06336414 0.9658802 -0.2511188
0.08107567 0.9581971 -0.2743812
0.1115815 0.9828714 -0.1466749
0.1300133 0.9774466 -0.166417
0.1013432 0.9797204 -0.1728509
-0.2089049 0.9455426 -0.2496157
-0.1885524 0.9551516 -0.2283278
-0.1772978 0.9497967 -0.2577823
-0.1115815 0.9828714 -0.1466749
-0.1013432 0.9797204 -0.1728509
-0.1300133 0.9774466 -0.166417
-0.04869411 0.9595827 -0.2771821
-0.08107567 0.9581971 -0.2743812
-0.06336414 0.9658802 -0.2511188
0.5297915 0.6222535 -0.5762998
0.497142 0.6359947 -0.5902207
0.5128554 0.6511393 -0.5594615
0.3588547 0.6822152 -0.6370289
0.3761893 0.6988181 -0.6083872
0.3944616 0.672031 -0.626717
0.4388061 0.7563209 -0.4852091
0.4581853 0.7316505 -0.5047313
0.4242975 0.7432731 -0.5172202
0.05802062 0.727874 -0.6832519
0.07720754 0.7481689 -0.659001
0.09659838 0.7257698 -0.6811219
0.151305 0.8187783 -0.5538131
0.1710599 0.7987227 -0.5768713
0.1333244 0.8027458 -0.5812261
0.2487492 0.706953 -0.6620736
0.2111595 0.7132007 -0.6683984
0.2296572 0.7315447 -0.6419501
0.2717671 0.9094349 -0.3147552
0.2930946 0.8948262 -0.3367216
0.2596276 0.9015078 -0.346233
0.377945 0.8232707 -0.4235363
0.3437201 0.8325124 -0.4344877
0.3569728 0.8431093 -0.4021657
0.20205 0.860393 -0.467867
0.2176624 0.8721555 -0.4381412
0.2380666 0.8548095 -0.4611127
-0.5297914 0.6222535 -0.5762998
-0.5128554 0.6511392 -0.5594614
-0.497142 0.6359947 -0.5902207
-0.4388061 0.7563209 -0.4852091
-0.4242975 0.7432731 -0.5172202
-0.4581853 0.7316505 -0.5047313
-0.3588547 0.6822152 -0.6370289
-0.3944616 0.672031 -0.626717
-0.3761893 0.6988181 -0.6083872
-0.2717671 0.9094349 -0.3147552
-0.2596276 0.9015078 -0.346233
-0.2930946 0.8948262 -0.3367216
-0.20205 0.8603932 -0.467867
-0.2380666 0.8548095 -0.4611127
-0.2176624 0.8721555 -0.4381412
-0.377945 0.8232707 -0.4235363
-0.3569728 0.8431093 -0.4021657
-0.3437201 0.8325124 -0.4344877
-0.05802062 0.727874 -0.6832519
-0.09659838 0.7257698 -0.6811219
-0.07720754 0.7481689 -0.659001
-0.2487492 0.706953 -0.6620736
-0.2296572 0.7315447 -0.6419501
-0.2111595 0.7132007 -0.6683984
-0.151305 0.8187783 -0.553813
-0.1333244 0.8027458 -0.5812261
-0.1710599 0.7987227 -0.5768713
-0.01707204 0.9998543 0
-0.02952643 0.999526 -0.008711508
-0.02952643 0.999526 0.008711508
-0.09138064 0.9939516 -0.06090808
-0.09563915 0.9947432 -0.03659465
-0.07440989 0.9961711 -0.04589501
-0.09138064 0.9939516 0.06090808
-0.07440989 0.9961711 0.04589501
-0.09563915 0.9947432 0.03659465
-0.2496157 0.9455426 -0.2089049
-0.2577823 0.9497967 -0.1772978
-0.2283278 0.9551516 -0.1885524
-0.2771821 0.9595827 -0.04869411
-0.2511188 0.9658802 -0.06336414
-0.2743812 0.9581971 -0.08107567
-0.1466749 0.9828714 -0.1115815
-0.166417 0.9774466 -0.1300133
-0.1728509 0.9797204 -0.1013432
-0.2496157 0.9455426 0.2089049
-0.2283278 0.9551516 0.1885524
-0.2577823 0.9497967 0.1772978
-0.1466749 0.9828714 0.1115815
-0.1728509 0.9797204 0.1013432
-0.166417 0.9774466 0.1300133
-0.2771821 0.9595827 0.04869411
-0.2743812 0.9581971 0.08107567
-0.2511188 0.9658802 0.06336414
-0.5762998 0.6222535 -0.5297915
-0.5902207 0.6359947 -0.497142
-0.5594615 0.6511393 -0.5128554
-0.6370289 0.6822152 -0.3588547
-0.6083872 0.6988181 -0.3761893
-0.626717 0.672031 -0.3944616
-0.4852091 0.7563209 -0.4388061
-0.5047313 0.7316505 -0.4581853
-0.5172203 0.7432731 -0.4242975
-0.6832519 0.727874 -0.05802062
-0.659001 0.7481689 -0.07720754
-0.6811219 0.7257698 -0.09659838
-0.5538131 0.8187783 -0.151305
-0.5768713 0.7987228 -0.1710599
-0.5812261 0.8027458 -0.1333244
-0.6620736 0.706953 -0.2487492
-0.6683984 0.7132007 -0.2111595
-0.6419501 0.7315447 -0.2296572
-0.3147552 0.9094349 -0.2717671
-0.3367216 0.8948262 -0.2930946
-0.346233 0.9015078 -0.2596276
-0.4235363 0.8232707 -0.377945
-0.4344877 0.8325124 -0.3437201
-0.4021657 0.8431093 -0.3569728
-0.467867 0.860393 -0.20205
-0.4381412 0.8721555 -0.2176624
-0.4611127 0.8548096 -0.2380666
-0.5762998 0.6222535 0.5297915
-0.5594614 0.6511392 0.5128554
-0.5902207 0.6359947 0.497142
-0.4852091 0.7563209 0.4388061
-0.5172203 0.7432731 0.4242975
-0.5047313 0.7316505 0.4581853
-0.6370289 0.6822152 0.3588547
-0.626717 0.672031 0.3944616
-0.6083872 0.6988181 0.3761893
-0.3147552 0.9094349 0.2717671
-0.346233 0.9015078 0.2596276
-0.3367216 0.8948262 0.2930946
-0.467867 0.860393 0.20205
-0.4611127 0.8548096 0.2380666
-0.4381412 0.8721555 0.2176624
-0.4235363 0.8232707 0.377945
-0.4021657 0.8431093 0.3569728
-0.4344877 0.8325124 0.3437201
-0.6832519 0.727874 0.05802062
-0.6811219 0.7257698 0.09659838
-0.659001 0.7481689 0.07720754
-0.6620736 0.706953 0.2487492
-0.6419501 0.7315447 0.2296572
-0.6683984 0.7132007 0.2111595
-0.553813 0.8187783 0.151305
-0.5812261 0.8027458 0.1333244
-0.5768713 0.7987228 0.1710599
0 -0.9998543 -0.01707204
-0.008711508 -0.999526 -0.02952643
0.008711508 -0.999526 -0.02952643
-0.06090808 -0.9939516 -0.09138064
-0.03659465 -0.9947432 -0.09563915
-0.04589501 -0.9961711 -0.07440989
0.06090808 -0.9939516 -0.09138064
0.04589501 -0.9961711 -0.07440989
0.03659465 -0.9947432 -0.09563915
-0.2089049 -0.9455426 -0.2496157
-0.1772978 -0.9497967 -0.2577823
-0.1885524 -0.9551516 -0.2283278
-0.04869411 -0.9595827 -0.2771821
-0.06336414 -0.9658802 -0.2511188
-0.08107567 -0.9581971 -0.2743812
-0.1115815 -0.9828714 -0.1466749
-0.1300133 -0.9774466 -0.166417
-0.1013432 -0.9797204 -0.1728509
0.2089049 -0.9455426 -0.2496157
0.1885524 -0.9551516 -0.2283278
0.1772978 -0.9497967 -0.2577823
0.1115815 -0.9828714 -0.1466749
0.1013432 -0.9797204 -0.1728509
0.1300133 -0.9774466 -0.166417
0.04869411 -0.9595827 -0.2771821
0.08107567 -0.9581971 -0.2743812
0.06336414 -0.9658802 -0.2511188
-0.5297914 -0.6222535 -0.5762998
-0.497142 -0.6359947 -0.5902207
-0.5128554 -0.6511392 -0.5594614
-0.3588547 -0.6822152 -0.6370289
-0.3761893 -0.6988181 -0.6083872
-0.3944616 -0.672031 -0.626717
-0.4388061 -0.7563209 -0.4852091
-0.4581853 -0.7316505 -0.5047313
-0.4242975 -0.7432731 -0.5172202
-0.05802062 -0.727874 -0.6832519
-0.07720754 -0.7481689 -0.659001
-0.09659838 -0.7257698 -0.6811219
-0.151305 -0.8187783 -0.5538131
-0.1710599 -0.7987227 -0.5768713
-0.1333244 -0.8027458 -0.5812261
-0.2487492 -0.706953 -0.6620736
-0.2111595 -0.7132007 -0.6683984
-0.2296572 -0.7315447 -0.6419501
-0.2717671 -0.9094349 -0.3147552
-0.2930946 -0.8948262 -0.3367216
-0.2596276 -0.9015078 -0.346233
-0.377945 -0.8232707 -0.4235363
-0.3437201 -0.8325124 -0.4344877
-0.3569728 -0.8431093 -0.4021657
-0.20205 -0.860393 -0.467867
-0.2176624 -0.8721555 -0.4381412
-0.2380666 -0.8548095 -0.4611127
0.5297914 -0.6222535 -0.5762998
0.5128554 -0.6511392 -0.5594614
0.497142 -0.6359947 -0.5902207
0.4388061 -0.7563209 -0.4852091
0.4242975 -0.7432731 -0.5172202
0.4581853 -0.7316505 -0.5047313
0.3588547 -0.6822152 -0.6370289
0.3944616 -0.672031 -0.626717
0.3761893 -0.6988181 -0.6083872
0.2717671 -0.9094349 -0.3147552
0.2596276 -0.9015078 -0.346233
0.2930946 -0.8948262 -0.3367216
0.20205 -0.8603932 -0.467867
0.2380666 -0.8548095 -0.4611127
0.2176624 -0.8721555 -0.4381412
0.377945 -0.8232707 -0.4235363
0.3569728 -0.8431093 -0.4021657
0.3437201 -0.8325124 -0.4344877
0.05802062 -0.727874 -0.6832519
0.09659838 -0.7257698 -0.6811219
0.07720754 -0.7481689 -0.659001
0.2487492 -0.706953 -0.6620736
0.2296572 -0.7315447 -0.6419501
0.2111595 -0.7132007 -0.6683984
0.151305 -0.8187783 -0.553813
0.1333244 -0.8027458 -0.5812261
0.1710599 -0.7987227 -0.5768713
0.01707204 -0.9998543 0
0.02952643 -0.999526 -0.008711508
0.02952643 -0.999526 0.008711508
0.09138064 -0.9939516 -0.06090808
0.09563915 -0.9947432 -0.03659465
0.07440989 -0.9961711 -0.04589501
0.09138064 -0.9939516 0.06090808
0.07440989 -0.9961711 0.04589501
0.09563915 -0.9947432 0.03659465
0.2496157 -0.9455426 -0.2089049
0.2577823 -0.9497967 -0.1772978
0.2283278 -0.9551516 -0.1885524
0.2771821 -0.9595827 -0.04869411
0.2511188 -0.9658802 -0.06336414
0.2743812 -0.9581971 -0.08107567
0.1466749 -0.9828714 -0.1115815
0.166417 -0.9774466 -0.1300133
0.1728509 -0.9797204 -0.1013432
0.2496157 -0.9455426 0.2089049
0.2283278 -0.9551516 0.1885524
0.2577823 -0.9497967 0.1772978
0.1466749 -0.9828714 0.1115815
0.1728509 -0.9797204 0.1013432
0.166417 -0.9774466 0.1300133
0.2771821 -0.9595827 0.04869411
0.2743812 -0.9581971 0.08107567
0.2511188 -0.9658802 0.06336414
0.5762998 -0.6222535 -0.5297915
0.5902207 -0.6359947 -0.497142
0.5594615 -0.6511393 -0.5128554
0.6370289 -0.6822152 -0.3588547
0.6083872 -0.6988181 -0.3761893
0.626717 -0.672031 -0.3944616
0.4852091 -0.7563209 -0.4388061
0.5047313 -0.7316505 -0.4581853
0.5172203 -0.7432731 -0.4242975
0.6832519 -0.727874 -0.05802062
0.659001 -0.7481689 -0.07720754
0.6811219 -0.7257698 -0.09659838
0.5538131 -0.8187783 -0.151305
0.5768713 -0.7987228 -0.1710599
0.5812261 -0.8027458 -0.1333244
0.6620736 -0.706953 -0.2487492
0.6683984 -0.7132007 -0.2111595
0.6419501 -0.7315447 -0.2296572
0.3147552 -0.9094349 -0.2717671
0.3367216 -0.8948262 -0.2930946
0.346233 -0.9015078 -0.2596276
0.4235363 -0.8232707 -0.377945
0.4344877 -0.8325124 -0.3437201
0.4021657 -0.8431093 -0.3569728
0.467867 -0.860393 -0.20205
0.4381412 -0.8721555 -0.2176624
0.4611127 -0.8548096 -0.2380666
0.5762998 -0.6222535 0.5297914
0.5594614 -0.6511392 0.5128554
0.5902207 -0.6359947 0.497142
0.4852091 -0.7563209 0.4388061
0.5172203 -0.7432731 0.4242975
0.5047313 -0.7316505 0.4581853
0.6370289 -0.6822152 0.3588547
0.626717 -0.672031 0.3944616
0.6083872 -0.6988181 0.3761893
0.3147552 -0.9094349 0.2717671
0.346233 -0.9015078 0.2596276
0.3367216 -0.8948262 0.2930946
0.467867 -0.860393 0.20205
0.4611127 -0.8548096 0.2380666
0.4381412 -0.8721555 0.2176624
0.4235363 -0.8232707 0.377945
0.4021657 -0.8431093 0.3569728
0.4344877 -0.8325124 0.3437201
0.6832519 -0.727874 0.05802062
0.6811219 -0.7257698 0.09659838
0.659001 -0.7481689 0.07720754
0.6620736 -0.706953 0.2487492
0.6419501 -0.7315447 0.2296572
0.6683984 -0.7132007 0.2111595
0.553813 -0.8187783 0.151305
0.5812261 -0.8027458 0.1333244
0.5768713 -0.7987228 0.1710599
0 -0.9998543 0.01707204
0.008711508 -0.999526 0.02952643
-0.008711508 -0.999526 0.02952643
0.06090808 -0.9939516 0.09138064
0.03659465 -0.9947432 0.09563915
0.04589501 -0.9961711 0.07440989
-0.06090808 -0.9939516 0.09138064
-0.04589501 -0.9961711 0.07440989
-0.03659465 -0.9947432 0.09563915
0.2089049 -0.9455426 0.2496157
0.1772978 -0.9497967 0.2577823
0.1885524 -0.9551516 0.2283278
0.04869411 -0.9595827 0.2771821
0.06336414 -0.9658802 0.2511188
0.08107567 -0.9581971 0.2743812
0.1115815 -0.9828714 0.1466749
0.1300133 -0.9774466 0.166417
0.1013432 -0.9797204 0.1728509
-0.2089049 -0.9455426 0.2496157
-0.1885524 -0.9551516 0.2283278
-0.1772978 -0.9497967 0.2577823
-0.1115815 -0.9828714 0.1466749
-0.1013432 -0.9797204 0.1728509
-0.1300133 -0.9774466 0.166417
-0.04869411 -0.9595827 0.2771821
-0.08107567 -0.9581971 0.2743812
-0.06336414 -0.9658802 0.2511188
0.5297915 -0.6222535 0.5762998
0.497142 -0.6359947 0.5902207
0.5128554 -0.6511393 0.5594615
0.3588547 -0.6822152 0.6370289
0.3761893 -0.6988181 0.6083872
0.3944616 -0.672031 0.626717
0.4388061 -0.7563209 0.4852091
0.4581853 -0.7316505 0.5047313
0.4242975 -0.7432731 0.5172202
0.05802062 -0.727874 0.6832519
0.07720754 -0.7481689 0.659001
0.09659838 -0.7257698 0.6811219
0.151305 -0.8187783 0.5538131
0.1710599 -0.7987227 0.5768713
0.1333244 -0.8027458 0.5812261
0.2487492 -0.706953 0.6620736
0.2111595 -0.7132007 0.6683984
0.2296572 -0.7315447 0.6419501
0.2717671 -0.9094349 0.3147552
0.2930946 -0.8948262 0.3367216
0.2596276 -0.9015078 0.346233
0.377945 -0.8232707 0.4235363
0.3437201 -0.8325124 0.4344877
0.3569728 -0.8431093 0.4021657
0.20205 -0.860393 0.467867
0.2176624 -0.8721555 0.4381412
0.2380666 -0.8548095 0.4611127
-0.5297914 -0.6222535 0.5762998
-0.5128554 -0.6511392 0.5594614
-0.497142 -0.6359947 0.5902207
-0.4388061 -0.7563209 0.4852091
-0.4242975 -0.7432731 0.5172202
-0.4581853 -0.7316505 0.5047313
-0.3588547 -0.6822152 0.6370289
-0.3944616 -0.672031 0.626717
-0.3761893 -0.6988181 0.6083872
-0.2717671 -0.9094349 0.3147552
-0.2596276 -0.9015078 0.346233
-0.2930946 -0.8948262 0.3367216
-0.20205 -0.8603932 0.467867
-0.2380666 -0.8548095 0.4611127
-0.2176624 -0.8721555 0.4381412
-0.377945 -0.8232707 0.4235363
-0.3569728 -0.8431093 0.4021657
-0.3437201 -0.8325124 0.4344877
-0.05802062 -0.727874 0.6832519
-0.09659838 -0.7257698 0.6811219
-0.07720754 -0.7481689 0.659001
-0.2487492 -0.706953 0.6620736
-0.2296572 -0.7315447 0.6419501
-0.2111595 -0.7132007 0.6683984
-0.151305 -0.8187783 0.553813
-0.1333244 -0.8027458 0.5812261
-0.1710599 -0.7987227 0.5768713
-0.01707204 -0.9998543 0
-0.02952643 -0.999526 0.008711508
-0.02952643 -0.999526 -0.008711508
-0.09138064 -0.9939516 0.06090808
-0.09563915 -0.9947432 0.03659465
-0.07440989 -0.9961711 0.04589501
-0.09138064 -0.9939516 -0.06090808
-0.07440989 -0.9961711 -0.04589501
-0.09563915 -0.9947432 -0.03659465
-0.2496157 -0.9455426 0.2089049
-0.2577823 -0.9497967 0.1772978
-0.2283278 -0.9551516 0.1885524
-0.2771821 -0.9595827 0.04869411
-0.2511188 -0.9658802 0.06336414
-0.2743812 -0.9581971 0.08107567
-0.1466749 -0.9828714 0.1115815
-0.166417 -0.9774466 0.1300133
-0.1728509 -0.9797204 0.1013432
-0.2496157 -0.9455426 -0.2089049
-0.2283278 -0.9551516 -0.1885524
-0.2577823 -0.9497967 -0.1772978
-0.1466749 -0.9828714 -0.1115815
-0.1728509 -0.9797204 -0.1013432
-0.166417 -0.9774466 -0.1300133
-0.2771821 -0.9595827 -0.04869411
-0.2743812 -0.9581971 -0.08107567
-0.2511188 -0.9658802 -0.06336414
-0.5762998 -0.6222535 0.5297915
-0.5902207 -0.6359947 0.497142
-0.5594615 -0.6511393 0.5128554
-0.6370289 -0.6822152 0.3588547
-0.6083872 -0.6988181 0.3761893
-0.626717 -0.672031 0.3944616
-0.4852091 -0.7563209 0.4388061
-0.5047313 -0.7316505 0.4581853
-0.5172203 -0.7432731 0.4242975
-0.6832519 -0.727874 0.05802062
-0.659001 -0.7481689 0.07720754
-0.6811219 -0.7257698 0.09659838
-0.5538131 -0.8187783 0.151305
-0.5768713 -0.7987228 0.1710599
-0.5812261 -0.8027458 0.1333244
-0.6620736 -0.706953 0.2487492
-0.6683984 -0.7132007 0.2111595
-0.6419501 -0.7315447 0.2296572
-0.3147552 -0.9094349 0.2717671
-0.3367216 -0.8948262 0.2930946
-0.346233 -0.9015078 0.2596276
-0.4235363 -0.8232707 0.377945
-0.4344877 -0.8325124 0.3437201
-0.4021657 -0.8431093 0.3569728
-0.467867 -0.860393 0.20205
-0.4381412 -0.8721555 0.2176624
-0.4611127 -0.8548096 0.2380666
-0.5762998 -0.6222535 -0.5297914
-0.5594614 -0.6511392 -0.5128554
-0.5902207 -0.6359947 -0.497142
-0.4852091 -0.7563209 -0.4388061
-0.5172203 -0.7432731 -0.4242975
-0.5047313 -0.7316505 -0.4581853
-0.6370289 -0.6822152 -0.3588547
-0.626717 -0.672031 -0.3944616
-0.6083872 -0.6988181 -0.3761893
-0.3147552 -0.9094349 -0.2717671
-0.346233 -0.9015078 -0.2596276
-0.3367216 -0.8948262 -0.2930946
-0.467867 -0.860393 -0.20205
-0.4611127 -0.8548096 -0.2380666
-0.4381412 -0.8721555 -0.2176624
-0.4235363 -0.8232707 -0.377945
-0.4021657 -0.8431093 -0.3569728
-0.4344877 -0.8325124 -0.3437201
-0.6832519 -0.727874 -0.05802062
-0.6811219 -0.7257698 -0.09659838
-0.659001 -0.7481689 -0.07720754
-0.6620736 -0.706953 -0.2487492
-0.6419501 -0.7315447 -0.2296572
-0.6683984 -0.7132007 -0.2111595
-0.553813 -0.8187783 -0.151305
-0.5812261 -0.8027458 -0.1333244
-0.5768713 -0.7987228 -0.1710599
-0.4851097 -0.01850718 -0.8742574
-0.4851097 0.01850718 -0.8742574
-0.431634 0.0541891 -0.9004197
-0.4062633 0.0356351 -0.9130609
-0.4062632 -0.0356351 -0.9130609
-0.431634 -0.0541891 -0.9004198
-0.01850718 0.4851097 -0.8742574
0.01850718 0.4851097 -0.8742574
0.0541891 0.431634 -0.9004197
0.0356351 0.4062633 -0.9130609
-0.0356351 0.4062632 -0.9130609
-0.0541891 0.431634 -0.9004198
0.4851097 0.01850718 -0.8742574
0.4851097 -0.01850718 -0.8742574
0.431634 -0.0541891 -0.9004197
0.4062633 -0.0356351 -0.9130609
0.4062632 0.0356351 -0.9130609
0.431634 0.0541891 -0.9004198
0.01850718 -0.4851097 -0.8742574
-0.01850718 -0.4851097 -0.8742574
-0.0541891 -0.431634 -0.9004197
-0.0356351 -0.4062633 -0.9130609
0.0356351 -0.4062632 -0.9130609
0.0541891 -0.431634 -0.9004198
0.8742574 0.01850718 0.4851097
0.8742574 -0.01850718 0.4851097
0.9004197 -0.0541891 0.431634
0.9130609 -0.0356351 0.4062633
0.9130609 0.0356351 0.4062632
0.9004197 0.05418909 0.4316339
0.8742574 -0.4851097 0.01850718
0.8742574 -0.4851097 -0.01850718
0.9004197 -0.431634 -0.0541891
0.9130609 -0.4062633 -0.0356351
0.9130609 -0.4062632 0.0356351
0.9004198 -0.431634 0.0541891
0.8742574 -0.01850718 -0.4851097
0.8742574 0.01850718 -0.4851097
0.9004197 0.0541891 -0.431634
0.9130609 0.0356351 -0.4062633
0.9130609 -0.0356351 -0.4062632
0.9004197 -0.05418909 -0.4316339
0.8742574 0.4851097 -0.01850718
0.8742574 0.4851097 0.01850718
0.9004197 0.431634 0.0541891
0.9130609 0.4062633 0.0356351
0.9130609 0.4062632 -0.0356351
0.9004198 0.431634 -0.0541891
0.4851097 -0.01850718 0.8742574
0.4851097 0.01850718 0.8742574
0.431634 0.0541891 0.9004197
0.4062633 0.0356351 0.9130609
0.4062632 -0.0356351 0.9130609
0.431634 -0.0541891 0.9004198
0.01850718 0.4851097 0.8742574
-0.01850718 0.4851097 0.8742574
-0.0541891 0.431634 0.9004197
-0.0356351 0.4062633 0.9130609
0.0356351 0.4062632 0.9130609
0.0541891 0.431634 0.9004198
-0.4851097 0.01850718 0.8742574
-0.4851097 -0.01850718 0.8742574
-0.431634 -0.0541891 0.9004197
-0.4062633 -0.0356351 0.9130609
-0.4062632 0.0356351 0.9130609
-0.431634 0.0541891 0.9004198
-0.01850718 -0.4851097 0.8742574
0.01850718 -0.4851097 0.8742574
0.0541891 -0.431634 0.9004197
0.0356351 -0.4062633 0.9130609
-0.0356351 -0.4062632 0.9130609
-0.0541891 -0.431634 0.9004198
-0.8742574 0.01850718 -0.4851097
-0.8742574 -0.01850718 -0.4851097
-0.9004197 -0.0541891 -0.431634
-0.9130609 -0.0356351 -0.4062633
-0.9130609 0.0356351 -0.4062632
-0.9004197 0.05418909 -0.4316339
-0.8742574 -0.4851097 -0.01850718
-0.8742574 -0.4851097 0.01850718
-0.9004197 -0.431634 0.0541891
-0.9130609 -0.4062633 0.0356351
-0.9130609 -0.4062632 -0.0356351
-0.9004198 -0.431634 -0.0541891
-0.8742574 -0.01850718 0.4851097
-0.8742574 0.01850718 0.4851097
-0.9004197 0.0541891 0.431634
-0.9130609 0.0356351 0.4062633
-0.9130609 -0.0356351 0.4062632
-0.9004197 -0.05418909 0.4316339
-0.8742574 0.4851097 0.01850718
-0.8742574 0.4851097 -0.01850718
-0.9004197 0.431634 -0.0541891
-0.9130609 0.4062633 -0.0356351
-0.9130609 0.4062632 0.0356351
-0.9004198 0.431634 0.0541891
-0.01850718 0.8742574 0.4851097
0.01850718 0.8742574 0.4851097
0.0541891 0.9004197 0.431634
0.0356351 0.9130609 0.4062633
-0.0356351 0.9130609 0.4062632
-0.05418909 0.9004197 0.4316339
0.4851097 0.8742574 0.01850718
0.4851097 0.8742574 -0.01850718
0.431634 0.9004197 -0.0541891
0.4062633 0.9130609 -0.0356351
0.4062632 0.9130609 0.0356351
0.431634 0.9004198 0.0541891
0.01850718 0.8742574 -0.4851097
-0.01850718 0.8742574 -0.4851097
-0.0541891 0.9004197 -0.431634
-0.0356351 0.9130609 -0.4062633
0.0356351 0.9130609 -0.4062632
0.05418909 0.9004197 -0.4316339
-0.4851097 0.8742574 -0.01850718
-0.4851097 0.8742574 0.01850718
-0.431634 0.9004197 0.0541891
-0.4062633 0.9130609 0.0356351
-0.4062632 0.9130609 -0.0356351
-0.431634 0.9004198 -0.0541891
-0.01850718 -0.8742574 -0.4851097
0.01850718 -0.8742574 -0.4851097
0.0541891 -0.9004197 -0.431634
0.0356351 -0.9130609 -0.4062633
-0.0356351 -0.9130609 -0.4062632
-0.05418909 -0.9004197 -0.4316339
0.4851097 -0.8742574 -0.01850718
0.4851097 -0.8742574 0.01850718
0.431634 -0.9004197 0.0541891
0.4062633 -0.9130609 0.0356351
0.4062632 -0.9130609 -0.0356351
0.431634 -0.9004198 -0.0541891
0.01850718 -0.8742574 0.4851097
-0.01850718 -0.8742574 0.4851097
-0.0541891 -0.9004197 0.431634
-0.0356351 -0.9130609 0.4062633
0.0356351 -0.9130609 0.4062632
0.05418909 -0.9004197 0.4316339
-0.4851097 -0.8742574 0.01850718
-0.4851097 -0.8742574 -0.01850718
-0.431634 -0.9004197 -0.0541891
-0.4062633 -0.9130609 -0.0356351
-0.4062632 -0.9130609 0.0356351
-0.431634 -0.9004198 0.0541891
-0.1387043 0.01345437 -0.9902424
-0.1387043 -0.01345437 -0.9902424
-0.1810762 -0.04355143 -0.9825042
-0.2052522 -0.02999838 -0.9782493
-0.2052522 0.02999837 -0.9782493
-0.1810762 0.04355142 -0.9825042
-0.5393245 -0.3545008 -0.7638443
-0.5694308 -0.3382641 -0.7492168
-0.5864258 -0.2653569 -0.7653041
-0.5649718 -0.2456655 -0.7876898
-0.5059876 -0.2787379 -0.8162609
-0.4972974 -0.3145906 -0.8085344
-0.5694308 0.3382641 -0.7492168
-0.5393245 0.3545008 -0.7638443
-0.4972974 0.3145906 -0.8085344
-0.5059876 0.2787379 -0.8162609
-0.5649718 0.2456655 -0.7876899
-0.5864258 0.2653569 -0.7653041
0.01345437 0.1387043 -0.9902424
-0.01345437 0.1387043 -0.9902424
-0.04355143 0.1810762 -0.9825042
-0.02999838 0.2052522 -0.9782493
0.02999837 0.2052522 -0.9782493
0.04355142 0.1810762 -0.9825042
-0.3545008 0.5393245 -0.7638443
-0.3382641 0.5694308 -0.7492168
-0.2653569 0.5864258 -0.7653041
-0.2456655 0.5649718 -0.7876898
-0.2787379 0.5059876 -0.8162609
-0.3145906 0.4972974 -0.8085344
0.3382641 0.5694308 -0.7492168
0.3545008 0.5393245 -0.7638443
0.3145906 0.4972974 -0.8085344
0.2787379 0.5059876 -0.8162609
0.2456655 0.5649718 -0.7876899
0.2653569 0.5864258 -0.7653041
0.1387043 -0.01345437 -0.9902424
0.1387043 0.01345437 -0.9902424
0.1810762 0.04355143 -0.9825042
0.2052522 0.02999838 -0.9782493
0.2052522 -0.02999837 -0.9782493
0.1810762 -0.04355142 -0.9825042
0.5393245 0.3545008 -0.7638443
0.5694308 0.3382641 -0.7492168
0.5864258 0.2653569 -0.7653041
0.5649718 0.2456655 -0.7876898
0.5059876 0.2787379 -0.8162609
0.4972974 0.3145906 -0.8085344
0.5694308 -0.3382641 -0.7492168
0.5393245 -0.3545008 -0.7638443
0.4972974 -0.3145906 -0.8085344
0.5059876 -0.2787379 -0.8162609
0.5649718 -0.2456655 -0.7876899
0.5864258 -0.2653569 -0.7653041
-0.01345437 -0.1387043 -0.9902424
0.01345437 -0.1387043 -0.9902424
0.04355143 -0.1810762 -0.9825042
0.02999838 -0.2052522 -0.9782493
-0.02999837 -0.2052522 -0.9782493
-0.04355142 -0.1810762 -0.9825042
0.3545008 -0.5393245 -0.7638443
0.3382641 -0.5694308 -0.7492168
0.2653569 -0.5864258 -0.7653041
0.2456655 -0.5649718 -0.7876898
0.2787379 -0.5059876 -0.8162609
0.3145906 -0.4972974 -0.8085344
-0.3382641 -0.5694308 -0.7492168
-0.3545008 -0.5393245 -0.7638443
-0.3145906 -0.4972974 -0.8085344
-0.2787379 -0.5059876 -0.8162609
-0.2456655 -0.5649718 -0.7876899
-0.2653569 -0.5864258 -0.7653041
0.9902424 -0.01345437 0.1387043
0.9902424 0.01345437 0.1387043
0.9825042 0.04355143 0.1810762
0.9782493 0.02999838 0.2052522
0.9782493 -0.02999837 0.2052522
0.9825042 -0.04355142 0.1810762
0.7638443 0.3545008 0.5393245
0.7492168 0.3382641 0.5694308
0.7653041 0.2653569 0.5864258
0.7876898 0.2456655 0.5649718
0.8162609 0.2787379 0.5059876
0.8085344 0.3145906 0.4972974
0.7492168 -0.3382641 0.5694308
0.7638443 -0.3545008 0.5393245
0.8085344 -0.3145906 0.4972974
0.8162609 -0.2787379 0.5059876
0.7876898 -0.2456655 0.5649717
0.7653041 -0.2653569 0.5864258
0.9902424 -0.1387043 -0.01345437
0.9902424 -0.1387043 0.01345437
0.9825042 -0.1810762 0.04355143
0.9782493 -0.2052522 0.02999838
0.9782493 -0.2052522 -0.02999837
0.9825042 -0.1810762 -0.04355142
0.7638443 -0.5393245 0.3545008
0.7492168 -0.5694308 0.3382641
0.7653041 -0.5864258 0.2653569
0.7876898 -0.5649718 0.2456655
0.8162609 -0.5059876 0.2787379
0.8085344 -0.4972974 0.3145906
0.7492168 -0.5694308 -0.3382641
0.7638443 -0.5393245 -0.3545008
0.8085344 -0.4972974 -0.3145906
0.8162609 -0.5059876 -0.2787379
0.7876899 -0.5649718 -0.2456655
0.7653041 -0.5864258 -0.2653569
0.9902424 0.01345437 -0.1387043
0.9902424 -0.01345437 -0.1387043
0.9825042 -0.04355143 -0.1810762
0.9782493 -0.02999838 -0.2052522
0.9782493 0.02999837 -0.2052522
0.9825042 0.04355142 -0.1810762
0.7638443 -0.3545008 -0.5393245
0.7492168 -0.3382641 -0.5694308
0.7653041 -0.2653569 -0.5864258
0.7876898 -0.2456655 -0.5649718
0.8162609 -0.2787379 -0.5059876
0.8085344 -0.3145906 -0.4972974
0.7492168 0.3382641 -0.5694308
0.7638443 0.3545008 -0.5393245
0.8085344 0.3145906 -0.4972974
0.8162609 0.2787379 -0.5059876
0.7876898 0.2456655 -0.5649717
0.7653041 0.2653569 -0.5864258
0.9902424 0.1387043 0.01345437
0.9902424 0.1387043 -0.01345437
0.9825042 0.1810762 -0.04355143
0.9782493 0.2052522 -0.02999838
0.9782493 0.2052522 0.02999837
0.9825042 0.1810762 0.04355142
0.7638443 0.5393245 -0.3545008
0.7492168 0.5694308 -0.3382641
0.7653041 0.5864258 -0.2653569
0.7876898 0.5649718 -0.2456655
0.8162609 0.5059876 -0.2787379
0.8085344 0.4972974 -0.3145906
0.7492168 0.5694308 0.3382641
0.7638443 0.5393245 0.3545008
0.8085344 0.4972974 0.3145906
0.8162609 0.5059876 0.2787379
0.7876899 0.5649718 0.2456655
0.7653041 0.5864258 0.2653569
0.1387043 0.01345437 0.9902424
0.1387043 -0.01345437 0.9902424
0.1810762 -0.04355143 0.9825042
0.2052522 -0.02999838 0.9782493
0.2052522 0.02999837 0.9782493
0.1810762 0.04355142 0.9825042
0.5393245 -0.3545008 0.7638443
0.5694308 -0.3382641 0.7492168
0.5864258 -0.2653569 0.7653041
0.5649718 -0.2456655 0.7876898
0.5059876 -0.2787379 0.8162609
0.4972974 -0.3145906 0.8085344
0.5694308 0.3382641 0.7492168
0.5393245 0.3545008 0.7638443
0.4972974 0.3145906 0.8085344
0.5059876 0.2787379 0.8162609
0.5649718 0.2456655 0.7876899
0.5864258 0.2653569 0.7653041
-0.01345437 0.1387043 0.9902424
0.01345437 0.1387043 0.9902424
0.04355143 0.1810762 0.9825042
0.02999838 0.2052522 0.9782493
-0.02999837 0.2052522 0.9782493
-0.04355142 0.1810762 0.9825042
0.3545008 0.5393245 0.7638443
0.3382641 0.5694308 0.7492168
0.2653569 0.5864258 0.7653041
0.2456655 0.5649718 0.7876898
0.2787379 0.5059876 0.8162609
0.3145906 0.4972974 0.8085344
-0.3382641 0.5694308 0.7492168
-0.3545008 0.5393245 0.7638443
-0.3145906 0.4972974 0.8085344
-0.2787379 0.5059876 0.8162609
-0.2456655 0.5649718 0.7876899
-0.2653569 0.5864258 0.7653041
-0.1387043 -0.01345437 0.9902424
-0.1387043 0.01345437 0.9902424
-0.1810762 0.04355143 0.9825042
-0.2052522 0.02999838 0.9782493
-0.2052522 -0.02999837 0.9782493
-0.1810762 -0.04355142 0.9825042
-0.5393245 0.3545008 0.7638443
-0.5694308 0.3382641 0.7492168
-0.5864258 0.2653569 0.7653041
-0.5649718 0.2456655 0.7876898
-0.5059876 0.2787379 0.8162609
-0.4972974 0.3145906 0.8085344
-0.5694308 -0.3382641 0.7492168
-0.5393245 -0.3545008 0.7638443
-0.4972974 -0.3145906 0.8085344
-0.5059876 -0.2787379 0.8162609
-0.5649718 -0.2456655 0.7876899
-0.5864258 -0.2653569 0.7653041
0.01345437 -0.1387043 0.9902424
-0.01345437 -0.1387043 0.9902424
-0.04355143 -0.1810762 0.9825042
-0.02999838 -0.2052522 0.9782493
0.02999837 -0.2052522 0.9782493
0.04355142 -0.1810762 0.9825042
-0.3545008 -0.5393245 0.7638443
-0.3382641 -0.5694308 0.7492168
-0.2653569 -0.5864258 0.7653041
-0.2456655 -0.5649718 0.7876898
-0.2787379 -0.5059876 0.8162609
-0.3145906 -0.4972974 0.8085344
0.3382641 -0.5694308 0.7492168
0.3545008 -0.5393245 0.7638443
0.3145906 -0.4972974 0.8085344
0.2787379 -0.5059876 0.8162609
0.2456655 -0.5649718 0.7876899
0.2653569 -0.5864258 0.7653041
-0.9902424 -0.01345437 -0.1387043
-0.9902424 0.01345437 -0.1387043
-0.9825042 0.04355143 -0.1810762
-0.9782493 0.02999838 -0.2052522
-0.9782493 -0.02999837 -0.2052522
-0.9825042 -0.04355142 -0.1810762
-0.7638443 0.3545008 -0.5393245
-0.7492168 0.3382641 -0.5694308
-0.7653041 0.2653569 -0.5864258
-0.7876898 0.2456655 -0.5649718
-0.8162609 0.2787379 -0.5059876
-0.8085344 0.3145906 -0.4972974
-0.7492168 -0.3382641 -0.5694308
-0.7638443 -0.3545008 -0.5393245
-0.8085344 -0.3145906 -0.4972974
-0.8162609 -0.2787379 -0.5059876
-0.7876898 -0.2456655 -0.5649717
-0.7653041 -0.2653569 -0.5864258
-0.9902424 -0.1387043 0.01345437
-0.9902424 -0.1387043 -0.01345437
-0.9825042 -0.1810762 -0.04355143
-0.9782493 -0.2052522 -0.02999838
-0.9782493 -0.2052522 0.02999837
-0.9825042 -0.1810762 0.04355142
-0.7638443 -0.5393245 -0.3545008
-0.7492168 -0.5694308 -0.3382641
-0.7653041 -0.5864258 -0.2653569
-0.7876898 -0.5649718 -0.2456655
-0.8162609 -0.5059876 -0.2787379
-0.8085344 -0.4972974 -0.3145906
-0.7492168 -0.5694308 0.3382641
-0.7638443 -0.5393245 0.3545008
-0.8085344 -0.4972974 0.3145906
-0.8162609 -0.5059876 0.2787379
-0.7876899 -0.5649718 0.2456655
-0.7653041 -0.5864258 0.2653569
-0.9902424 0.01345437 0.1387043
-0.9902424 -0.01345437 0.1387043
-0.9825042 -0.04355143 0.1810762
-0.9782493 -0.02999838 0.2052522
-0.9782493 0.02999837 0.2052522
-0.9825042 0.04355142 0.1810762
-0.7638443 -0.3545008 0.5393245
-0.7492168 -0.3382641 0.5694308
-0.7653041 -0.2653569 0.5864258
-0.7876898 -0.2456655 0.5649718
-0.8162609 -0.2787379 0.5059876
-0.8085344 -0.3145906 0.4972974
-0.7492168 0.3382641 0.5694308
-0.7638443 0.3545008 0.5393245
-0.8085344 0.3145906 0.4972974
-0.8162609 0.2787379 0.5059876
-0.7876898 0.2456655 0.5649717
-0.7653041 0.2653569 0.5864258
-0.9902424 0.1387043 -0.01345437
-0.9902424 0.1387043 0.01345437
-0.9825042 0.1810762 0.04355143
-0.9782493 0.2052522 0.02999838
-0.9782493 0.2052522 -0.02999837
-0.9825042 0.1810762 -0.04355142
-0.7638443 0.5393245 0.3545008
-0.7492168 0.5694308 0.3382641
-0.7653041 0.5864258 0.2653569
-0.7876898 0.5649718 0.2456655
-0.8162609 0.5059876 0.2787379
-0.8085344 0.4972974 0.3145906
-0.7492168 0.5694308 -0.3382641
-0.7638443 0.5393245 -0.3545008
-0.8085344 0.4972974 -0.3145906
-0.8162609 0.5059876 -0.2787379
-0.7876899 0.5649718 -0.2456655
-0.7653041 0.5864258 -0.2653569
0.01345437 0.9902424 0.1387043
-0.01345437 0.9902424 0.1387043
-0.04355143 0.9825042 0.1810762
-0.02999838 0.9782493 0.2052522
0.02999837 0.9782493 0.2052522
0.04355142 0.9825042 0.1810762
-0.3545008 0.7638443 0.5393245
-0.3382641 0.7492168 0.5694308
-0.2653569 0.7653041 0.5864258
-0.2456655 0.7876898 0.5649718
-0.2787379 0.8162609 0.5059876
-0.3145906 0.8085344 0.4972974
0.3382641 0.7492168 0.5694308
0.3545008 0.7638443 0.5393245
0.3145906 0.8085344 0.4972974
0.2787379 0.8162609 0.5059876
0.2456655 0.7876898 0.5649717
0.2653569 0.7653041 0.5864258
0.1387043 0.9902424 -0.01345437
0.1387043 0.9902424 0.01345437
0.1810762 0.9825042 0.04355143
0.2052522 0.9782493 0.02999838
0.2052522 0.9782493 -0.02999837
0.1810762 0.9825042 -0.04355142
0.5393245 0.7638443 0.3545008
0.5694308 0.7492168 0.3382641
0.5864258 0.7653041 0.2653569
0.5649718 0.7876898 0.2456655
0.5059876 0.8162609 0.2787379
0.4972974 0.8085344 0.3145906
0.5694308 0.7492168 -0.3382641
0.5393245 0.7638443 -0.3545008
0.4972974 0.8085344 -0.3145906
0.5059876 0.8162609 -0.2787379
0.5649718 0.7876899 -0.2456655
0.5864258 0.7653041 -0.2653569
-0.01345437 0.9902424 -0.1387043
0.01345437 0.9902424 -0.1387043
0.04355143 0.9825042 -0.1810762
0.02999838 0.9782493 -0.2052522
-0.02999837 0.9782493 -0.2052522
-0.04355142 0.9825042 -0.1810762
0.3545008 0.7638443 -0.5393245
0.3382641 0.7492168 -0.5694308
0.2653569 0.7653041 -0.5864258
0.2456655 0.7876898 -0.5649718
0.2787379 0.8162609 -0.5059876
0.3145906 0.8085344 -0.4972974
-0.3382641 0.7492168 -0.5694308
-0.3545008 0.7638443 -0.5393245
-0.3145906 0.8085344 -0.4972974
-0.2787379 0.8162609 -0.5059876
-0.2456655 0.7876898 -0.5649717
-0.2653569 0.7653041 -0.5864258
-0.1387043 0.9902424 0.01345437
-0.1387043 0.9902424 -0.01345437
-0.1810762 0.9825042 -0.04355143
-0.2052522 0.9782493 -0.02999838
-0.2052522 0.9782493 0.02999837
-0.1810762 0.9825042 0.04355142
-0.5393245 0.7638443 -0.3545008
-0.5694308 0.7492168 -0.3382641
-0.5864258 0.7653041 -0.2653569
-0.5649718 0.7876898 -0.2456655
-0.5059876 0.8162609 -0.2787379
-0.4972974 0.8085344 -0.3145906
-0.5694308 0.7492168 0.3382641
-0.5393245 0.7638443 0.3545008
-0.4972974 0.8085344 0.3145906
-0.5059876 0.8162609 0.2787379
-0.5649718 0.7876899 0.2456655
-0.5864258 0.7653041 0.2653569
0.01345437 -0.9902424 -0.1387043
-0.01345437 -0.9902424 -0.1387043
-0.04355143 -0.9825042 -0.1810762
-0.02999838 -0.9782493 -0.2052522
0.02999837 -0.9782493 -0.2052522
0.04355142 -0.9825042 -0.1810762
-0.3545008 -0.7638443 -0.5393245
-0.3382641 -0.7492168 -0.5694308
-0.2653569 -0.7653041 -0.5864258
-0.2456655 -0.7876898 -0.5649718
-0.2787379 -0.8162609 -0.5059876
-0.3145906 -0.8085344 -0.4972974
0.3382641 -0.7492168 -0.5694308
0.3545008 -0.7638443 -0.5393245
0.3145906 -0.8085344 -0.4972974
0.2787379 -0.8162609 -0.5059876
0.2456655 -0.7876898 -0.5649717
0.2653569 -0.7653041 -0.5864258
0.1387043 -0.9902424 0.01345437
0.1387043 -0.9902424 -0.01345437
0.1810762 -0.9825042 -0.04355143
0.2052522 -0.9782493 -0.02999838
0.2052522 -0.9782493 0.02999837
0.1810762 -0.9825042 0.04355142
0.5393245 -0.7638443 -0.3545008
0.5694308 -0.7492168 -0.3382641
0.5864258 -0.7653041 -0.2653569
0.5649718 -0.7876898 -0.2456655
0.5059876 -0.8162609 -0.2787379
0.4972974 -0.8085344 -0.3145906
0.5694308 -0.7492168 0.3382641
0.5393245 -0.7638443 0.3545008
0.4972974 -0.8085344 0.3145906
0.5059876 -0.8162609 0.2787379
0.5649718 -0.7876899 0.2456655
0.5864258 -0.7653041 0.2653569
-0.01345437 -0.9902424 0.1387043
0.01345437 -0.9902424 0.1387043
0.04355143 -0.9825042 0.1810762
0.02999838 -0.9782493 0.2052522
-0.02999837 -0.9782493 0.2052522
-0.04355142 -0.9825042 0.1810762
0.3545008 -0.7638443 0.5393245
0.3382641 -0.7492168 0.5694308
0.2653569 -0.7653041 0.5864258
0.2456655 -0.7876898 0.5649718
0.2787379 -0.8162609 0.5059876
0.3145906 -0.8085344 0.4972974
-0.3382641 -0.7492168 0.5694308
-0.3545008 -0.7638443 0.5393245
-0.3145906 -0.8085344 0.4972974
-0.2787379 -0.8162609 0.5059876
-0.2456655 -0.7876898 0.5649717
-0.2653569 -0.7653041 0.5864258
-0.1387043 -0.9902424 -0.01345437
-0.1387043 -0.9902424 0.01345437
-0.1810762 -0.9825042 0.04355143
-0.2052522 -0.9782493 0.02999838
-0.2052522 -0.9782493 -0.02999837
-0.1810762 -0.9825042 -0.04355142
-0.5393245 -0.7638443 0.3545008
-0.5694308 -0.7492168 0.3382641
-0.5864258 -0.7653041 0.2653569
-0.5649718 -0.7876898 0.2456655
-0.5059876 -0.8162609 0.2787379
-0.4972974 -0.8085344 0.3145906
-0.5694308 -0.7492168 -0.3382641
-0.5393245 -0.7638443 -0.3545008
-0.4972974 -0.8085344 -0.3145906
-0.5059876 -0.8162609 -0.2787379
-0.5649718 -0.7876899 -0.2456655
-0.5864258 -0.7653041 -0.2653569
-0.5369539 0.01885185 -0.843401
-0.5369539 -0.01885185 -0.843401
-0.5867084 -0.05728788 -0.8077694
-0.6122842 -0.03839115 -0.789705
-0.6122842 0.03839115 -0.789705
-0.5867084 0.05728788 -0.8077694
-0.3769074 0.08760887 -0.9220985
-0.4013273 0.1066946 -0.9096993
-0.3915856 0.1771251 -0.9029327
-0.361975 0.1916075 -0.9122832
-0.3159564 0.1516765 -0.9365713
-0.3212012 0.1182031 -0.9396052
-0.4013273 -0.1066946 -0.9096993
-0.3769074 -0.08760887 -0.9220985
-0.3212012 -0.1182031 -0.9396052
-0.3159564 -0.1516765 -0.9365713
-0.361975 -0.1916075 -0.9122832
-0.3915856 -0.1771251 -0.9029327
0.01885185 0.5369539 -0.843401
-0.01885185 0.5369539 -0.843401
-0.05728788 0.5867084 -0.8077694
-0.03839115 0.6122842 -0.789705
0.03839115 0.6122842 -0.789705
0.05728788 0.5867084 -0.8077694
0.08760887 0.3769074 -0.9220985
0.1066946 0.4013273 -0.9096993
0.1771251 0.3915856 -0.9029327
0.1916075 0.361975 -0.9122832
0.1516765 0.3159564 -0.9365713
0.1182031 0.3212012 -0.9396052
-0.1066946 0.4013273 -0.9096993
-0.08760887 0.3769074 -0.9220985
-0.1182031 0.3212012 -0.9396052
-0.1516765 0.3159564 -0.9365713
-0.1916075 0.361975 -0.9122832
-0.1771251 0.3915856 -0.9029327
0.5369539 -0.01885185 -0.843401
0.5369539 0.01885185 -0.843401
0.5867084 0.05728788 -0.8077694
0.6122842 0.03839115 -0.789705
0.6122842 -0.03839115 -0.789705
0.5867084 -0.05728788 -0.8077694
0.3769074 -0.08760887 -0.9220985
0.4013273 -0.1066946 -0.9096993
0.3915856 -0.1771251 -0.9029327
0.361975 -0.1916075 -0.9122832
0.3159564 -0.1516765 -0.9365713
0.3212012 -0.1182031 -0.9396052
0.4013273 0.1066946 -0.9096993
0.3769074 0.08760887 -0.9220985
0.3212012 0.1182031 -0.9396052
0.3159564 0.1516765 -0.9365713
0.361975 0.1916075 -0.9122832
0.3915856 0.1771251 -0.9029327
-0.01885185 -0.5369539 -0.843401
0.01885185 -0.5369539 -0.843401
0.05728788 -0.5867084 -0.8077694
0.03839115 -0.6122842 -0.789705
-0.03839115 -0.6122842 -0.789705
-0.05728788 -0.5867084 -0.8077694
-0.08760887 -0.3769074 -0.9220985
-0.1066946 -0.4013273 -0.9096993
-0.1771251 -0.3915856 -0.9029327
-0.1916075 -0.361975 -0.9122832
-0.1516765 -0.3159564 -0.9365713
-0.1182031 -0.3212012 -0.9396052
0.1066946 -0.4013273 -0.9096993
0.08760887 -0.3769074 -0.9220985
0.1182031 -0.3212012 -0.9396052
0.1516765 -0.3159564 -0.9365713
0.1916075 -0.361975 -0.9122832
0.1771251 -0.3915856 -0.9029327
0.843401 -0.01885185 0.5369539
0.843401 0.01885185 0.5369539
0.8077694 0.05728788 0.5867084
0.789705 0.03839115 0.6122842
0.789705 -0.03839115 0.6122842
0.8077694 -0.05728788 0.5867084
0.9220985 -0.08760887 0.3769074
0.9096993 -0.1066946 0.4013273
0.9029327 -0.1771251 0.3915856
0.9122832 -0.1916075 0.361975
0.9365713 -0.1516765 0.3159564
0.9396052 -0.1182031 0.3212012
0.9096993 0.1066946 0.4013273
0.9220985 0.08760887 0.3769074
0.9396052 0.1182031 0.3212012
0.9365713 0.1516765 0.3159564
0.9122832 0.1916075 0.361975
0.9029327 0.1771251 0.3915856
0.843401 -0.5369539 -0.01885185
0.843401 -0.5369539 0.01885185
0.8077694 -0.5867084 0.05728788
0.789705 -0.6122842 0.03839115
0.789705 -0.6122842 -0.03839115
0.8077694 -0.5867084 -0.05728788
0.9220985 -0.3769074 -0.08760887
0.9096993 -0.4013273 -0.1066946
0.9029327 -0.3915856 -0.1771251
0.9122832 -0.361975 -0.1916075
0.9365713 -0.3159564 -0.1516765
0.9396051 -0.3212012 -0.118203
0.9096993 -0.4013273 0.1066946
0.9220985 -0.3769074 0.08760887
0.9396051 -0.3212012 0.118203
0.9365713 -0.3159564 0.1516765
0.9122832 -0.361975 0.1916075
0.9029327 -0.3915856 0.1771251
0.843401 0.01885185 -0.5369539
0.843401 -0.01885185 -0.5369539
0.8077694 -0.05728788 -0.5867084
0.789705 -0.03839115 -0.6122842
0.789705 0.03839115 -0.6122842
0.8077694 0.05728788 -0.5867084
0.9220985 0.08760887 -0.3769074
0.9096993 0.1066946 -0.4013273
0.9029327 0.1771251 -0.3915856
0.9122832 0.1916075 -0.361975
0.9365713 0.1516765 -0.3159564
0.9396052 0.1182031 -0.3212012
0.9096993 -0.1066946 -0.4013273
0.9220985 -0.08760887 -0.3769074
0.9396052 -0.1182031 -0.3212012
0.9365713 -0.1516765 -0.3159564
0.9122832 -0.1916075 -0.361975
0.9029327 -0.1771251 -0.3915856
0.843401 0.5369539 0.01885185
0.843401 0.5369539 -0.01885185
0.8077694 0.5867084 -0.05728788
0.789705 0.6122842 -0.03839115
0.789705 0.6122842 0.03839115
0.8077694 0.5867084 0.05728788
0.9220985 0.3769074 0.08760887
0.9096993 0.4013273 0.1066946
0.9029327 0.3915856 0.1771251
0.9122832 0.361975 0.1916075
0.9365713 0.3159564 0.1516765
0.9396051 0.3212012 0.118203
0.9096993 0.4013273 -0.1066946
0.9220985 0.3769074 -0.08760887
0.9396051 0.3212012 -0.118203
0.9365713 0.3159564 -0.1516765
0.9122832 0.361975 -0.1916075
0.9029327 0.3915856 -0.1771251
0.5369539 0.01885185 0.843401
0.5369539 -0.01885185 0.843401
0.5867084 -0.05728788 0.8077694
0.6122842 -0.03839115 0.789705
0.6122842 0.03839115 0.789705
0.5867084 0.05728788 0.8077694
0.3769074 0.08760887 0.9220985
0.4013273 0.1066946 0.9096993
0.3915856 0.1771251 0.9029327
0.361975 0.1916075 0.9122832
0.3159564 0.1516765 0.9365713
0.3212012 0.1182031 0.9396052
0.4013273 -0.1066946 0.9096993
0.3769074 -0.08760887 0.9220985
0.3212012 -0.1182031 0.9396052
0.3159564 -0.1516765 0.9365713
0.361975 -0.1916075 0.9122832
0.3915856 -0.1771251 0.9029327
-0.01885185 0.5369539 0.843401
0.01885185 0.5369539 0.843401
0.05728788 0.5867084 0.8077694
0.03839115 0.6122842 0.789705
-0.03839115 0.6122842 0.789705
-0.05728788 0.5867084 0.8077694
-0.08760887 0.3769074 0.9220985
-0.1066946 0.4013273 0.9096993
-0.1771251 0.3915856 0.9029327
-0.1916075 0.361975 0.9122832
-0.1516765 0.3159564 0.9365713
-0.1182031 0.3212012 0.9396052
0.1066946 0.4013273 0.9096993
0.08760887 0.3769074 0.9220985
0.1182031 0.3212012 0.9396052
0.1516765 0.3159564 0.9365713
0.1916075 0.361975 0.9122832
0.1771251 0.3915856 0.9029327
-0.5369539 -0.01885185 0.843401
-0.5369539 0.01885185 0.843401
-0.5867084 0.05728788 0.8077694
-0.6122842 0.03839115 0.789705
-0.6122842 -0.03839115 0.789705
-0.5867084 -0.05728788 0.8077694
-0.3769074 -0.08760887 0.9220985
-0.4013273 -0.1066946 0.9096993
-0.3915856 -0.1771251 0.9029327
-0.361975 -0.1916075 0.9122832
-0.3159564 -0.1516765 0.9365713
-0.3212012 -0.1182031 0.9396052
-0.4013273 0.1066946 0.9096993
-0.3769074 0.08760887 0.9220985
-0.3212012 0.1182031 0.9396052
-0.3159564 0.1516765 0.9365713
-0.361975 0.1916075 0.9122832
-0.3915856 0.1771251 0.9029327
0.01885185 -0.5369539 0.843401
-0.01885185 -0.5369539 0.843401
-0.05728788 -0.5867084 0.8077694
-0.03839115 -0.6122842 0.789705
0.03839115 -0.6122842 0.789705
0.05728788 -0.5867084 0.8077694
0.08760887 -0.3769074 0.9220985
0.1066946 -0.4013273 0.9096993
0.1771251 -0.3915856 0.9029327
0.1916075 -0.361975 0.9122832
0.1516765 -0.3159564 0.9365713
0.1182031 -0.3212012 0.9396052
-0.1066946 -0.4013273 0.9096993
-0.08760887 -0.3769074 0.9220985
-0.1182031 -0.3212012 0.9396052
-0.1516765 -0.3159564 0.9365713
-0.1916075 -0.361975 0.9122832
-0.1771251 -0.3915856 0.9029327
-0.843401 -0.01885185 -0.5369539
-0.843401 0.01885185 -0.5369539
-0.8077694 0.05728788 -0.5867084
-0.789705 0.03839115 -0.6122842
-0.789705 -0.03839115 -0.6122842
-0.8077694 -0.05728788 -0.5867084
-0.9220985 -0.08760887 -0.3769074
-0.9096993 -0.1066946 -0.4013273
-0.9029327 -0.1771251 -0.3915856
-0.9122832 -0.1916075 -0.361975
-0.9365713 -0.1516765 -0.3159564
-0.9396052 -0.1182031 -0.3212012
-0.9096993 0.1066946 -0.4013273
-0.9220985 0.08760887 -0.3769074
-0.9396052 0.1182031 -0.3212012
-0.9365713 0.1516765 -0.3159564
-0.9122832 0.1916075 -0.361975
-0.9029327 0.1771251 -0.3915856
-0.843401 -0.5369539 0.01885185
-0.843401 -0.5369539 -0.01885185
-0.8077694 -0.5867084 -0.05728788
-0.789705 -0.6122842 -0.03839115
-0.789705 -0.6122842 0.03839115
-0.8077694 -0.5867084 0.05728788
-0.9220985 -0.3769074 0.08760887
-0.9096993 -0.4013273 0.1066946
-0.9029327 -0.3915856 0.1771251
-0.9122832 -0.361975 0.1916075
-0.9365713 -0.3159564 0.1516765
-0.9396051 -0.3212012 0.118203
-0.9096993 -0.4013273 -0.1066946
-0.9220985 -0.3769074 -0.08760887
-0.9396051 -0.3212012 -0.118203
-0.9365713 -0.3159564 -0.1516765
-0.9122832 -0.361975 -0.1916075
-0.9029327 -0.3915856 -0.1771251
-0.843401 0.01885185 0.5369539
-0.843401 -0.01885185 0.5369539
-0.8077694 -0.05728788 0.5867084
-0.789705 -0.03839115 0.6122842
-0.789705 0.03839115 0.6122842
-0.8077694 0.05728788 0.5867084
-0.9220985 0.08760887 0.3769074
-0.9096993 0.1066946 0.4013273
-0.9029327 0.1771251 0.3915856
-0.9122832 0.1916075 0.361975
-0.9365713 0.1516765 0.3159564
-0.9396052 0.1182031 0.3212012
-0.9096993 -0.1066946 0.4013273
-0.9220985 -0.08760887 0.3769074
-0.9396052 -0.1182031 0.3212012
-0.9365713 -0.1516765 0.3159564
-0.9122832 -0.1916075 0.361975
-0.9029327 -0.1771251 0.3915856
-0.843401 0.5369539 -0.01885185
-0.843401 0.5369539 0.01885185
-0.8077694 0.5867084 0.05728788
-0.789705 0.6122842 0.03839115
-0.789705 0.6122842 -0.03839115
-0.8077694 0.5867084 -0.05728788
-0.9220985 0.3769074 -0.08760887
-0.9096993 0.4013273 -0.1066946
-0.9029327 0.3915856 -0.1771251
-0.9122832 0.361975 -0.1916075
-0.9365713 0.3159564 -0.1516765
-0.9396051 0.3212012 -0.118203
-0.9096993 0.4013273 0.1066946
-0.9220985 0.3769074 0.08760887
-0.9396051 0.3212012 0.118203
-0.9365713 0.3159564 0.1516765
-0.9122832 0.361975 0.1916075
-0.9029327 0.3915856 0.1771251
0.01885185 0.843401 0.5369539
-0.01885185 0.843401 0.5369539
-0.05728788 0.8077694 0.5867084
-0.03839115 0.789705 0.6122842
0.03839115 0.789705 0.6122842
0.05728788 0.8077694 0.5867084
0.08760887 0.9220985 0.3769074
0.1066946 0.9096993 0.4013273
0.1771251 0.9029327 0.3915856
0.1916075 0.9122832 0.361975
0.1516765 0.9365713 0.3159564
0.1182031 0.9396052 0.3212012
-0.1066946 0.9096993 0.4013273
-0.08760887 0.9220985 0.3769074
-0.1182031 0.9396052 0.3212012
-0.1516765 0.9365713 0.3159564
-0.1916075 0.9122832 0.361975
-0.1771251 0.9029327 0.3915856
0.5369539 0.843401 -0.01885185
0.5369539 0.843401 0.01885185
0.5867084 0.8077694 0.05728788
0.6122842 0.789705 0.03839115
0.6122842 0.789705 -0.03839115
0.5867084 0.8077694 -0.05728788
0.3769074 0.9220985 -0.08760887
0.4013273 0.9096993 -0.1066946
0.3915856 0.9029327 -0.1771251
0.361975 0.9122832 -0.1916075
0.3159564 0.9365713 -0.1516765
0.3212012 0.9396051 -0.118203
0.4013273 0.9096993 0.1066946
0.3769074 0.9220985 0.08760887
0.3212012 0.9396051 0.118203
0.3159564 0.9365713 0.1516765
0.361975 0.9122832 0.1916075
0.3915856 0.9029327 0.1771251
-0.01885185 0.843401 -0.5369539
0.01885185 0.843401 -0.5369539
0.05728788 0.8077694 -0.5867084
0.03839115 0.789705 -0.6122842
-0.03839115 0.789705 -0.6122842
-0.05728788 0.8077694 -0.5867084
-0.08760887 0.9220985 -0.3769074
-0.1066946 0.9096993 -0.4013273
-0.1771251 0.9029327 -0.3915856
-0.1916075 0.9122832 -0.361975
-0.1516765 0.9365713 -0.3159564
-0.1182031 0.9396052 -0.3212012
0.1066946 0.9096993 -0.4013273
0.08760887 0.9220985 -0.3769074
0.1182031 0.9396052 -0.3212012
0.1516765 0.9365713 -0.3159564
0.1916075 0.9122832 -0.361975
0.1771251 0.9029327 -0.3915856
-0.5369539 0.843401 0.01885185
-0.5369539 0.843401 -0.01885185
-0.5867084 0.8077694 -0.05728788
-0.6122842 0.789705 -0.03839115
-0.6122842 0.789705 0.03839115
-0.5867084 0.8077694 0.05728788
-0.3769074 0.9220985 0.08760887
-0.4013273 0.9096993 0.1066946
-0.3915856 0.9029327 0.1771251
-0.361975 0.9122832 0.1916075
-0.3159564 0.9365713 0.1516765
-0.3212012 0.9396051 0.118203
-0.4013273 0.9096993 -0.1066946
-0.3769074 0.9220985 -0.08760887
-0.3212012 0.9396051 -0.118203
-0.3159564 0.9365713 -0.1516765
-0.361975 0.9122832 -0.1916075
-0.3915856 0.9029327 -0.1771251
0.01885185 -0.843401 -0.5369539
-0.01885185 -0.843401 -0.5369539
-0.05728788 -0.8077694 -0.5867084
-0.03839115 -0.789705 -0.6122842
0.03839115 -0.789705 -0.6122842
0.05728788 -0.8077694 -0.5867084
0.08760887 -0.9220985 -0.3769074
0.1066946 -0.9096993 -0.4013273
0.1771251 -0.9029327 -0.3915856
0.1916075 -0.9122832 -0.361975
0.1516765 -0.9365713 -0.3159564
0.1182031 -0.9396052 -0.3212012
-0.1066946 -0.9096993 -0.4013273
-0.08760887 -0.9220985 -0.3769074
-0.1182031 -0.9396052 -0.3212012
-0.1516765 -0.9365713 -0.3159564
-0.1916075 -0.9122832 -0.361975
-0.1771251 -0.9029327 -0.3915856
0.5369539 -0.843401 0.01885185
0.5369539 -0.843401 -0.01885185
0.5867084 -0.8077694 -0.05728788
0.6122842 -0.789705 -0.03839115
0.6122842 -0.789705 0.03839115
0.5867084 -0.8077694 0.05728788
0.3769074 -0.9220985 0.08760887
0.4013273 -0.9096993 0.1066946
0.3915856 -0.9029327 0.1771251
0.361975 -0.9122832 0.1916075
0.3159564 -0.9365713 0.1516765
0.3212012 -0.9396051 0.118203
0.4013273 -0.9096993 -0.1066946
0.3769074 -0.9220985 -0.08760887
0.3212012 -0.9396051 -0.118203
0.3159564 -0.9365713 -0.1516765
0.361975 -0.9122832 -0.1916075
0.3915856 -0.9029327 -0.1771251
-0.01885185 -0.843401 0.5369539
0.01885185 -0.843401 0.5369539
0.05728788 -0.8077694 0.5867084
0.03839115 -0.789705 0.6122842
-0.03839115 -0.789705 0.6122842
-0.05728788 -0.8077694 0.5867084
-0.08760887 -0.9220985 0.3769074
-0.1066946 -0.9096993 0.4013273
-0.1771251 -0.9029327 0.3915856
-0.1916075 -0.9122832 0.361975
-0.1516765 -0.9365713 0.3159564
-0.1182031 -0.9396052 0.3212012
0.1066946 -0.9096993 0.4013273
0.08760887 -0.9220985 0.3769074
0.1182031 -0.9396052 0.3212012
0.1516765 -0.9365713 0.3159564
0.1916075 -0.9122832 0.361975
0.1771251 -0.9029327 0.3915856
-0.5369539 -0.843401 -0.01885185
-0.5369539 -0.843401 0.01885185
-0.5867084 -0.8077694 0.05728788
-0.6122842 -0.789705 0.03839115
-0.6122842 -0.789705 -0.03839115
-0.5867084 -0.8077694 -0.05728788
-0.3769074 -0.9220985 -0.08760887
-0.4013273 -0.9096993 -0.1066946
-0.3915856 -0.9029327 -0.1771251
-0.361975 -0.9122832 -0.1916075
-0.3159564 -0.9365713 -0.1516765
-0.3212012 -0.9396051 -0.118203
-0.4013273 -0.9096993 0.1066946
-0.3769074 -0.9220985 0.08760887
-0.3212012 -0.9396051 0.118203
-0.3159564 -0.9365713 0.1516765
-0.361975 -0.9122832 0.1916075
-0.3915856 -0.9029327 0.1771251
-0.09778912 -0.01220651 -0.9951323
-0.09778912 0.01220651 -0.9951323
-0.05834481 0.03202105 -0.9977829
-0.04341834 0.01952011 -0.9988663
-0.04341834 -0.01952011 -0.9988663
-0.05834481 -0.03202105 -0.9977829
-0.2250433 -0.07710431 -0.9712932
-0.19896 -0.08980504 -0.9758843
-0.1866619 -0.1490406 -0.9710532
-0.2073231 -0.1685778 -0.9636382
-0.2646555 -0.1454257 -0.9533147
-0.2701983 -0.1133356 -0.9561108
-0.19896 0.08980504 -0.9758843
-0.2250433 0.07710431 -0.9712932
-0.2701983 0.1133356 -0.9561108
-0.2646555 0.1454257 -0.9533147
-0.2073231 0.1685778 -0.9636382
-0.1866619 0.1490406 -0.9710532
-0.5788452 -0.3929209 -0.7145289
-0.5484435 -0.4089797 -0.7293457
-0.5236427 -0.4770162 -0.705871
-0.5418987 -0.4952526 -0.6790219
-0.6032851 -0.4636652 -0.6488928
-0.6154603 -0.4294186 -0.6609147
-0.5992923 -0.1907497 -0.7774724
-0.6210057 -0.210304 -0.7550657
-0.6736879 -0.1732297 -0.7184259
-0.677932 -0.135022 -0.7226185
-0.6338762 -0.09620225 -0.7674282
-0.6079326 -0.1149323 -0.7856263
-0.4444108 -0.3089595 -0.8408585
-0.4532902 -0.2737222 -0.8482949
-0.4079424 -0.2325078 -0.882906
-0.3772994 -0.2465187 -0.8926778
-0.3586721 -0.314463 -0.8789012
-0.3805162 -0.3357844 -0.861659
-0.5484435 0.4089797 -0.7293457
-0.5788452 0.3929209 -0.7145289
-0.6154603 0.4294187 -0.6609147
-0.6032851 0.4636652 -0.6488928
-0.5418987 0.4952526 -0.6790219
-0.5236427 0.4770162 -0.705871
-0.4532902 0.2737222 -0.8482949
-0.4444108 0.3089595 -0.8408585
-0.3805162 0.3357844 -0.861659
-0.3586721 0.314463 -0.8789012
-0.3772994 0.2465187 -0.8926778
-0.4079424 0.2325078 -0.882906
-0.6210057 0.210304 -0.7550657
-0.5992923 0.1907497 -0.7774724
-0.6079326 0.1149323 -0.7856263
-0.6338762 0.09620226 -0.7674282
-0.677932 0.135022 -0.7226185
-0.673688 0.1732297 -0.718426
-0.01220651 0.09778912 -0.9951323
0.01220651 0.09778912 -0.9951323
0.03202105 0.05834481 -0.9977829
0.01952011 0.04341834 -0.9988663
-0.01952011 0.04341834 -0.9988663
-0.03202105 0.05834481 -0.9977829
-0.07710431 0.2250433 -0.9712932
-0.08980504 0.19896 -0.9758843
-0.1490406 0.1866619 -0.9710532
-0.1685778 0.2073231 -0.9636382
-0.1454257 0.2646555 -0.9533147
-0.1133356 0.2701983 -0.9561108
0.08980504 0.19896 -0.9758843
0.07710431 0.2250433 -0.9712932
0.1133356 0.2701983 -0.9561108
0.1454257 0.2646555 -0.9533147
0.1685778 0.2073231 -0.9636382
0.1490406 0.1866619 -0.9710532
-0.3929209 0.5788452 -0.7145289
-0.4089797 0.5484435 -0.7293457
-0.4770162 0.5236427 -0.705871
-0.4952526 0.5418987 -0.6790219
-0.4636652 0.6032851 -0.6488928
-0.4294186 0.6154603 -0.6609147
-0.1907497 0.5992923 -0.7774724
-0.210304 0.6210057 -0.7550657
-0.1732297 0.6736879 -0.7184259
-0.135022 0.677932 -0.7226185
-0.09620225 0.6338762 -0.7674282
-0.1149323 0.6079326 -0.7856263
-0.3089595 0.4444108 -0.8408585
-0.2737222 0.4532902 -0.8482949
-0.2325078 0.4079424 -0.882906
-0.2465187 0.3772994 -0.8926778
-0.314463 0.3586721 -0.8789012
-0.3357845 0.3805162 -0.861659
0.4089797 0.5484435 -0.7293457
0.3929209 0.5788452 -0.7145289
0.4294187 0.6154603 -0.6609147
0.4636652 0.6032851 -0.6488928
0.4952526 0.5418987 -0.6790219
0.4770162 0.5236427 -0.705871
0.2737222 0.4532902 -0.8482949
0.3089595 0.4444108 -0.8408585
0.3357844 0.3805162 -0.861659
0.314463 0.3586721 -0.8789012
0.2465187 0.3772994 -0.8926778
0.2325078 0.4079424 -0.882906
0.210304 0.6210057 -0.7550657
0.1907497 0.5992923 -0.7774724
0.1149323 0.6079326 -0.7856263
0.09620226 0.6338762 -0.7674282
0.135022 0.677932 -0.7226185
0.1732297 0.673688 -0.718426
0.09778912 0.01220651 -0.9951323
0.09778912 -0.01220651 -0.9951323
0.05834481 -0.03202105 -0.9977829
0.04341834 -0.01952011 -0.9988663
0.04341834 0.01952011 -0.9988663
0.05834481 0.03202105 -0.9977829
0.2250433 0.07710431 -0.9712932
0.19896 0.08980504 -0.9758843
0.1866619 0.1490406 -0.9710532
0.2073231 0.1685778 -0.9636382
0.2646555 0.1454257 -0.9533147
0.2701983 0.1133356 -0.9561108
0.19896 -0.08980504 -0.9758843
0.2250433 -0.07710431 -0.9712932
0.2701983 -0.1133356 -0.9561108
0.2646555 -0.1454257 -0.9533147
0.2073231 -0.1685778 -0.9636382
0.1866619 -0.1490406 -0.9710532
0.5788452 0.3929209 -0.7145289
0.5484435 0.4089797 -0.7293457
0.5236427 0.4770162 -0.705871
0.5418987 0.4952526 -0.6790219
0.6032851 0.4636652 -0.6488928
0.6154603 0.4294186 -0.6609147
0.5992923 0.1907497 -0.7774724
0.6210057 0.210304 -0.7550657
0.6736879 0.1732297 -0.7184259
0.677932 0.135022 -0.7226185
0.6338762 0.09620225 -0.7674282
0.6079326 0.1149323 -0.7856263
0.4444108 0.3089595 -0.8408585
0.4532902 0.2737222 -0.8482949
0.4079424 0.2325078 -0.882906
0.3772994 0.2465187 -0.8926778
0.3586721 0.314463 -0.8789012
0.3805162 0.3357845 -0.861659
0.5484435 -0.4089797 -0.7293457
0.5788452 -0.3929209 -0.7145289
0.6154603 -0.4294187 -0.6609147
0.6032851 -0.4636652 -0.6488928
0.5418987 -0.4952526 -0.6790219
0.5236427 -0.4770162 -0.705871
0.4532902 -0.2737222 -0.8482949
0.4444108 -0.3089595 -0.8408585
0.3805162 -0.3357844 -0.861659
0.3586721 -0.314463 -0.8789012
0.3772994 -0.2465187 -0.8926778
0.4079424 -0.2325078 -0.882906
0.6210057 -0.210304 -0.7550657
0.5992923 -0.1907497 -0.7774724
0.6079326 -0.1149323 -0.7856263
0.6338762 -0.09620226 -0.7674282
0.677932 -0.135022 -0.7226185
0.673688 -0.1732297 -0.718426
0.01220651 -0.09778912 -0.9951323
-0.01220651 -0.09778912 -0.9951323
-0.03202105 -0.05834481 -0.9977829
-0.01952011 -0.04341834 -0.9988663
0.01952011 -0.04341834 -0.9988663
0.03202105 -0.05834481 -0.9977829
0.07710431 -0.2250433 -0.9712932
0.08980504 -0.19896 -0.9758843
0.1490406 -0.1866619 -0.9710532
0.1685778 -0.2073231 -0.9636382
0.1454257 -0.2646555 -0.9533147
0.1133356 -0.2701983 -0.9561108
-0.08980504 -0.19896 -0.9758843
-0.07710431 -0.2250433 -0.9712932
-0.1133356 -0.2701983 -0.9561108
-0.1454257 -0.2646555 -0.9533147
-0.1685778 -0.2073231 -0.9636382
-0.1490406 -0.1866619 -0.9710532
0.3929209 -0.5788452 -0.7145289
0.4089797 -0.5484435 -0.7293457
0.4770162 -0.5236427 -0.705871
0.4952526 -0.5418987 -0.6790219
0.4636652 -0.6032851 -0.6488928
0.4294186 -0.6154603 -0.6609147
0.1907497 -0.5992923 -0.7774724
0.210304 -0.6210057 -0.7550657
0.1732297 -0.6736879 -0.7184259
0.135022 -0.677932 -0.7226185
0.09620225 -0.6338762 -0.7674282
0.1149323 -0.6079326 -0.7856263
0.3089595 -0.4444108 -0.8408585
0.2737222 -0.4532902 -0.8482949
0.2325078 -0.4079424 -0.882906
0.2465187 -0.3772994 -0.8926778
0.314463 -0.3586721 -0.8789012
0.3357845 -0.3805162 -0.861659
-0.4089797 -0.5484435 -0.7293457
-0.3929209 -0.5788452 -0.7145289
-0.4294187 -0.6154603 -0.6609147
-0.4636652 -0.6032851 -0.6488928
-0.4952526 -0.5418987 -0.6790219
-0.4770162 -0.5236427 -0.705871
-0.2737222 -0.4532902 -0.8482949
-0.3089595 -0.4444108 -0.8408585
-0.3357844 -0.3805162 -0.861659
-0.314463 -0.3586721 -0.8789012
-0.2465187 -0.3772994 -0.8926778
-0.2325078 -0.4079424 -0.882906
-0.210304 -0.6210057 -0.7550657
-0.1907497 -0.5992923 -0.7774724
-0.1149323 -0.6079326 -0.7856263
-0.09620226 -0.6338762 -0.7674282
-0.135022 -0.677932 -0.7226185
-0.1732297 -0.673688 -0.718426
0.9951323 0.01220651 0.09778912
0.9951323 -0.01220651 0.09778912
0.9977829 -0.03202105 0.05834481
0.9988663 -0.01952011 0.04341834
0.9988663 0.01952011 0.04341834
0.9977829 0.03202105 0.05834481
0.9712932 0.07710431 0.2250433
0.9758843 0.08980504 0.19896
0.9710532 0.1490406 0.1866619
0.9636382 0.1685778 0.2073231
0.9533147 0.1454256 0.2646555
0.9561108 0.1133356 0.2701983
0.9758843 -0.08980504 0.19896
0.9712932 -0.07710431 0.2250433
0.9561108 -0.1133356 0.2701983
0.9533147 -0.1454256 0.2646555
0.9636382 -0.1685778 0.2073231
0.9710532 -0.1490406 0.1866619
0.7145289 0.3929209 0.5788452
0.7293457 0.4089797 0.5484435
0.705871 0.4770162 0.5236427
0.6790219 0.4952526 0.5418987
0.6488928 0.4636652 0.6032851
0.6609147 0.4294186 0.6154603
0.7774724 0.1907497 0.5992923
0.7550657 0.210304 0.6210057
0.7184259 0.1732297 0.6736879
0.7226185 0.135022 0.677932
0.7674282 0.09620225 0.6338762
0.7856262 0.1149323 0.6079325
0.8408585 0.3089595 0.4444108
0.8482949 0.2737222 0.4532902
0.882906 0.2325078 0.4079424
0.8926778 0.2465187 0.3772994
0.8789012 0.314463 0.3586721
0.861659 0.3357844 0.3805162
0.7293457 -0.4089797 0.5484435
0.7145289 -0.3929209 0.5788452
0.6609147 -0.4294187 0.6154603
0.6488928 -0.4636652 0.6032851
0.6790219 -0.4952526 0.5418987
0.705871 -0.4770162 0.5236427
0.8482949 -0.2737222 0.4532902
0.8408585 -0.3089595 0.4444108
0.861659 -0.3357844 0.3805162
0.8789012 -0.314463 0.3586721
0.8926778 -0.2465187 0.3772994
0.882906 -0.2325078 0.4079424
0.7550657 -0.210304 0.6210057
0.7774724 -0.1907497 0.5992923
0.7856262 -0.1149323 0.6079325
0.7674282 -0.09620226 0.6338762
0.7226185 -0.135022 0.677932
0.718426 -0.1732297 0.673688
0.9951323 -0.09778912 0.01220651
0.9951323 -0.09778912 -0.01220651
0.9977829 -0.05834481 -0.03202105
0.9988663 -0.04341834 -0.01952011
0.9988663 -0.04341834 0.01952011
0.9977829 -0.05834481 0.03202105
0.9712932 -0.2250433 0.07710431
0.9758843 -0.19896 0.08980504
0.9710532 -0.1866619 0.1490406
0.9636382 -0.2073231 0.1685778
0.9533147 -0.2646555 0.1454257
0.9561108 -0.2701983 0.1133356
0.9758843 -0.19896 -0.08980504
0.9712932 -0.2250433 -0.07710431
0.9561108 -0.2701983 -0.1133356
0.9533147 -0.2646555 -0.1454257
0.9636382 -0.2073231 -0.1685778
0.9710532 -0.1866619 -0.1490406
0.7145289 -0.5788451 0.3929209
0.7293457 -0.5484435 0.4089797
0.705871 -0.5236427 0.4770162
0.6790219 -0.5418987 0.4952526
0.6488928 -0.6032851 0.4636652
0.6609147 -0.6154603 0.4294186
0.7774724 -0.5992923 0.1907497
0.7550657 -0.6210057 0.210304
0.718426 -0.673688 0.1732297
0.7226185 -0.677932 0.135022
0.7674282 -0.6338762 0.09620225
0.7856263 -0.6079326 0.1149323
0.8408585 -0.4444108 0.3089595
0.8482949 -0.4532902 0.2737222
0.882906 -0.4079424 0.2325078
0.8926778 -0.3772994 0.2465187
0.8789012 -0.3586721 0.314463
0.861659 -0.3805162 0.3357845
0.7293457 -0.5484435 -0.4089797
0.7145289 -0.5788451 -0.3929209
0.6609147 -0.6154603 -0.4294186
0.6488928 -0.6032851 -0.4636652
0.6790219 -0.5418987 -0.4952526
0.705871 -0.5236427 -0.4770162
0.8482949 -0.4532902 -0.2737222
0.8408585 -0.4444108 -0.3089595
0.861659 -0.3805162 -0.3357844
0.8789012 -0.3586721 -0.314463
0.8926778 -0.3772994 -0.2465187
0.882906 -0.4079424 -0.2325078
0.7550657 -0.6210057 -0.210304
0.7774724 -0.5992923 -0.1907497
0.7856263 -0.6079326 -0.1149323
0.7674282 -0.6338762 -0.09620226
0.7226185 -0.677932 -0.135022
0.718426 -0.673688 -0.1732297
0.9951323 -0.01220651 -0.09778912
0.9951323 0.01220651 -0.09778912
0.9977829 0.03202105 -0.05834481
0.9988663 0.01952011 -0.04341834
0.9988663 -0.01952011 -0.04341834
0.9977829 -0.03202105 -0.05834481
0.9712932 -0.07710431 -0.2250433
0.9758843 -0.08980504 -0.19896
0.9710532 -0.1490406 -0.1866619
0.9636382 -0.1685778 -0.2073231
0.9533147 -0.1454256 -0.2646555
0.9561108 -0.1133356 -0.2701983
0.9758843 0.08980504 -0.19896
0.9712932 0.07710431 -0.2250433
0.9561108 0.1133356 -0.2701983
0.9533147 0.1454256 -0.2646555
0.9636382 0.1685778 -0.2073231
0.9710532 0.1490406 -0.1866619
0.7145289 -0.3929209 -0.5788452
0.7293457 -0.4089797 -0.5484435
0.705871 -0.4770162 -0.5236427
0.6790219 -0.4952526 -0.5418987
0.6488928 -0.4636652 -0.6032851
0.6609147 -0.4294186 -0.6154603
0.7774724 -0.1907497 -0.5992923
0.7550657 -0.210304 -0.6210057
0.718426 -0.1732298 -0.6736881
0.7226184 -0.135022 -0.677932
0.7674282 -0.09620225 -0.6338762
0.7856262 -0.1149323 -0.6079325
0.8408585 -0.3089595 -0.4444108
0.8482949 -0.2737222 -0.4532902
0.882906 -0.2325078 -0.4079424
0.8926778 -0.2465187 -0.3772994
0.8789012 -0.314463 -0.3586721
0.861659 -0.3357845 -0.3805162
0.7293457 0.4089797 -0.5484435
0.7145289 0.3929209 -0.5788452
0.6609147 0.4294187 -0.6154603
0.6488928 0.4636652 -0.6032851
0.6790219 0.4952526 -0.5418987
0.705871 0.4770162 -0.5236427
0.8482949 0.2737222 -0.4532902
0.8408585 0.3089595 -0.4444108
0.861659 0.3357844 -0.3805162
0.8789012 0.314463 -0.3586721
0.8926778 0.2465187 -0.3772994
0.882906 0.2325078 -0.4079424
0.7550657 0.210304 -0.6210057
0.7774724 0.1907497 -0.5992923
0.7856262 0.1149323 -0.6079325
0.7674282 0.09620226 -0.6338762
0.7226185 0.135022 -0.677932
0.7184259 0.1732297 -0.6736879
0.9951323 0.09778912 -0.01220651
0.9951323 0.09778912 0.01220651
0.9977829 0.05834481 0.03202105
0.9988663 0.04341834 0.01952011
0.9988663 0.04341834 -0.01952011
0.9977829 0.05834481 -0.03202105
0.9712932 0.2250433 -0.07710431
0.9758843 0.19896 -0.08980504
0.9710532 0.1866619 -0.1490406
0.9636382 0.2073231 -0.1685778
0.9533147 0.2646555 -0.1454257
0.9561108 0.2701983 -0.1133356
0.9758843 0.19896 0.08980504
0.9712932 0.2250433 0.07710431
0.9561108 0.2701983 0.1133356
0.9533147 0.2646555 0.1454257
0.9636382 0.2073231 0.1685778
0.9710532 0.1866619 0.1490406
0.7145289 0.5788451 -0.3929209
0.7293457 0.5484435 -0.4089797
0.705871 0.5236427 -0.4770162
0.6790219 0.5418987 -0.4952526
0.6488928 0.6032851 -0.4636652
0.6609147 0.6154603 -0.4294186
0.7774724 0.5992923 -0.1907497
0.7550657 0.6210057 -0.210304
0.718426 0.673688 -0.1732297
0.7226185 0.677932 -0.135022
0.7674282 0.6338762 -0.09620225
0.7856263 0.6079326 -0.1149323
0.8408585 0.4444108 -0.3089595
0.8482949 0.4532902 -0.2737222
0.882906 0.4079424 -0.2325078
0.8926778 0.3772994 -0.2465187
0.8789012 0.3586721 -0.314463
0.861659 0.3805162 -0.3357845
0.7293457 0.5484435 0.4089797
0.7145289 0.5788451 0.3929209
0.6609147 0.6154603 0.4294186
0.6488928 0.6032851 0.4636652
0.6790219 0.5418987 0.4952526
0.705871 0.5236427 0.4770162
0.8482949 0.4532902 0.2737222
0.8408585 0.4444108 0.3089595
0.861659 0.3805162 0.3357844
0.8789012 0.3586721 0.314463
0.8926778 0.3772994 0.2465187
0.882906 0.4079424 0.2325078
0.7550657 0.6210057 0.210304
0.7774724 0.5992923 0.1907497
0.7856263 0.6079326 0.1149323
0.7674282 0.6338762 0.09620226
0.7226185 0.677932 0.135022
0.718426 0.673688 0.1732297
0.09778912 -0.01220651 0.9951323
0.09778912 0.01220651 0.9951323
0.05834481 0.03202105 0.9977829
0.04341834 0.01952011 0.9988663
0.04341834 -0.01952011 0.9988663
0.05834481 -0.03202105 0.9977829
0.2250433 -0.07710431 0.9712932
0.19896 -0.08980504 0.9758843
0.1866619 -0.1490406 0.9710532
0.2073231 -0.1685778 0.9636382
0.2646555 -0.1454257 0.9533147
0.2701983 -0.1133356 0.9561108
0.19896 0.08980504 0.9758843
0.2250433 0.07710431 0.9712932
0.2701983 0.1133356 0.9561108
0.2646555 0.1454257 0.9533147
0.2073231 0.1685778 0.9636382
0.1866619 0.1490406 0.9710532
0.5788452 -0.3929209 0.7145289
0.5484435 -0.4089797 0.7293457
0.5236427 -0.4770162 0.705871
0.5418987 -0.4952526 0.6790219
0.6032851 -0.4636652 0.6488928
0.6154603 -0.4294186 0.6609147
0.5992923 -0.1907497 0.7774724
0.6210057 -0.210304 0.7550657
0.6736881 -0.1732298 0.718426
0.677932 -0.135022 0.7226184
0.6338762 -0.09620225 0.7674282
0.6079326 -0.1149323 0.7856263
0.4444108 -0.3089595 0.8408585
0.4532902 -0.2737222 0.8482949
0.4079424 -0.2325078 0.882906
0.3772994 -0.2465187 0.8926778
0.3586721 -0.314463 0.8789012
0.3805162 -0.3357844 0.861659
0.5484435 0.4089797 0.7293457
0.5788452 0.3929209 0.7145289
0.6154603 0.4294187 0.6609147
0.6032851 0.4636652 0.6488928
0.5418987 0.4952526 0.6790219
0.5236427 0.4770162 0.705871
0.4532902 0.2737222 0.8482949
0.4444108 0.3089595 0.8408585
0.3805162 0.3357844 0.861659
0.3586721 0.314463 0.8789012
0.3772994 0.2465187 0.8926778
0.4079424 0.2325078 0.882906
0.6210057 0.210304 0.7550657
0.5992923 0.1907497 0.7774724
0.6079326 0.1149323 0.7856263
0.6338762 0.09620226 0.7674282
0.677932 0.135022 0.7226185
0.6736879 0.1732297 0.7184259
0.01220651 0.09778912 0.9951323
-0.01220651 0.09778912 0.9951323
-0.03202105 0.05834481 0.9977829
-0.01952011 0.04341834 0.9988663
0.01952011 0.04341834 0.9988663
0.03202105 0.05834481 0.9977829
0.07710431 0.2250433 0.9712932
0.08980504 0.19896 0.9758843
0.1490406 0.1866619 0.9710532
0.1685778 0.2073231 0.9636382
0.1454257 0.2646555 0.9533147
0.1133356 0.2701983 0.9561108
-0.08980504 0.19896 0.9758843
-0.07710431 0.2250433 0.9712932
-0.1133356 0.2701983 0.9561108
-0.1454257 0.2646555 0.9533147
-0.1685778 0.2073231 0.9636382
-0.1490406 0.1866619 0.9710532
0.3929209 0.5788452 0.7145289
0.4089797 0.5484435 0.7293457
0.4770162 0.5236427 0.705871
0.4952526 0.5418987 0.6790219
0.4636652 0.6032851 0.6488928
0.4294186 0.6154603 0.6609147
0.1907497 0.5992923 0.7774724
0.210304 0.6210057 0.7550657
0.1732297 0.6736879 0.7184259
0.135022 0.677932 0.7226185
0.09620225 0.6338762 0.7674282
0.1149323 0.6079326 0.7856263
0.3089595 0.4444108 0.8408585
0.2737222 0.4532902 0.8482949
0.2325078 0.4079424 0.882906
0.2465187 0.3772994 0.8926778
0.314463 0.3586721 0.8789012
0.3357845 0.3805162 0.861659
-0.4089797 0.5484435 0.7293457
-0.3929209 0.5788452 0.7145289
-0.4294187 0.6154603 0.6609147
-0.4636652 0.6032851 0.6488928
-0.4952526 0.5418987 0.6790219
-0.4770162 0.5236427 0.705871
-0.2737222 0.4532902 0.8482949
-0.3089595 0.4444108 0.8408585
-0.3357844 0.3805162 0.861659
-0.314463 0.3586721 0.8789012
-0.2465187 0.3772994 0.8926778
-0.2325078 0.4079424 0.882906
-0.210304 0.6210057 0.7550657
-0.1907497 0.5992923 0.7774724
-0.1149323 0.6079326 0.7856263
-0.09620226 0.6338762 0.7674282
-0.135022 0.677932 0.7226185
-0.1732297 0.673688 0.718426
-0.09778912 0.01220651 0.9951323
-0.09778912 -0.01220651 0.9951323
-0.05834481 -0.03202105 0.9977829
-0.04341834 -0.01952011 0.9988663
-0.04341834 0.01952011 0.9988663
-0.05834481 0.03202105 0.9977829
-0.2250433 0.07710431 0.9712932
-0.19896 0.08980504 0.9758843
-0.1866619 0.1490406 0.9710532
-0.2073231 0.1685778 0.9636382
-0.2646555 0.1454257 0.9533147
-0.2701983 0.1133356 0.9561108
-0.19896 -0.08980504 0.9758843
-0.2250433 -0.07710431 0.9712932
-0.2701983 -0.1133356 0.9561108
-0.2646555 -0.1454257 0.9533147
-0.2073231 -0.1685778 0.9636382
-0.1866619 -0.1490406 0.9710532
-0.5788452 0.3929209 0.7145289
-0.5484435 0.4089797 0.7293457
-0.5236427 0.4770162 0.705871
-0.5418987 0.4952526 0.6790219
-0.6032851 0.4636652 0.6488928
-0.6154603 0.4294186 0.6609147
-0.5992923 0.1907497 0.7774724
-0.6210057 0.210304 0.7550657
-0.6736879 0.1732297 0.7184259
-0.677932 0.135022 0.7226185
-0.6338762 0.09620225 0.7674282
-0.6079326 0.1149323 0.7856263
-0.4444108 0.3089595 0.8408585
-0.4532902 0.2737222 0.8482949
-0.4079424 0.2325078 0.882906
-0.3772994 0.2465187 0.8926778
-0.3586721 0.314463 0.8789012
-0.3805162 0.3357845 0.861659
-0.5484435 -0.4089797 0.7293457
-0.5788452 -0.3929209 0.7145289
-0.6154603 -0.4294187 0.6609147
-0.6032851 -0.4636652 0.6488928
-0.5418987 -0.4952526 0.6790219
-0.5236427 -0.4770162 0.705871
-0.4532902 -0.2737222 0.8482949
-0.4444108 -0.3089595 0.8408585
-0.3805162 -0.3357844 0.861659
-0.3586721 -0.314463 0.8789012
-0.3772994 -0.2465187 0.8926778
-0.4079424 -0.2325078 0.882906
-0.6210057 -0.210304 0.7550657
-0.5992923 -0.1907497 0.7774724
-0.6079326 -0.1149323 0.7856263
-0.6338762 -0.09620226 0.7674282
-0.677932 -0.135022 0.7226185
-0.673688 -0.1732297 0.718426
-0.01220651 -0.09778912 0.9951323
0.01220651 -0.09778912 0.9951323
0.03202105 -0.05834481 0.9977829
0.01952011 -0.04341834 0.9988663
-0.01952011 -0.04341834 0.9988663
-0.03202105 -0.05834481 0.9977829
-0.07710431 -0.2250433 0.9712932
-0.08980504 -0.19896 0.9758843
-0.1490406 -0.1866619 0.9710532
-0.1685778 -0.2073231 0.9636382
-0.1454257 -0.2646555 0.9533147
-0.1133356 -0.2701983 0.9561108
0.08980504 -0.19896 0.9758843
0.07710431 -0.2250433 0.9712932
0.1133356 -0.2701983 0.9561108
0.1454257 -0.2646555 0.9533147
0.1685778 -0.2073231 0.9636382
0.1490406 -0.1866619 0.9710532
-0.3929209 -0.5788452 0.7145289
-0.4089797 -0.5484435 0.7293457
-0.4770162 -0.5236427 0.705871
-0.4952526 -0.5418987 0.6790219
-0.4636652 -0.6032851 0.6488928
-0.4294186 -0.6154603 0.6609147
-0.1907497 -0.5992923 0.7774724
-0.210304 -0.6210057 0.7550657
-0.1732297 -0.6736879 0.7184259
-0.135022 -0.677932 0.7226185
-0.09620225 -0.6338762 0.7674282
-0.1149323 -0.6079326 0.7856263
-0.3089595 -0.4444108 0.8408585
-0.2737222 -0.4532902 0.8482949
-0.2325078 -0.4079424 0.882906
-0.2465187 -0.3772994 0.8926778
-0.314463 -0.3586721 0.8789012
-0.3357845 -0.3805162 0.861659
0.4089797 -0.5484435 0.7293457
0.3929209 -0.5788452 0.7145289
0.4294187 -0.6154603 0.6609147
0.4636652 -0.6032851 0.6488928
0.4952526 -0.5418987 0.6790219
0.4770162 -0.5236427 0.705871
0.2737222 -0.4532902 0.8482949
0.3089595 -0.4444108 0.8408585
0.3357844 -0.3805162 0.861659
0.314463 -0.3586721 0.8789012
0.2465187 -0.3772994 0.8926778
0.2325078 -0.4079424 0.882906
0.210304 -0.6210057 0.7550657
0.1907497 -0.5992923 0.7774724
0.1149323 -0.6079326 0.7856263
0.09620226 -0.6338762 0.7674282
0.135022 -0.677932 0.7226185
0.1732297 -0.673688 0.718426
-0.9951323 0.01220651 -0.09778912
-0.9951323 -0.01220651 -0.09778912
-0.9977829 -0.03202105 -0.05834481
-0.9988663 -0.01952011 -0.04341834
-0.9988663 0.01952011 -0.04341834
-0.9977829 0.03202105 -0.05834481
-0.9712932 0.07710431 -0.2250433
-0.9758843 0.08980504 -0.19896
-0.9710532 0.1490406 -0.1866619
-0.9636382 0.1685778 -0.2073231
-0.9533147 0.1454256 -0.2646555
-0.9561108 0.1133356 -0.2701983
-0.9758843 -0.08980504 -0.19896
-0.9712932 -0.07710431 -0.2250433
-0.9561108 -0.1133356 -0.2701983
-0.9533147 -0.1454256 -0.2646555
-0.9636382 -0.1685778 -0.2073231
-0.9710532 -0.1490406 -0.1866619
-0.7145289 0.3929209 -0.5788452
-0.7293457 0.4089797 -0.5484435
-0.705871 0.4770162 -0.5236427
-0.6790219 0.4952526 -0.5418987
-0.6488928 0.4636652 -0.6032851
-0.6609147 0.4294186 -0.6154603
-0.7774724 0.1907497 -0.5992923
-0.7550657 0.210304 -0.6210057
-0.718426 0.1732298 -0.6736881
-0.7226184 0.135022 -0.677932
-0.7674282 0.09620225 -0.6338762
-0.7856262 0.1149323 -0.6079325
-0.8408585 0.3089595 -0.4444108
-0.8482949 0.2737222 -0.4532902
-0.882906 0.2325078 -0.4079424
-0.8926778 0.2465187 -0.3772994
-0.8789012 0.314463 -0.3586721
-0.861659 0.3357844 -0.3805162
-0.7293457 -0.4089797 -0.5484435
-0.7145289 -0.3929209 -0.5788452
-0.6609147 -0.4294187 -0.6154603
-0.6488928 -0.4636652 -0.6032851
-0.6790219 -0.4952526 -0.5418987
-0.705871 -0.4770162 -0.5236427
-0.8482949 -0.2737222 -0.4532902
-0.8408585 -0.3089595 -0.4444108
-0.861659 -0.3357844 -0.3805162
-0.8789012 -0.314463 -0.3586721
-0.8926778 -0.2465187 -0.3772994
-0.882906 -0.2325078 -0.4079424
-0.7550657 -0.210304 -0.6210057
-0.7774724 -0.1907497 -0.5992923
-0.7856262 -0.1149323 -0.6079325
-0.7674282 -0.09620226 -0.6338762
-0.7226185 -0.135022 -0.677932
-0.7184259 -0.1732297 -0.6736879
-0.9951323 -0.09778912 -0.01220651
-0.9951323 -0.09778912 0.01220651
-0.9977829 -0.05834481 0.03202105
-0.9988663 -0.04341834 0.01952011
-0.9988663 -0.04341834 -0.01952011
-0.9977829 -0.05834481 -0.03202105
-0.9712932 -0.2250433 -0.07710431
-0.9758843 -0.19896 -0.08980504
-0.9710532 -0.1866619 -0.1490406
-0.9636382 -0.2073231 -0.1685778
-0.9533147 -0.2646555 -0.1454257
-0.9561108 -0.2701983 -0.1133356
-0.9758843 -0.19896 0.08980504
-0.9712932 -0.2250433 0.07710431
-0.9561108 -0.2701983 0.1133356
-0.9533147 -0.2646555 0.1454257
-0.9636382 -0.2073231 0.1685778
-0.9710532 -0.1866619 0.1490406
-0.7145289 -0.5788451 -0.3929209
-0.7293457 -0.5484435 -0.4089797
-0.705871 -0.5236427 -0.4770162
-0.6790219 -0.5418987 -0.4952526
-0.6488928 -0.6032851 -0.4636652
-0.6609147 -0.6154603 -0.4294186
-0.7774724 -0.5992923 -0.1907497
-0.7550657 -0.6210057 -0.210304
-0.718426 -0.673688 -0.1732297
-0.7226185 -0.677932 -0.135022
-0.7674282 -0.6338762 -0.09620225
-0.7856263 -0.6079326 -0.1149323
-0.8408585 -0.4444108 -0.3089595
-0.8482949 -0.4532902 -0.2737222
-0.882906 -0.4079424 -0.2325078
-0.8926778 -0.3772994 -0.2465187
-0.8789012 -0.3586721 -0.314463
-0.861659 -0.3805162 -0.3357845
-0.7293457 -0.5484435 0.4089797
-0.7145289 -0.5788451 0.3929209
-0.6609147 -0.6154603 0.4294186
-0.6488928 -0.6032851 0.4636652
-0.6790219 -0.5418987 0.4952526
-0.705871 -0.5236427 0.4770162
-0.8482949 -0.4532902 0.2737222
-0.8408585 -0.4444108 0.3089595
-0.861659 -0.3805162 0.3357844
-0.8789012 -0.3586721 0.314463
-0.8926778 -0.3772994 0.2465187
-0.882906 -0.4079424 0.2325078
-0.7550657 -0.6210057 0.210304
-0.7774724 -0.5992923 0.1907497
-0.7856263 -0.6079326 0.1149323
-0.7674282 -0.6338762 0.09620226
-0.7226185 -0.677932 0.135022
-0.718426 -0.673688 0.1732297
-0.9951323 -0.01220651 0.09778912
-0.9951323 0.01220651 0.09778912
-0.9977829 0.03202105 0.05834481
-0.9988663 0.01952011 0.04341834
-0.9988663 -0.01952011 0.04341834
-0.9977829 -0.03202105 0.05834481
-0.9712932 -0.07710431 0.2250433
-0.9758843 -0.08980504 0.19896
-0.9710532 -0.1490406 0.1866619
-0.9636382 -0.1685778 0.2073231
-0.9533147 -0.1454256 0.2646555
-0.9561108 -0.1133356 0.2701983
-0.9758843 0.08980504 0.19896
-0.9712932 0.07710431 0.2250433
-0.9561108 0.1133356 0.2701983
-0.9533147 0.1454256 0.2646555
-0.9636382 0.1685778 0.2073231
-0.9710532 0.1490406 0.1866619
-0.7145289 -0.3929209 0.5788452
-0.7293457 -0.4089797 0.5484435
-0.705871 -0.4770162 0.5236427
-0.6790219 -0.4952526 0.5418987
-0.6488928 -0.4636652 0.6032851
-0.6609147 -0.4294186 0.6154603
-0.7774724 -0.1907497 0.5992923
-0.7550657 -0.210304 0.6210057
-0.718426 -0.1732298 0.6736881
-0.7226184 -0.135022 0.677932
-0.7674282 -0.09620225 0.6338762
-0.7856262 -0.1149323 0.6079325
-0.8408585 -0.3089595 0.4444108
-0.8482949 -0.2737222 0.4532902
-0.882906 -0.2325078 0.4079424
-0.8926778 -0.2465187 0.3772994
-0.8789012 -0.314463 0.3586721
-0.861659 -0.3357845 0.3805162
-0.7293457 0.4089797 0.5484435
-0.7145289 0.3929209 0.5788452
-0.6609147 0.4294187 0.6154603
-0.6488928 0.4636652 0.6032851
-0.6790219 0.4952526 0.5418987
-0.705871 0.4770162 0.5236427
-0.8482949 0.2737222 0.4532902
-0.8408585 0.3089595 0.4444108
-0.861659 0.3357844 0.3805162
-0.8789012 0.314463 0.3586721
-0.8926778 0.2465187 0.3772994
-0.882906 0.2325078 0.4079424
-0.7550657 0.210304 0.6210057
-0.7774724 0.1907497 0.5992923
-0.7856262 0.1149323 0.6079325
-0.7674282 0.09620226 0.6338762
-0.7226185 0.135022 0.677932
-0.7184259 0.1732297 0.6736879
-0.9951323 0.09778912 0.01220651
-0.9951323 0.09778912 -0.01220651
-0.9977829 0.05834481 -0.03202105
-0.9988663 0.04341834 -0.01952011
-0.9988663 0.04341834 0.01952011
-0.9977829 0.05834481 0.03202105
-0.9712932 0.2250433 0.07710431
-0.9758843 0.19896 0.08980504
-0.9710532 0.1866619 0.1490406
-0.9636382 0.2073231 0.1685778
-0.9533147 0.2646555 0.1454257
-0.9561108 0.2701983 0.1133356
-0.9758843 0.19896 -0.08980504
-0.9712932 0.2250433 -0.07710431
-0.9561108 0.2701983 -0.1133356
-0.9533147 0.2646555 -0.1454257
-0.9636382 0.2073231 -0.1685778
-0.9710532 0.1866619 -0.1490406
-0.7145289 0.5788451 0.3929209
-0.7293457 0.5484435 0.4089797
-0.705871 0.5236427 0.4770162
-0.6790219 0.5418987 0.4952526
-0.6488928 0.6032851 0.4636652
-0.6609147 0.6154603 0.4294186
-0.7774724 0.5992923 0.1907497
-0.7550657 0.6210057 0.210304
-0.718426 0.673688 0.1732297
-0.7226185 0.677932 0.135022
-0.7674282 0.6338762 0.09620225
-0.7856263 0.6079326 0.1149323
-0.8408585 0.4444108 0.3089595
-0.8482949 0.4532902 0.2737222
-0.882906 0.4079424 0.2325078
-0.8926778 0.3772994 0.2465187
-0.8789012 0.3586721 0.314463
-0.861659 0.3805162 0.3357845
-0.7293457 0.5484435 -0.4089797
-0.7145289 0.5788451 -0.3929209
-0.6609147 0.6154603 -0.4294186
-0.6488928 0.6032851 -0.4636652
-0.6790219 0.5418987 -0.4952526
-0.705871 0.5236427 -0.4770162
-0.8482949 0.4532902 -0.2737222
-0.8408585 0.4444108 -0.3089595
-0.861659 0.3805162 -0.3357844
-0.8789012 0.3586721 -0.314463
-0.8926778 0.3772994 -0.2465187
-0.882906 0.4079424 -0.2325078
-0.7550657 0.6210057 -0.210304
-0.7774724 0.5992923 -0.1907497
-0.7856263 0.6079326 -0.1149323
-0.7674282 0.6338762 -0.09620226
-0.7226185 0.677932 -0.135022
-0.718426 0.673688 -0.1732297
-0.01220651 0.9951323 0.09778912
0.01220651 0.9951323 0.09778912
0.03202105 0.9977829 0.05834481
0.01952011 0.9988663 0.04341834
-0.01952011 0.9988663 0.04341834
-0.03202105 0.9977829 0.05834481
-0.07710431 0.9712932 0.2250433
-0.08980504 0.9758843 0.19896
-0.1490406 0.9710532 0.1866619
-0.1685778 0.9636382 0.2073231
-0.1454256 0.9533147 0.2646555
-0.1133356 0.9561108 0.2701983
0.08980504 0.9758843 0.19896
0.07710431 0.9712932 0.2250433
0.1133356 0.9561108 0.2701983
0.1454256 0.9533147 0.2646555
0.1685778 0.9636382 0.2073231
0.1490406 0.9710532 0.1866619
-0.3929209 0.7145289 0.5788452
-0.4089797 0.7293457 0.5484435
-0.4770162 0.705871 0.5236427
-0.4952526 0.6790219 0.5418987
-0.4636652 0.6488928 0.6032851
-0.4294186 0.6609147 0.6154603
-0.1907497 0.7774724 0.5992923
-0.210304 0.7550657 0.6210057
-0.1732298 0.718426 0.6736881
-0.135022 0.7226184 0.677932
-0.09620225 0.7674282 0.6338762
-0.1149323 0.7856262 0.6079325
-0.3089595 0.8408585 0.4444108
-0.2737222 0.8482949 0.4532902
-0.2325078 0.882906 0.4079424
-0.2465187 0.8926778 0.3772994
-0.314463 0.8789012 0.3586721
-0.3357844 0.861659 0.3805162
0.4089797 0.7293457 0.5484435
0.3929209 0.7145289 0.5788452
0.4294187 0.6609147 0.6154603
0.4636652 0.6488928 0.6032851
0.4952526 0.6790219 0.5418987
0.4770162 0.705871 0.5236427
0.2737222 0.8482949 0.4532902
0.3089595 0.8408585 0.4444108
0.3357844 0.861659 0.3805162
0.314463 0.8789012 0.3586721
0.2465187 0.8926778 0.3772994
0.2325078 0.882906 0.4079424
0.210304 0.7550657 0.6210057
0.1907497 0.7774724 0.5992923
0.1149323 0.7856262 0.6079325
0.09620226 0.7674282 0.6338762
0.135022 0.7226185 0.677932
0.1732297 0.7184259 0.6736879
0.09778912 0.9951323 0.01220651
0.09778912 0.9951323 -0.01220651
0.05834481 0.9977829 -0.03202105
0.04341834 0.9988663 -0.01952011
0.04341834 0.9988663 0.01952011
0.05834481 0.9977829 0.03202105
0.2250433 0.9712932 0.07710431
0.19896 0.9758843 0.08980504
0.1866619 0.9710532 0.1490406
0.2073231 0.9636382 0.1685778
0.2646555 0.9533147 0.1454257
0.2701983 0.9561108 0.1133356
0.19896 0.9758843 -0.08980504
0.2250433 0.9712932 -0.07710431
0.2701983 0.9561108 -0.1133356
0.2646555 0.9533147 -0.1454257
0.2073231 0.9636382 -0.1685778
0.1866619 0.9710532 -0.1490406
0.5788451 0.7145289 0.3929209
0.5484435 0.7293457 0.4089797
0.5236427 0.705871 0.4770162
0.5418987 0.6790219 0.4952526
0.6032851 0.6488928 0.4636652
0.6154603 0.6609147 0.4294186
0.5992923 0.7774724 0.1907497
0.6210057 0.7550657 0.210304
0.673688 0.7184259 0.1732297
0.677932 0.7226185 0.1350221
0.6338762 0.7674282 0.09620225
0.6079326 0.7856263 0.1149323
0.4444108 0.8408585 0.3089595
0.4532902 0.8482949 0.2737222
0.4079424 0.882906 0.2325078
0.3772994 0.8926778 0.2465187
0.3586721 0.8789012 0.314463
0.3805162 0.861659 0.3357845
0.5484435 0.7293457 -0.4089797
0.5788451 0.7145289 -0.3929209
0.6154603 0.6609147 -0.4294186
0.6032851 0.6488928 -0.4636652
0.5418987 0.6790219 -0.4952526
0.5236427 0.705871 -0.4770162
0.4532902 0.8482949 -0.2737222
0.4444108 0.8408585 -0.3089595
0.3805162 0.861659 -0.3357844
0.3586721 0.8789012 -0.314463
0.3772994 0.8926778 -0.2465187
0.4079424 0.882906 -0.2325078
0.6210057 0.7550657 -0.210304
0.5992923 0.7774724 -0.1907497
0.6079326 0.7856263 -0.1149323
0.6338762 0.7674282 -0.09620226
0.677932 0.7226185 -0.135022
0.673688 0.718426 -0.1732297
0.01220651 0.9951323 -0.09778912
-0.01220651 0.9951323 -0.09778912
-0.03202105 0.9977829 -0.05834481
-0.01952011 0.9988663 -0.04341834
0.01952011 0.9988663 -0.04341834
0.03202105 0.9977829 -0.05834481
0.07710431 0.9712932 -0.2250433
0.08980504 0.9758843 -0.19896
0.1490406 0.9710532 -0.1866619
0.1685778 0.9636382 -0.2073231
0.1454256 0.9533147 -0.2646555
0.1133356 0.9561108 -0.2701983
-0.08980504 0.9758843 -0.19896
-0.07710431 0.9712932 -0.2250433
-0.1133356 0.9561108 -0.2701983
-0.1454256 0.9533147 -0.2646555
-0.1685778 0.9636382 -0.2073231
-0.1490406 0.9710532 -0.1866619
0.3929209 0.7145289 -0.5788452
0.4089797 0.7293457 -0.5484435
0.4770162 0.705871 -0.5236427
0.4952526 0.6790219 -0.5418987
0.4636652 0.6488928 -0.6032851
0.4294186 0.6609147 -0.6154603
0.1907497 0.7774724 -0.5992923
0.210304 0.7550657 -0.6210057
0.1732298 0.718426 -0.6736881
0.135022 0.7226184 -0.677932
0.09620225 0.7674282 -0.6338762
0.1149323 0.7856262 -0.6079325
0.3089595 0.8408585 -0.4444108
0.2737222 0.8482949 -0.4532902
0.2325078 0.882906 -0.4079424
0.2465187 0.8926778 -0.3772994
0.314463 0.8789012 -0.3586721
0.3357845 0.861659 -0.3805162
-0.4089797 0.7293457 -0.5484435
-0.3929209 0.7145289 -0.5788452
-0.4294187 0.6609147 -0.6154603
-0.4636652 0.6488928 -0.6032851
-0.4952526 0.6790219 -0.5418987
-0.4770162 0.705871 -0.5236427
-0.2737222 0.8482949 -0.4532902
-0.3089595 0.8408585 -0.4444108
-0.3357844 0.861659 -0.3805162
-0.314463 0.8789012 -0.3586721
-0.2465187 0.8926778 -0.3772994
-0.2325078 0.882906 -0.4079424
-0.210304 0.7550657 -0.6210057
-0.1907497 0.7774724 -0.5992923
-0.1149323 0.7856262 -0.6079325
-0.09620226 0.7674282 -0.6338762
-0.135022 0.7226185 -0.677932
-0.1732297 0.7184259 -0.6736879
-0.09778912 0.9951323 -0.01220651
-0.09778912 0.9951323 0.01220651
-0.05834481 0.9977829 0.03202105
-0.04341834 0.9988663 0.01952011
-0.04341834 0.9988663 -0.01952011
-0.05834481 0.9977829 -0.03202105
-0.2250433 0.9712932 -0.07710431
-0.19896 0.9758843 -0.08980504
-0.1866619 0.9710532 -0.1490406
-0.2073231 0.9636382 -0.1685778
-0.2646555 0.9533147 -0.1454257
-0.2701983 0.9561108 -0.1133356
-0.19896 0.9758843 0.08980504
-0.2250433 0.9712932 0.07710431
-0.2701983 0.9561108 0.1133356
-0.2646555 0.9533147 0.1454257
-0.2073231 0.9636382 0.1685778
-0.1866619 0.9710532 0.1490406
-0.5788451 0.7145289 -0.3929209
-0.5484435 0.7293457 -0.4089797
-0.5236427 0.705871 -0.4770162
-0.5418987 0.6790219 -0.4952526
-0.6032851 0.6488928 -0.4636652
-0.6154603 0.6609147 -0.4294186
-0.5992923 0.7774724 -0.1907497
-0.6210057 0.7550657 -0.210304
-0.673688 0.7184259 -0.1732297
-0.677932 0.7226185 -0.1350221
-0.6338762 0.7674282 -0.09620225
-0.6079326 0.7856263 -0.1149323
-0.4444108 0.8408585 -0.3089595
-0.4532902 0.8482949 -0.2737222
-0.4079424 0.882906 -0.2325078
-0.3772994 0.8926778 -0.2465187
-0.3586721 0.8789012 -0.314463
-0.3805162 0.861659 -0.3357845
-0.5484435 0.7293457 0.4089797
-0.5788451 0.7145289 0.3929209
-0.6154603 0.6609147 0.4294186
-0.6032851 0.6488928 0.4636652
-0.5418987 0.6790219 0.4952526
-0.5236427 0.705871 0.4770162
-0.4532902 0.8482949 0.2737222
-0.4444108 0.8408585 0.3089595
-0.3805162 0.861659 0.3357844
-0.3586721 0.8789012 0.314463
-0.3772994 0.8926778 0.2465187
-0.4079424 0.882906 0.2325078
-0.6210057 0.7550657 0.210304
-0.5992923 0.7774724 0.1907497
-0.6079326 0.7856263 0.1149323
-0.6338762 0.7674282 0.09620226
-0.677932 0.7226185 0.135022
-0.673688 0.718426 0.1732297
-0.01220651 -0.9951323 -0.09778912
0.01220651 -0.9951323 -0.09778912
0.03202105 -0.9977829 -0.05834481
0.01952011 -0.9988663 -0.04341834
-0.01952011 -0.9988663 -0.04341834
-0.03202105 -0.9977829 -0.05834481
-0.07710431 -0.9712932 -0.2250433
-0.08980504 -0.9758843 -0.19896
-0.1490406 -0.9710532 -0.1866619
-0.1685778 -0.9636382 -0.2073231
-0.1454256 -0.9533147 -0.2646555
-0.1133356 -0.9561108 -0.2701983
0.08980504 -0.9758843 -0.19896
0.07710431 -0.9712932 -0.2250433
0.1133356 -0.9561108 -0.2701983
0.1454256 -0.9533147 -0.2646555
0.1685778 -0.9636382 -0.2073231
0.1490406 -0.9710532 -0.1866619
-0.3929209 -0.7145289 -0.5788452
-0.4089797 -0.7293457 -0.5484435
-0.4770162 -0.705871 -0.5236427
-0.4952526 -0.6790219 -0.5418987
-0.4636652 -0.6488928 -0.6032851
-0.4294186 -0.6609147 -0.6154603
-0.1907497 -0.7774724 -0.5992923
-0.210304 -0.7550657 -0.6210057
-0.1732298 -0.718426 -0.6736881
-0.135022 -0.7226184 -0.677932
-0.09620225 -0.7674282 -0.6338762
-0.1149323 -0.7856262 -0.6079325
-0.3089595 -0.8408585 -0.4444108
-0.2737222 -0.8482949 -0.4532902
-0.2325078 -0.882906 -0.4079424
-0.2465187 -0.8926778 -0.3772994
-0.314463 -0.8789012 -0.3586721
-0.3357844 -0.861659 -0.3805162
0.4089797 -0.7293457 -0.5484435
0.3929209 -0.7145289 -0.5788452
0.4294187 -0.6609147 -0.6154603
0.4636652 -0.6488928 -0.6032851
0.4952526 -0.6790219 -0.5418987
0.4770162 -0.705871 -0.5236427
0.2737222 -0.8482949 -0.4532902
0.3089595 -0.8408585 -0.4444108
0.3357844 -0.861659 -0.3805162
0.314463 -0.8789012 -0.3586721
0.2465187 -0.8926778 -0.3772994
0.2325078 -0.882906 -0.4079424
0.210304 -0.7550657 -0.6210057
0.1907497 -0.7774724 -0.5992923
0.1149323 -0.7856262 -0.6079325
0.09620226 -0.7674282 -0.6338762
0.135022 -0.7226185 -0.677932
0.1732297 -0.7184259 -0.6736879
0.09778912 -0.9951323 -0.01220651
0.09778912 -0.9951323 0.01220651
0.05834481 -0.9977829 0.03202105
0.04341834 -0.9988663 0.01952011
0.04341834 -0.9988663 -0.01952011
0.05834481 -0.9977829 -0.03202105
0.2250433 -0.9712932 -0.07710431
0.19896 -0.9758843 -0.08980504
0.1866619 -0.9710532 -0.1490406
0.2073231 -0.9636382 -0.1685778
0.2646555 -0.9533147 -0.1454257
0.2701983 -0.9561108 -0.1133356
0.19896 -0.9758843 0.08980504
0.2250433 -0.9712932 0.07710431
0.2701983 -0.9561108 0.1133356
0.2646555 -0.9533147 0.1454257
0.2073231 -0.9636382 0.1685778
0.1866619 -0.9710532 0.1490406
0.5788451 -0.7145289 -0.3929209
0.5484435 -0.7293457 -0.4089797
0.5236427 -0.705871 -0.4770162
0.5418987 -0.6790219 -0.4952526
0.6032851 -0.6488928 -0.4636652
0.6154603 -0.6609147 -0.4294186
0.5992923 -0.7774724 -0.1907497
0.6210057 -0.7550657 -0.210304
0.673688 -0.7184259 -0.1732297
0.677932 -0.7226185 -0.1350221
0.6338762 -0.7674282 -0.09620225
0.6079326 -0.7856263 -0.1149323
0.4444108 -0.8408585 -0.3089595
0.4532902 -0.8482949 -0.2737222
0.4079424 -0.882906 -0.2325078
0.3772994 -0.8926778 -0.2465187
0.3586721 -0.8789012 -0.314463
0.3805162 -0.861659 -0.3357845
0.5484435 -0.7293457 0.4089797
0.5788451 -0.7145289 0.3929209
0.6154603 -0.6609147 0.4294186
0.6032851 -0.6488928 0.4636652
0.5418987 -0.6790219 0.4952526
0.5236427 -0.705871 0.4770162
0.4532902 -0.8482949 0.2737222
0.4444108 -0.8408585 0.3089595
0.3805162 -0.861659 0.3357844
0.3586721 -0.8789012 0.314463
0.3772994 -0.8926778 0.2465187
0.4079424 -0.882906 0.2325078
0.6210057 -0.7550657 0.210304
0.5992923 -0.7774724 0.1907497
0.6079326 -0.7856263 0.1149323
0.6338762 -0.7674282 0.09620226
0.677932 -0.7226185 0.135022
0.673688 -0.718426 0.1732297
0.01220651 -0.9951323 0.09778912
-0.01220651 -0.9951323 0.09778912
-0.03202105 -0.9977829 0.05834481
-0.01952011 -0.9988663 0.04341834
0.01952011 -0.9988663 0.04341834
0.03202105 -0.9977829 0.05834481
0.07710431 -0.9712932 0.2250433
0.08980504 -0.9758843 0.19896
0.1490406 -0.9710532 0.1866619
0.1685778 -0.9636382 0.2073231
0.1454256 -0.9533147 0.2646555
0.1133356 -0.9561108 0.2701983
-0.08980504 -0.9758843 0.19896
-0.07710431 -0.9712932 0.2250433
-0.1133356 -0.9561108 0.2701983
-0.1454256 -0.9533147 0.2646555
-0.1685778 -0.9636382 0.2073231
-0.1490406 -0.9710532 0.1866619
0.3929209 -0.7145289 0.5788452
0.4089797 -0.7293457 0.5484435
0.4770162 -0.705871 0.5236427
0.4952526 -0.6790219 0.5418987
0.4636652 -0.6488928 0.6032851
0.4294186 -0.6609147 0.6154603
0.1907497 -0.7774724 0.5992923
0.210304 -0.7550657 0.6210057
0.1732298 -0.718426 0.6736881
0.135022 -0.7226184 0.677932
0.09620225 -0.7674282 0.6338762
0.1149323 -0.7856262 0.6079325
0.3089595 -0.8408585 0.4444108
0.2737222 -0.8482949 0.4532902
0.2325078 -0.882906 0.4079424
0.2465187 -0.8926778 0.3772994
0.314463 -0.8789012 0.3586721
0.3357845 -0.861659 0.3805162
-0.4089797 -0.7293457 0.5484435
-0.3929209 -0.7145289 0.5788452
-0.4294187 -0.6609147 0.6154603
-0.4636652 -0.6488928 0.6032851
-0.4952526 -0.6790219 0.5418987
-0.4770162 -0.705871 0.5236427
-0.2737222 -0.8482949 0.4532902
-0.3089595 -0.8408585 0.4444108
-0.3357844 -0.861659 0.3805162
-0.314463 -0.8789012 0.3586721
-0.2465187 -0.8926778 0.3772994
-0.2325078 -0.882906 0.4079424
-0.210304 -0.7550657 0.6210057
-0.1907497 -0.7774724 0.5992923
-0.1149323 -0.7856262 0.6079325
-0.09620226 -0.7674282 0.6338762
-0.135022 -0.7226185 0.677932
-0.1732297 -0.7184259 0.6736879
-0.09778912 -0.9951323 0.01220651
-0.09778912 -0.9951323 -0.01220651
-0.05834481 -0.9977829 -0.03202105
-0.04341834 -0.9988663 -0.01952011
-0.04341834 -0.9988663 0.01952011
-0.05834481 -0.9977829 0.03202105
-0.2250433 -0.9712932 0.07710431
-0.19896 -0.9758843 0.08980504
-0.1866619 -0.9710532 0.1490406
-0.2073231 -0.9636382 0.1685778
-0.2646555 -0.9533147 0.1454257
-0.2701983 -0.9561108 0.1133356
-0.19896 -0.9758843 -0.08980504
-0.2250433 -0.9712932 -0.07710431
-0.2701983 -0.9561108 -0.1133356
-0.2646555 -0.9533147 -0.1454257
-0.2073231 -0.9636382 -0.1685778
-0.1866619 -0.9710532 -0.1490406
-0.5788451 -0.7145289 0.3929209
-0.5484435 -0.7293457 0.4089797
-0.5236427 -0.705871 0.4770162
-0.5418987 -0.6790219 0.4952526
-0.6032851 -0.6488928 0.4636652
-0.6154603 -0.6609147 0.4294186
-0.5992923 -0.7774724 0.1907497
-0.6210057 -0.7550657 0.210304
-0.673688 -0.7184259 0.1732297
-0.677932 -0.7226185 0.1350221
-0.6338762 -0.7674282 0.09620225
-0.6079326 -0.7856263 0.1149323
-0.4444108 -0.8408585 0.3089595
-0.4532902 -0.8482949 0.2737222
-0.4079424 -0.882906 0.2325078
-0.3772994 -0.8926778 0.2465187
-0.3586721 -0.8789012 0.314463
-0.3805162 -0.861659 0.3357845
-0.5484435 -0.7293457 -0.4089797
-0.5788451 -0.7145289 -0.3929209
-0.6154603 -0.6609147 -0.4294186
-0.6032851 -0.6488928 -0.4636652
-0.5418987 -0.6790219 -0.4952526
-0.5236427 -0.705871 -0.4770162
-0.4532902 -0.8482949 -0.2737222
-0.4444108 -0.8408585 -0.3089595
-0.3805162 -0.861659 -0.3357844
-0.3586721 -0.8789012 -0.314463
-0.3772994 -0.8926778 -0.2465187
-0.4079424 -0.882906 -0.2325078
-0.6210057 -0.7550657 -0.210304
-0.5992923 -0.7774724 -0.1907497
-0.6079326 -0.7856263 -0.1149323
-0.6338762 -0.7674282 -0.09620226
-0.677932 -0.7226185 -0.135022
-0.673688 -0.718426 -0.1732297
-0.3291453 0.01693611 -0.9441274
-0.3291453 -0.01693611 -0.9441274
-0.3794335 -0.05261703 -0.9237217
-0.3794335 0.05261703 -0.9237217
-0.4781366 -0.1291598 -0.8687364
-0.5061074 -0.1118966 -0.855181
-0.5106874 -0.03737463 -0.8589538
-0.4292152 -0.09022564 -0.8986843
-0.5061074 0.1118966 -0.855181
-0.4781366 0.1291598 -0.8687364
-0.4292152 0.09022564 -0.8986843
-0.5106874 0.03737463 -0.8589538
0.01693611 0.3291453 -0.9441274
-0.01693611 0.3291453 -0.9441274
-0.05261703 0.3794335 -0.9237217
0.05261703 0.3794335 -0.9237217
-0.1291598 0.4781366 -0.8687364
-0.1118966 0.5061074 -0.855181
-0.03737463 0.5106874 -0.8589538
-0.09022564 0.4292152 -0.8986843
0.1118966 0.5061074 -0.855181
0.1291598 0.4781366 -0.8687364
0.09022564 0.4292152 -0.8986843
0.03737463 0.5106874 -0.8589538
0.3291453 -0.01693611 -0.9441274
0.3291453 0.01693611 -0.9441274
0.3794335 0.05261703 -0.9237217
0.3794335 -0.05261703 -0.9237217
0.4781366 0.1291598 -0.8687364
0.5061074 0.1118966 -0.855181
0.5106874 0.03737463 -0.8589538
0.4292152 0.09022564 -0.8986843
0.5061074 -0.1118966 -0.855181
0.4781366 -0.1291598 -0.8687364
0.4292152 -0.09022564 -0.8986843
0.5106874 -0.03737463 -0.8589538
-0.01693611 -0.3291453 -0.9441274
0.01693611 -0.3291453 -0.9441274
0.05261703 -0.3794335 -0.9237217
-0.05261703 -0.3794335 -0.9237217
0.1291598 -0.4781366 -0.8687364
0.1118966 -0.5061074 -0.855181
0.03737463 -0.5106874 -0.8589538
0.09022564 -0.4292152 -0.8986843
-0.1118966 -0.5061074 -0.855181
-0.1291598 -0.4781366 -0.8687364
-0.09022564 -0.4292152 -0.8986843
-0.03737463 -0.5106874 -0.8589538
0.9441274 -0.01693611 0.3291453
0.9441274 0.01693611 0.3291453
0.9237217 0.05261703 0.3794335
0.9237217 -0.05261703 0.3794335
0.8687364 0.1291598 0.4781366
0.855181 0.1118966 0.5061074
0.8589538 0.03737463 0.5106874
0.8986843 0.09022564 0.4292152
0.855181 -0.1118966 0.5061074
0.8687364 -0.1291598 0.4781366
0.8986843 -0.09022564 0.4292152
0.8589538 -0.03737463 0.5106874
0.9441274 -0.3291453 -0.01693611
0.9441274 -0.3291453 0.01693611
0.9237217 -0.3794335 0.05261703
0.9237217 -0.3794335 -0.05261703
0.8687364 -0.4781366 0.1291598
0.855181 -0.5061074 0.1118966
0.8589538 -0.5106874 0.03737463
0.8986844 -0.4292153 0.09022565
0.855181 -0.5061074 -0.1118966
0.8687364 -0.4781366 -0.1291598
0.8986844 -0.4292153 -0.09022565
0.8589538 -0.5106874 -0.03737463
0.9441274 0.01693611 -0.3291453
0.9441274 -0.01693611 -0.3291453
0.9237217 -0.05261703 -0.3794335
0.9237217 0.05261703 -0.3794335
0.8687364 -0.1291598 -0.4781366
0.855181 -0.1118966 -0.5061074
0.8589538 -0.03737463 -0.5106874
0.8986843 -0.09022564 -0.4292152
0.855181 0.1118966 -0.5061074
0.8687364 0.1291598 -0.4781366
0.8986843 0.09022564 -0.4292152
0.8589538 0.03737463 -0.5106874
0.9441274 0.3291453 0.01693611
0.9441274 0.3291453 -0.01693611
0.9237217 0.3794335 -0.05261703
0.9237217 0.3794335 0.05261703
0.8687364 0.4781366 -0.1291598
0.855181 0.5061074 -0.1118966
0.8589538 0.5106874 -0.03737463
0.8986844 0.4292153 -0.09022565
0.855181 0.5061074 0.1118966
0.8687364 0.4781366 0.1291598
0.8986844 0.4292153 0.09022565
0.8589538 0.5106874 0.03737463
0.3291453 0.01693611 0.9441274
0.3291453 -0.01693611 0.9441274
0.3794335 -0.05261703 0.9237217
0.3794335 0.05261703 0.9237217
0.4781366 -0.1291598 0.8687364
0.5061074 -0.1118966 0.855181
0.5106874 -0.03737463 0.8589538
0.4292152 -0.09022564 0.8986843
0.5061074 0.1118966 0.855181
0.4781366 0.1291598 0.8687364
0.4292152 0.09022564 0.8986843
0.5106874 0.03737463 0.8589538
-0.01693611 0.3291453 0.9441274
0.01693611 0.3291453 0.9441274
0.05261703 0.3794335 0.9237217
-0.05261703 0.3794335 0.9237217
0.1291598 0.4781366 0.8687364
0.1118966 0.5061074 0.855181
0.03737463 0.5106874 0.8589538
0.09022564 0.4292152 0.8986843
-0.1118966 0.5061074 0.855181
-0.1291598 0.4781366 0.8687364
-0.09022564 0.4292152 0.8986843
-0.03737463 0.5106874 0.8589538
-0.3291453 -0.01693611 0.9441274
-0.3291453 0.01693611 0.9441274
-0.3794335 0.05261703 0.9237217
-0.3794335 -0.05261703 0.9237217
-0.4781366 0.1291598 0.8687364
-0.5061074 0.1118966 0.855181
-0.5106874 0.03737463 0.8589538
-0.4292152 0.09022564 0.8986843
-0.5061074 -0.1118966 0.855181
-0.4781366 -0.1291598 0.8687364
-0.4292152 -0.09022564 0.8986843
-0.5106874 -0.03737463 0.8589538
0.01693611 -0.3291453 0.9441274
-0.01693611 -0.3291453 0.9441274
-0.05261703 -0.3794335 0.9237217
0.05261703 -0.3794335 0.9237217
-0.1291598 -0.4781366 0.8687364
-0.1118966 -0.5061074 0.855181
-0.03737463 -0.5106874 0.8589538
-0.09022564 -0.4292152 0.8986843
0.1118966 -0.5061074 0.855181
0.1291598 -0.4781366 0.8687364
0.09022564 -0.4292152 0.8986843
0.03737463 -0.5106874 0.8589538
-0.9441274 -0.01693611 -0.3291453
-0.9441274 0.01693611 -0.3291453
-0.9237217 0.05261703 -0.3794335
-0.9237217 -0.05261703 -0.3794335
-0.8687364 0.1291598 -0.4781366
-0.855181 0.1118966 -0.5061074
-0.8589538 0.03737463 -0.5106874
-0.8986843 0.09022564 -0.4292152
-0.855181 -0.1118966 -0.5061074
-0.8687364 -0.1291598 -0.4781366
-0.8986843 -0.09022564 -0.4292152
-0.8589538 -0.03737463 -0.5106874
-0.9441274 -0.3291453 0.01693611
-0.9441274 -0.3291453 -0.01693611
-0.9237217 -0.3794335 -0.05261703
-0.9237217 -0.3794335 0.05261703
-0.8687364 -0.4781366 -0.1291598
-0.855181 -0.5061074 -0.1118966
-0.8589538 -0.5106874 -0.03737463
-0.8986844 -0.4292153 -0.09022565
-0.855181 -0.5061074 0.1118966
-0.8687364 -0.4781366 0.1291598
-0.8986844 -0.4292153 0.09022565
-0.8589538 -0.5106874 0.03737463
-0.9441274 0.01693611 0.3291453
-0.9441274 -0.01693611 0.3291453
-0.9237217 -0.05261703 0.3794335
-0.9237217 0.05261703 0.3794335
-0.8687364 -0.1291598 0.4781366
-0.855181 -0.1118966 0.5061074
-0.8589538 -0.03737463 0.5106874
-0.8986843 -0.09022564 0.4292152
-0.855181 0.1118966 0.5061074
-0.8687364 0.1291598 0.4781366
-0.8986843 0.09022564 0.4292152
-0.8589538 0.03737463 0.5106874
-0.9441274 0.3291453 -0.01693611
-0.9441274 0.3291453 0.01693611
-0.9237217 0.3794335 0.05261703
-0.9237217 0.3794335 -0.05261703
-0.8687364 0.4781366 0.1291598
-0.855181 0.5061074 0.1118966
-0.8589538 0.5106874 0.03737463
-0.8986844 0.4292153 0.09022565
-0.855181 0.5061074 -0.1118966
-0.8687364 0.4781366 -0.1291598
-0.8986844 0.4292153 -0.09022565
-0.8589538 0.5106874 -0.03737463
0.01693611 0.9441274 0.3291453
-0.01693611 0.9441274 0.3291453
-0.05261703 0.9237217 0.3794335
0.05261703 0.9237217 0.3794335
-0.1291598 0.8687364 0.4781366
-0.1118966 0.855181 0.5061074
-0.03737463 0.8589538 0.5106874
-0.09022564 0.8986843 0.4292152
0.1118966 0.855181 0.5061074
0.1291598 0.8687364 0.4781366
0.09022564 0.8986843 0.4292152
0.03737463 0.8589538 0.5106874
0.3291453 0.9441274 -0.01693611
0.3291453 0.9441274 0.01693611
0.3794335 0.9237217 0.05261703
0.3794335 0.9237217 -0.05261703
0.4781366 0.8687364 0.1291598
0.5061074 0.855181 0.1118966
0.5106874 0.8589538 0.03737463
0.4292153 0.8986844 0.09022565
0.5061074 0.855181 -0.1118966
0.4781366 0.8687364 -0.1291598
0.4292153 0.8986844 -0.09022565
0.5106874 0.8589538 -0.03737463
-0.01693611 0.9441274 -0.3291453
0.01693611 0.9441274 -0.3291453
0.05261703 0.9237217 -0.3794335
-0.05261703 0.9237217 -0.3794335
0.1291598 0.8687364 -0.4781366
0.1118966 0.855181 -0.5061074
0.03737463 0.8589538 -0.5106874
0.09022564 0.8986843 -0.4292152
-0.1118966 0.855181 -0.5061074
-0.1291598 0.8687364 -0.4781366
-0.09022564 0.8986843 -0.4292152
-0.03737463 0.8589538 -0.5106874
-0.3291453 0.9441274 0.01693611
-0.3291453 0.9441274 -0.01693611
-0.3794335 0.9237217 -0.05261703
-0.3794335 0.9237217 0.05261703
-0.4781366 0.8687364 -0.1291598
-0.5061074 0.855181 -0.1118966
-0.5106874 0.8589538 -0.03737463
-0.4292153 0.8986844 -0.09022565
-0.5061074 0.855181 0.1118966
-0.4781366 0.8687364 0.1291598
-0.4292153 0.8986844 0.09022565
-0.5106874 0.8589538 0.03737463
0.01693611 -0.9441274 -0.3291453
-0.01693611 -0.9441274 -0.3291453
-0.05261703 -0.9237217 -0.3794335
0.05261703 -0.9237217 -0.3794335
-0.1291598 -0.8687364 -0.4781366
-0.1118966 -0.855181 -0.5061074
-0.03737463 -0.8589538 -0.5106874
-0.09022564 -0.8986843 -0.4292152
0.1118966 -0.855181 -0.5061074
0.1291598 -0.8687364 -0.4781366
0.09022564 -0.8986843 -0.4292152
0.03737463 -0.8589538 -0.5106874
0.3291453 -0.9441274 0.01693611
0.3291453 -0.9441274 -0.01693611
0.3794335 -0.9237217 -0.05261703
0.3794335 -0.9237217 0.05261703
0.4781366 -0.8687364 -0.1291598
0.5061074 -0.855181 -0.1118966
0.5106874 -0.8589538 -0.03737463
0.4292153 -0.8986844 -0.09022565
0.5061074 -0.855181 0.1118966
0.4781366 -0.8687364 0.1291598
0.4292153 -0.8986844 0.09022565
0.5106874 -0.8589538 0.03737463
-0.01693611 -0.9441274 0.3291453
0.01693611 -0.9441274 0.3291453
0.05261703 -0.9237217 0.3794335
-0.05261703 -0.9237217 0.3794335
0.1291598 -0.8687364 0.4781366
0.1118966 -0.855181 0.5061074
0.03737463 -0.8589538 0.5106874
0.09022564 -0.8986843 0.4292152
-0.1118966 -0.855181 0.5061074
-0.1291598 -0.8687364 0.4781366
-0.09022564 -0.8986843 0.4292152
-0.03737463 -0.8589538 0.5106874
-0.3291453 -0.9441274 -0.01693611
-0.3291453 -0.9441274 0.01693611
-0.3794335 -0.9237217 0.05261703
-0.3794335 -0.9237217 -0.05261703
-0.4781366 -0.8687364 0.1291598
-0.5061074 -0.855181 0.1118966
-0.5106874 -0.8589538 0.03737463
-0.4292153 -0.8986844 0.09022565
-0.5061074 -0.855181 -0.1118966
-0.4781366 -0.8687364 -0.1291598
-0.4292153 -0.8986844 -0.09022565
-0.5106874 -0.8589538 -0.03737463
-0.2785861 -0.01623949 -0.960274
-0.2785861 0.01623949 -0.960274
-0.228047 0.04631037 -0.9725481
-0.228047 -0.04631037 -0.9725481
-0.1275352 0.093844 -0.9873844
-0.1091098 0.07691205 -0.9910498
-0.1170764 0.02570242 -0.9927902
-0.177744 0.07250661 -0.981402
-0.1091098 -0.07691205 -0.9910498
-0.1275352 -0.093844 -0.9873844
-0.177744 -0.07250661 -0.981402
-0.1170764 -0.02570242 -0.9927902
-0.5257482 -0.1688007 -0.8337237
-0.4970836 -0.1857395 -0.84759
-0.483757 -0.2584516 -0.836171
-0.5714501 -0.2085271 -0.7937011
-0.4445483 -0.3986224 -0.8021702
-0.4651282 -0.4189318 -0.7798409
-0.5287595 -0.3897159 -0.7540127
-0.4662073 -0.3295703 -0.8209959
-0.6463723 -0.322659 -0.6914436
-0.6547264 -0.2859364 -0.6996954
-0.6146095 -0.2477472 -0.748917
-0.5892782 -0.3574408 -0.72456
-0.4970836 0.1857395 -0.84759
-0.5257482 0.1688007 -0.8337237
-0.5714501 0.2085271 -0.7937011
-0.4837569 0.2584516 -0.836171
-0.6547264 0.2859364 -0.6996954
-0.6463723 0.322659 -0.6914436
-0.5892782 0.3574408 -0.72456
-0.6146095 0.2477472 -0.748917
-0.4651282 0.4189318 -0.7798409
-0.4445483 0.3986224 -0.8021702
-0.4662073 0.3295703 -0.8209959
-0.5287595 0.3897159 -0.7540127
-0.01623949 0.2785861 -0.960274
0.01623949 0.2785861 -0.960274
0.04631037 0.228047 -0.9725481
-0.04631037 0.228047 -0.9725481
0.093844 0.1275352 -0.9873844
0.07691205 0.1091098 -0.9910498
0.02570242 0.1170764 -0.9927902
0.07250661 0.177744 -0.981402
-0.07691205 0.1091098 -0.9910498
-0.093844 0.1275352 -0.9873844
-0.07250661 0.177744 -0.981402
-0.02570242 0.1170764 -0.9927902
-0.1688007 0.5257482 -0.8337237
-0.1857395 0.4970836 -0.84759
-0.2584516 0.483757 -0.836171
-0.2085271 0.5714501 -0.7937011
-0.3986224 0.4445483 -0.8021702
-0.4189318 0.4651282 -0.7798409
-0.3897159 0.5287595 -0.7540127
-0.3295703 0.4662073 -0.8209959
-0.322659 0.6463723 -0.6914436
-0.2859364 0.6547264 -0.6996954
-0.2477472 0.6146095 -0.748917
-0.3574408 0.5892782 -0.72456
0.1857395 0.4970836 -0.84759
0.1688007 0.5257482 -0.8337237
0.2085271 0.5714501 -0.7937011
0.2584516 0.4837569 -0.836171
0.2859364 0.6547264 -0.6996954
0.322659 0.6463723 -0.6914436
0.3574408 0.5892782 -0.72456
0.2477472 0.6146095 -0.748917
0.4189318 0.4651282 -0.7798409
0.3986224 0.4445483 -0.8021702
0.3295703 0.4662073 -0.8209959
0.3897159 0.5287595 -0.7540127
0.2785861 0.01623949 -0.960274
0.2785861 -0.01623949 -0.960274
0.228047 -0.04631037 -0.9725481
0.228047 0.04631037 -0.9725481
0.1275352 -0.093844 -0.9873844
0.1091098 -0.07691205 -0.9910498
0.1170764 -0.02570242 -0.9927902
0.177744 -0.07250661 -0.981402
0.1091098 0.07691205 -0.9910498
0.1275352 0.093844 -0.9873844
0.177744 0.07250661 -0.981402
0.1170764 0.02570242 -0.9927902
0.5257482 0.1688007 -0.8337237
0.4970836 0.1857395 -0.84759
0.483757 0.2584516 -0.836171
0.5714501 0.2085271 -0.7937011
0.4445483 0.3986224 -0.8021702
0.4651282 0.4189318 -0.7798409
0.5287595 0.3897159 -0.7540127
0.4662073 0.3295703 -0.8209959
0.6463723 0.322659 -0.6914436
0.6547264 0.2859364 -0.6996954
0.6146095 0.2477472 -0.748917
0.5892782 0.3574408 -0.72456
0.4970836 -0.1857395 -0.84759
0.5257482 -0.1688007 -0.8337237
0.5714501 -0.2085271 -0.7937011
0.4837569 -0.2584516 -0.836171
0.6547264 -0.2859364 -0.6996954
0.6463723 -0.322659 -0.6914436
0.5892782 -0.3574408 -0.72456
0.6146095 -0.2477472 -0.748917
0.4651282 -0.4189318 -0.7798409
0.4445483 -0.3986224 -0.8021702
0.4662073 -0.3295703 -0.8209959
0.5287595 -0.3897159 -0.7540127
0.01623949 -0.2785861 -0.960274
-0.01623949 -0.2785861 -0.960274
-0.04631037 -0.228047 -0.9725481
0.04631037 -0.228047 -0.9725481
-0.093844 -0.1275352 -0.9873844
-0.07691205 -0.1091098 -0.9910498
-0.02570242 -0.1170764 -0.9927902
-0.07250661 -0.177744 -0.981402
0.07691205 -0.1091098 -0.9910498
0.093844 -0.1275352 -0.9873844
0.07250661 -0.177744 -0.981402
0.02570242 -0.1170764 -0.9927902
0.1688007 -0.5257482 -0.8337237
0.1857395 -0.4970836 -0.84759
0.2584516 -0.483757 -0.836171
0.2085271 -0.5714501 -0.7937011
0.3986224 -0.4445483 -0.8021702
0.4189318 -0.4651282 -0.7798409
0.3897159 -0.5287595 -0.7540127
0.3295703 -0.4662073 -0.8209959
0.322659 -0.6463723 -0.6914436
0.2859364 -0.6547264 -0.6996954
0.2477472 -0.6146095 -0.748917
0.3574408 -0.5892782 -0.72456
-0.1857395 -0.4970836 -0.84759
-0.1688007 -0.5257482 -0.8337237
-0.2085271 -0.5714501 -0.7937011
-0.2584516 -0.4837569 -0.836171
-0.2859364 -0.6547264 -0.6996954
-0.322659 -0.6463723 -0.6914436
-0.3574408 -0.5892782 -0.72456
-0.2477472 -0.6146095 -0.748917
-0.4189318 -0.4651282 -0.7798409
-0.3986224 -0.4445483 -0.8021702
-0.3295703 -0.4662073 -0.8209959
-0.3897159 -0.5287595 -0.7540127
0.960274 0.01623949 0.2785861
0.960274 -0.01623949 0.2785861
0.9725482 -0.04631038 0.228047
0.9725482 0.04631038 0.228047
0.9873844 -0.093844 0.1275352
0.9910498 -0.07691205 0.1091098
0.9927902 -0.02570242 0.1170764
0.981402 -0.07250661 0.177744
0.9910498 0.07691205 0.1091098
0.9873844 0.093844 0.1275352
0.981402 0.07250661 0.177744
0.9927902 0.02570242 0.1170764
0.8337237 0.1688007 0.5257482
0.84759 0.1857395 0.4970836
0.836171 0.2584516 0.483757
0.7937011 0.2085271 0.5714501
0.8021702 0.3986224 0.4445483
0.7798409 0.4189318 0.4651282
0.7540127 0.3897159 0.5287595
0.8209959 0.3295703 0.4662073
0.6914436 0.322659 0.6463723
0.6996954 0.2859364 0.6547264
0.748917 0.2477472 0.6146095
0.72456 0.3574408 0.5892782
0.84759 -0.1857395 0.4970836
0.8337237 -0.1688007 0.5257482
0.7937011 -0.2085271 0.5714501
0.836171 -0.2584516 0.4837569
0.6996954 -0.2859364 0.6547264
0.6914436 -0.322659 0.6463723
0.72456 -0.3574408 0.5892782
0.748917 -0.2477472 0.6146095
0.7798409 -0.4189318 0.4651282
0.8021702 -0.3986224 0.4445483
0.8209959 -0.3295703 0.4662073
0.7540127 -0.3897159 0.5287595
0.960274 -0.2785861 0.01623949
0.960274 -0.2785861 -0.01623949
0.9725482 -0.228047 -0.04631038
0.9725482 -0.228047 0.04631038
0.9873844 -0.1275352 -0.093844
0.9910498 -0.1091098 -0.07691205
0.9927902 -0.1170764 -0.02570242
0.981402 -0.177744 -0.07250661
0.9910498 -0.1091098 0.07691205
0.9873844 -0.1275352 0.093844
0.981402 -0.177744 0.07250661
0.9927902 -0.1170764 0.02570242
0.8337237 -0.5257482 0.1688007
0.84759 -0.4970836 0.1857395
0.836171 -0.483757 0.2584516
0.7937011 -0.5714501 0.2085271
0.8021702 -0.4445483 0.3986224
0.7798409 -0.4651282 0.4189318
0.7540127 -0.5287595 0.3897159
0.8209959 -0.4662074 0.3295703
0.6914436 -0.6463723 0.322659
0.6996954 -0.6547264 0.2859364
0.748917 -0.6146095 0.2477472
0.72456 -0.5892782 0.3574408
0.84759 -0.4970836 -0.1857395
0.8337237 -0.5257482 -0.1688007
0.7937011 -0.5714501 -0.2085271
0.8361712 -0.483757 -0.2584517
0.6996954 -0.6547264 -0.2859364
0.6914436 -0.6463723 -0.322659
0.72456 -0.5892782 -0.3574408
0.748917 -0.6146095 -0.2477472
0.7798409 -0.4651282 -0.4189318
0.8021702 -0.4445483 -0.3986224
0.8209959 -0.4662074 -0.3295703
0.7540127 -0.5287595 -0.3897159
0.960274 -0.01623949 -0.2785861
0.960274 0.01623949 -0.2785861
0.9725482 0.04631038 -0.228047
0.9725482 -0.04631038 -0.228047
0.9873844 0.093844 -0.1275352
0.9910498 0.07691205 -0.1091098
0.9927902 0.02570242 -0.1170764
0.981402 0.07250661 -0.177744
0.9910498 -0.07691205 -0.1091098
0.9873844 -0.093844 -0.1275352
0.981402 -0.07250661 -0.177744
0.9927902 -0.02570242 -0.1170764
0.8337237 -0.1688007 -0.5257482
0.84759 -0.1857395 -0.4970836
0.836171 -0.2584516 -0.483757
0.7937011 -0.2085271 -0.5714501
0.8021702 -0.3986224 -0.4445483
0.7798409 -0.4189318 -0.4651282
0.7540127 -0.3897159 -0.5287595
0.8209959 -0.3295703 -0.4662073
0.6914436 -0.322659 -0.6463723
0.6996954 -0.2859364 -0.6547264
0.748917 -0.2477472 -0.6146095
0.72456 -0.3574408 -0.5892782
0.84759 0.1857395 -0.4970836
0.8337237 0.1688007 -0.5257482
0.7937011 0.2085271 -0.5714501
0.836171 0.2584516 -0.4837569
0.6996954 0.2859364 -0.6547264
0.6914436 0.322659 -0.6463723
0.72456 0.3574408 -0.5892782
0.748917 0.2477472 -0.6146095
0.7798409 0.4189318 -0.4651282
0.8021702 0.3986224 -0.4445483
0.8209959 0.3295703 -0.4662073
0.7540127 0.3897159 -0.5287595
0.960274 0.2785861 -0.01623949
0.960274 0.2785861 0.01623949
0.9725482 0.228047 0.04631038
0.9725482 0.228047 -0.04631038
0.9873844 0.1275352 0.093844
0.9910498 0.1091098 0.07691205
0.9927902 0.1170764 0.02570242
0.981402 0.177744 0.07250661
0.9910498 0.1091098 -0.07691205
0.9873844 0.1275352 -0.093844
0.981402 0.177744 -0.07250661
0.9927902 0.1170764 -0.02570242
0.8337237 0.5257482 -0.1688007
0.84759 0.4970836 -0.1857395
0.836171 0.483757 -0.2584516
0.7937011 0.5714501 -0.2085271
0.8021702 0.4445483 -0.3986224
0.7798409 0.4651282 -0.4189318
0.7540127 0.5287595 -0.3897159
0.8209959 0.4662074 -0.3295703
0.6914436 0.6463723 -0.322659
0.6996954 0.6547264 -0.2859364
0.748917 0.6146095 -0.2477472
0.72456 0.5892782 -0.3574408
0.84759 0.4970836 0.1857395
0.8337237 0.5257482 0.1688007
0.7937011 0.5714501 0.2085271
0.8361712 0.483757 0.2584517
0.6996954 0.6547264 0.2859364
0.6914436 0.6463723 0.322659
0.72456 0.5892782 0.3574408
0.748917 0.6146095 0.2477472
0.7798409 0.4651282 0.4189318
0.8021702 0.4445483 0.3986224
0.8209959 0.4662074 0.3295703
0.7540127 0.5287595 0.3897159
0.2785861 -0.01623949 0.960274
0.2785861 0.01623949 0.960274
0.228047 0.04631037 0.9725481
0.228047 -0.04631037 0.9725481
0.1275352 0.093844 0.9873844
0.1091098 0.07691205 0.9910498
0.1170764 0.02570242 0.9927902
0.177744 0.07250661 0.981402
0.1091098 -0.07691205 0.9910498
0.1275352 -0.093844 0.9873844
0.177744 -0.07250661 0.981402
0.1170764 -0.02570242 0.9927902
0.5257482 -0.1688007 0.8337237
0.4970836 -0.1857395 0.84759
0.483757 -0.2584516 0.836171
0.5714501 -0.2085271 0.7937011
0.4445483 -0.3986224 0.8021702
0.4651282 -0.4189318 0.7798409
0.5287595 -0.3897159 0.7540127
0.4662073 -0.3295703 0.8209959
0.6463723 -0.322659 0.6914436
0.6547264 -0.2859364 0.6996954
0.6146095 -0.2477472 0.748917
0.5892782 -0.3574408 0.72456
0.4970836 0.1857395 0.84759
0.5257482 0.1688007 0.8337237
0.5714501 0.2085271 0.7937011
0.4837569 0.2584516 0.836171
0.6547264 0.2859364 0.6996954
0.6463723 0.322659 0.6914436
0.5892782 0.3574408 0.72456
0.6146095 0.2477472 0.748917
0.4651282 0.4189318 0.7798409
0.4445483 0.3986224 0.8021702
0.4662073 0.3295703 0.8209959
0.5287595 0.3897159 0.7540127
0.01623949 0.2785861 0.960274
-0.01623949 0.2785861 0.960274
-0.04631037 0.228047 0.9725481
0.04631037 0.228047 0.9725481
-0.093844 0.1275352 0.9873844
-0.07691205 0.1091098 0.9910498
-0.02570242 0.1170764 0.9927902
-0.07250661 0.177744 0.981402
0.07691205 0.1091098 0.9910498
0.093844 0.1275352 0.9873844
0.07250661 0.177744 0.981402
0.02570242 0.1170764 0.9927902
0.1688007 0.5257482 0.8337237
0.1857395 0.4970836 0.84759
0.2584516 0.483757 0.836171
0.2085271 0.5714501 0.7937011
0.3986224 0.4445483 0.8021702
0.4189318 0.4651282 0.7798409
0.3897159 0.5287595 0.7540127
0.3295703 0.4662073 0.8209959
0.322659 0.6463723 0.6914436
0.2859364 0.6547264 0.6996954
0.2477472 0.6146095 0.748917
0.3574408 0.5892782 0.72456
-0.1857395 0.4970836 0.84759
-0.1688007 0.5257482 0.8337237
-0.2085271 0.5714501 0.7937011
-0.2584516 0.4837569 0.836171
-0.2859364 0.6547264 0.6996954
-0.322659 0.6463723 0.6914436
-0.3574408 0.5892782 0.72456
-0.2477472 0.6146095 0.748917
-0.4189318 0.4651282 0.7798409
-0.3986224 0.4445483 0.8021702
-0.3295703 0.4662073 0.8209959
-0.3897159 0.5287595 0.7540127
-0.2785861 0.01623949 0.960274
-0.2785861 -0.01623949 0.960274
-0.228047 -0.04631037 0.9725481
-0.228047 0.04631037 0.9725481
-0.1275352 -0.093844 0.9873844
-0.1091098 -0.07691205 0.9910498
-0.1170764 -0.02570242 0.9927902
-0.177744 -0.07250661 0.981402
-0.1091098 0.07691205 0.9910498
-0.1275352 0.093844 0.9873844
-0.177744 0.07250661 0.981402
-0.1170764 0.02570242 0.9927902
-0.5257482 0.1688007 0.8337237
-0.4970836 0.1857395 0.84759
-0.483757 0.2584516 0.836171
-0.5714501 0.2085271 0.7937011
-0.4445483 0.3986224 0.8021702
-0.4651282 0.4189318 0.7798409
-0.5287595 0.3897159 0.7540127
-0.4662073 0.3295703 0.8209959
-0.6463723 0.322659 0.6914436
-0.6547264 0.2859364 0.6996954
-0.6146095 0.2477472 0.748917
-0.5892782 0.3574408 0.72456
-0.4970836 -0.1857395 0.84759
-0.5257482 -0.1688007 0.8337237
-0.5714501 -0.2085271 0.7937011
-0.4837569 -0.2584516 0.836171
-0.6547264 -0.2859364 0.6996954
-0.6463723 -0.322659 0.6914436
-0.5892782 -0.3574408 0.72456
-0.6146095 -0.2477472 0.748917
-0.4651282 -0.4189318 0.7798409
-0.4445483 -0.3986224 0.8021702
-0.4662073 -0.3295703 0.8209959
-0.5287595 -0.3897159 0.7540127
-0.01623949 -0.2785861 0.960274
0.01623949 -0.2785861 0.960274
0.04631037 -0.228047 0.9725481
-0.04631037 -0.228047 0.9725481
0.093844 -0.1275352 0.9873844
0.07691205 -0.1091098 0.9910498
0.02570242 -0.1170764 0.9927902
0.07250661 -0.177744 0.981402
-0.07691205 -0.1091098 0.9910498
-0.093844 -0.1275352 0.9873844
-0.07250661 -0.177744 0.981402
-0.02570242 -0.1170764 0.9927902
-0.1688007 -0.5257482 0.8337237
-0.1857395 -0.4970836 0.84759
-0.2584516 -0.483757 0.836171
-0.2085271 -0.5714501 0.7937011
-0.3986224 -0.4445483 0.8021702
-0.4189318 -0.4651282 0.7798409
-0.3897159 -0.5287595 0.7540127
-0.3295703 -0.4662073 0.8209959
-0.322659 -0.6463723 0.6914436
-0.2859364 -0.6547264 0.6996954
-0.2477472 -0.6146095 0.748917
-0.3574408 -0.5892782 0.72456
0.1857395 -0.4970836 0.84759
0.1688007 -0.5257482 0.8337237
0.2085271 -0.5714501 0.7937011
0.2584516 -0.4837569 0.836171
0.2859364 -0.6547264 0.6996954
0.322659 -0.6463723 0.6914436
0.3574408 -0.5892782 0.72456
0.2477472 -0.6146095 0.748917
0.4189318 -0.4651282 0.7798409
0.3986224 -0.4445483 0.8021702
0.3295703 -0.4662073 0.8209959
0.3897159 -0.5287595 0.7540127
-0.960274 0.01623949 -0.2785861
-0.960274 -0.01623949 -0.2785861
-0.9725482 -0.04631038 -0.228047
-0.9725482 0.04631038 -0.228047
-0.9873844 -0.093844 -0.1275352
-0.9910498 -0.07691205 -0.1091098
-0.9927902 -0.02570242 -0.1170764
-0.981402 -0.07250661 -0.177744
-0.9910498 0.07691205 -0.1091098
-0.9873844 0.093844 -0.1275352
-0.981402 0.07250661 -0.177744
-0.9927902 0.02570242 -0.1170764
-0.8337237 0.1688007 -0.5257482
-0.84759 0.1857395 -0.4970836
-0.836171 0.2584516 -0.483757
-0.7937011 0.2085271 -0.5714501
-0.8021702 0.3986224 -0.4445483
-0.7798409 0.4189318 -0.4651282
-0.7540127 0.3897159 -0.5287595
-0.8209959 0.3295703 -0.4662073
-0.6914436 0.322659 -0.6463723
-0.6996954 0.2859364 -0.6547264
-0.748917 0.2477472 -0.6146095
-0.72456 0.3574408 -0.5892782
-0.84759 -0.1857395 -0.4970836
-0.8337237 -0.1688007 -0.5257482
-0.7937011 -0.2085271 -0.5714501
-0.836171 -0.2584516 -0.4837569
-0.6996954 -0.2859364 -0.6547264
-0.6914436 -0.322659 -0.6463723
-0.72456 -0.3574408 -0.5892782
-0.748917 -0.2477472 -0.6146095
-0.7798409 -0.4189318 -0.4651282
-0.8021702 -0.3986224 -0.4445483
-0.8209959 -0.3295703 -0.4662073
-0.7540127 -0.3897159 -0.5287595
-0.960274 -0.2785861 -0.01623949
-0.960274 -0.2785861 0.01623949
-0.9725482 -0.228047 0.04631038
-0.9725482 -0.228047 -0.04631038
-0.9873844 -0.1275352 0.093844
-0.9910498 -0.1091098 0.07691205
-0.9927902 -0.1170764 0.02570242
-0.981402 -0.177744 0.07250661
-0.9910498 -0.1091098 -0.07691205
-0.9873844 -0.1275352 -0.093844
-0.981402 -0.177744 -0.07250661
-0.9927902 -0.1170764 -0.02570242
-0.8337237 -0.5257482 -0.1688007
-0.84759 -0.4970836 -0.1857395
-0.836171 -0.483757 -0.2584516
-0.7937011 -0.5714501 -0.2085271
-0.8021702 -0.4445483 -0.3986224
-0.7798409 -0.4651282 -0.4189318
-0.7540127 -0.5287595 -0.3897159
-0.8209959 -0.4662074 -0.3295703
-0.6914436 -0.6463723 -0.322659
-0.6996954 -0.6547264 -0.2859364
-0.748917 -0.6146095 -0.2477472
-0.72456 -0.5892782 -0.3574408
-0.84759 -0.4970836 0.1857395
-0.8337237 -0.5257482 0.1688007
-0.7937011 -0.5714501 0.2085271
-0.8361712 -0.483757 0.2584517
-0.6996954 -0.6547264 0.2859364
-0.6914436 -0.6463723 0.322659
-0.72456 -0.5892782 0.3574408
-0.748917 -0.6146095 0.2477472
-0.7798409 -0.4651282 0.4189318
-0.8021702 -0.4445483 0.3986224
-0.8209959 -0.4662074 0.3295703
-0.7540127 -0.5287595 0.3897159
-0.960274 -0.01623949 0.2785861
-0.960274 0.01623949 0.2785861
-0.9725482 0.04631038 0.228047
-0.9725482 -0.04631038 0.228047
-0.9873844 0.093844 0.1275352
-0.9910498 0.07691205 0.1091098
-0.9927902 0.02570242 0.1170764
-0.981402 0.07250661 0.177744
-0.9910498 -0.07691205 0.1091098
-0.9873844 -0.093844 0.1275352
-0.981402 -0.07250661 0.177744
-0.9927902 -0.02570242 0.1170764
-0.8337237 -0.1688007 0.5257482
-0.84759 -0.1857395 0.4970836
-0.836171 -0.2584516 0.483757
-0.7937011 -0.2085271 0.5714501
-0.8021702 -0.3986224 0.4445483
-0.7798409 -0.4189318 0.4651282
-0.7540127 -0.3897159 0.5287595
-0.8209959 -0.3295703 0.4662073
-0.6914436 -0.322659 0.6463723
-0.6996954 -0.2859364 0.6547264
-0.748917 -0.2477472 0.6146095
-0.72456 -0.3574408 0.5892782
-0.84759 0.1857395 0.4970836
-0.8337237 0.1688007 0.5257482
-0.7937011 0.2085271 0.5714501
-0.836171 0.2584516 0.4837569
-0.6996954 0.2859364 0.6547264
-0.6914436 0.322659 0.6463723
-0.72456 0.3574408 0.5892782
-0.748917 0.2477472 0.6146095
-0.7798409 0.4189318 0.4651282
-0.8021702 0.3986224 0.4445483
-0.8209959 0.3295703 0.4662073
-0.7540127 0.3897159 0.5287595
-0.960274 0.2785861 0.01623949
-0.960274 0.2785861 -0.01623949
-0.9725482 0.228047 -0.04631038
-0.9725482 0.228047 0.04631038
-0.9873844 0.1275352 -0.093844
-0.9910498 0.1091098 -0.07691205
-0.9927902 0.1170764 -0.02570242
-0.981402 0.177744 -0.07250661
-0.9910498 0.1091098 0.07691205
-0.9873844 0.1275352 0.093844
-0.981402 0.177744 0.07250661
-0.9927902 0.1170764 0.02570242
-0.8337237 0.5257482 0.1688007
-0.84759 0.4970836 0.1857395
-0.836171 0.483757 0.2584516
-0.7937011 0.5714501 0.2085271
-0.8021702 0.4445483 0.3986224
-0.7798409 0.4651282 0.4189318
-0.7540127 0.5287595 0.3897159
-0.8209959 0.4662074 0.3295703
-0.6914436 0.6463723 0.322659
-0.6996954 0.6547264 0.2859364
-0.748917 0.6146095 0.2477472
-0.72456 0.5892782 0.3574408
-0.84759 0.4970836 -0.1857395
-0.8337237 0.5257482 -0.1688007
-0.7937011 0.5714501 -0.2085271
-0.8361712 0.483757 -0.2584517
-0.6996954 0.6547264 -0.2859364
-0.6914436 0.6463723 -0.322659
-0.72456 0.5892782 -0.3574408
-0.748917 0.6146095 -0.2477472
-0.7798409 0.4651282 -0.4189318
-0.8021702 0.4445483 -0.3986224
-0.8209959 0.4662074 -0.3295703
-0.7540127 0.5287595 -0.3897159
-0.01623949 0.960274 0.2785861
0.01623949 0.960274 0.2785861
0.04631038 0.9725482 0.228047
-0.04631038 0.9725482 0.228047
0.093844 0.9873844 0.1275352
0.07691205 0.9910498 0.1091098
0.02570242 0.9927902 0.1170764
0.07250661 0.981402 0.177744
-0.07691205 0.9910498 0.1091098
-0.093844 0.9873844 0.1275352
-0.07250661 0.981402 0.177744
-0.02570242 0.9927902 0.1170764
-0.1688007 0.8337237 0.5257482
-0.1857395 0.84759 0.4970836
-0.2584516 0.836171 0.483757
-0.2085271 0.7937011 0.5714501
-0.3986224 0.8021702 0.4445483
-0.4189318 0.7798409 0.4651282
-0.3897159 0.7540127 0.5287595
-0.3295703 0.8209959 0.4662073
-0.322659 0.6914436 0.6463723
-0.2859364 0.6996954 0.6547264
-0.2477472 0.748917 0.6146095
-0.3574408 0.72456 0.5892782
0.1857395 0.84759 0.4970836
0.1688007 0.8337237 0.5257482
0.2085271 0.7937011 0.5714501
0.2584516 0.836171 0.4837569
0.2859364 0.6996954 0.6547264
0.322659 0.6914436 0.6463723
0.3574408 0.72456 0.5892782
0.2477472 0.748917 0.6146095
0.4189318 0.7798409 0.4651282
0.3986224 0.8021702 0.4445483
0.3295703 0.8209959 0.4662073
0.3897159 0.7540127 0.5287595
0.2785861 0.960274 0.01623949
0.2785861 0.960274 -0.01623949
0.228047 0.9725482 -0.04631038
0.228047 0.9725482 0.04631038
0.1275352 0.9873844 -0.093844
0.1091098 0.9910498 -0.07691205
0.1170764 0.9927902 -0.02570242
0.177744 0.981402 -0.07250661
0.1091098 0.9910498 0.07691205
0.1275352 0.9873844 0.093844
0.177744 0.981402 0.07250661
0.1170764 0.9927902 0.02570242
0.5257482 0.8337237 0.1688007
0.4970836 0.84759 0.1857395
0.483757 0.836171 0.2584516
0.5714501 0.7937011 0.2085271
0.4445483 0.8021702 0.3986224
0.4651282 0.7798409 0.4189318
0.5287595 0.7540127 0.3897159
0.4662074 0.8209959 0.3295703
0.6463723 0.6914436 0.322659
0.6547264 0.6996954 0.2859364
0.6146095 0.748917 0.2477472
0.5892782 0.72456 0.3574408
0.4970836 0.84759 -0.1857395
0.5257482 0.8337237 -0.1688007
0.5714501 0.7937011 -0.2085271
0.483757 0.8361712 -0.2584517
0.6547264 0.6996954 -0.2859364
0.6463723 0.6914436 -0.322659
0.5892782 0.72456 -0.3574408
0.6146095 0.748917 -0.2477472
0.4651282 0.7798409 -0.4189318
0.4445483 0.8021702 -0.3986224
0.4662074 0.8209959 -0.3295703
0.5287595 0.7540127 -0.3897159
0.01623949 0.960274 -0.2785861
-0.01623949 0.960274 -0.2785861
-0.04631038 0.9725482 -0.228047
0.04631038 0.9725482 -0.228047
-0.093844 0.9873844 -0.1275352
-0.07691205 0.9910498 -0.1091098
-0.02570242 0.9927902 -0.1170764
-0.07250661 0.981402 -0.177744
0.07691205 0.9910498 -0.1091098
0.093844 0.9873844 -0.1275352
0.07250661 0.981402 -0.177744
0.02570242 0.9927902 -0.1170764
0.1688007 0.8337237 -0.5257482
0.1857395 0.84759 -0.4970836
0.2584516 0.836171 -0.483757
0.2085271 0.7937011 -0.5714501
0.3986224 0.8021702 -0.4445483
0.4189318 0.7798409 -0.4651282
0.3897159 0.7540127 -0.5287595
0.3295703 0.8209959 -0.4662073
0.322659 0.6914436 -0.6463723
0.2859364 0.6996954 -0.6547264
0.2477472 0.748917 -0.6146095
0.3574408 0.72456 -0.5892782
-0.1857395 0.84759 -0.4970836
-0.1688007 0.8337237 -0.5257482
-0.2085271 0.7937011 -0.5714501
-0.2584516 0.836171 -0.4837569
-0.2859364 0.6996954 -0.6547264
-0.322659 0.6914436 -0.6463723
-0.3574408 0.72456 -0.5892782
-0.2477472 0.748917 -0.6146095
-0.4189318 0.7798409 -0.4651282
-0.3986224 0.8021702 -0.4445483
-0.3295703 0.8209959 -0.4662073
-0.3897159 0.7540127 -0.5287595
-0.2785861 0.960274 -0.01623949
-0.2785861 0.960274 0.01623949
-0.228047 0.9725482 0.04631038
-0.228047 0.9725482 -0.04631038
-0.1275352 0.9873844 0.093844
-0.1091098 0.9910498 0.07691205
-0.1170764 0.9927902 0.02570242
-0.177744 0.981402 0.07250661
-0.1091098 0.9910498 -0.07691205
-0.1275352 0.9873844 -0.093844
-0.177744 0.981402 -0.07250661
-0.1170764 0.9927902 -0.02570242
-0.5257482 0.8337237 -0.1688007
-0.4970836 0.84759 -0.1857395
-0.483757 0.836171 -0.2584516
-0.5714501 0.7937011 -0.2085271
-0.4445483 0.8021702 -0.3986224
-0.4651282 0.7798409 -0.4189318
-0.5287595 0.7540127 -0.3897159
-0.4662074 0.8209959 -0.3295703
-0.6463723 0.6914436 -0.322659
-0.6547264 0.6996954 -0.2859364
-0.6146095 0.748917 -0.2477472
-0.5892782 0.72456 -0.3574408
-0.4970836 0.84759 0.1857395
-0.5257482 0.8337237 0.1688007
-0.5714501 0.7937011 0.2085271
-0.483757 0.8361712 0.2584517
-0.6547264 0.6996954 0.2859364
-0.6463723 0.6914436 0.322659
-0.5892782 0.72456 0.3574408
-0.6146095 0.748917 0.2477472
-0.4651282 0.7798409 0.4189318
-0.4445483 0.8021702 0.3986224
-0.4662074 0.8209959 0.3295703
-0.5287595 0.7540127 0.3897159
-0.01623949 -0.960274 -0.2785861
0.01623949 -0.960274 -0.2785861
0.04631038 -0.9725482 -0.228047
-0.04631038 -0.9725482 -0.228047
0.093844 -0.9873844 -0.1275352
0.07691205 -0.9910498 -0.1091098
0.02570242 -0.9927902 -0.1170764
0.07250661 -0.981402 -0.177744
-0.07691205 -0.9910498 -0.1091098
-0.093844 -0.9873844 -0.1275352
-0.07250661 -0.981402 -0.177744
-0.02570242 -0.9927902 -0.1170764
-0.1688007 -0.8337237 -0.5257482
-0.1857395 -0.84759 -0.4970836
-0.2584516 -0.836171 -0.483757
-0.2085271 -0.7937011 -0.5714501
-0.3986224 -0.8021702 -0.4445483
-0.4189318 -0.7798409 -0.4651282
-0.3897159 -0.7540127 -0.5287595
-0.3295703 -0.8209959 -0.4662073
-0.322659 -0.6914436 -0.6463723
-0.2859364 -0.6996954 -0.6547264
-0.2477472 -0.748917 -0.6146095
-0.3574408 -0.72456 -0.5892782
0.1857395 -0.84759 -0.4970836
0.1688007 -0.8337237 -0.5257482
0.2085271 -0.7937011 -0.5714501
0.2584516 -0.836171 -0.4837569
0.2859364 -0.6996954 -0.6547264
0.322659 -0.6914436 -0.6463723
0.3574408 -0.72456 -0.5892782
0.2477472 -0.748917 -0.6146095
0.4189318 -0.7798409 -0.4651282
0.3986224 -0.8021702 -0.4445483
0.3295703 -0.8209959 -0.4662073
0.3897159 -0.7540127 -0.5287595
0.2785861 -0.960274 -0.01623949
0.2785861 -0.960274 0.01623949
0.228047 -0.9725482 0.04631038
0.228047 -0.9725482 -0.04631038
0.1275352 -0.9873844 0.093844
0.1091098 -0.9910498 0.07691205
0.1170764 -0.9927902 0.02570242
0.177744 -0.981402 0.07250661
0.1091098 -0.9910498 -0.07691205
0.1275352 -0.9873844 -0.093844
0.177744 -0.981402 -0.07250661
0.1170764 -0.9927902 -0.02570242
0.5257482 -0.8337237 -0.1688007
0.4970836 -0.84759 -0.1857395
0.483757 -0.836171 -0.2584516
0.5714501 -0.7937011 -0.2085271
0.4445483 -0.8021702 -0.3986224
0.4651282 -0.7798409 -0.4189318
0.5287595 -0.7540127 -0.3897159
0.4662074 -0.8209959 -0.3295703
0.6463723 -0.6914436 -0.322659
0.6547264 -0.6996954 -0.2859364
0.6146095 -0.748917 -0.2477472
0.5892782 -0.72456 -0.3574408
0.4970836 -0.84759 0.1857395
0.5257482 -0.8337237 0.1688007
0.5714501 -0.7937011 0.2085271
0.483757 -0.8361712 0.2584517
0.6547264 -0.6996954 0.2859364
0.6463723 -0.6914436 0.322659
0.5892782 -0.72456 0.3574408
0.6146095 -0.748917 0.2477472
0.4651282 -0.7798409 0.4189318
0.4445483 -0.8021702 0.3986224
0.4662074 -0.8209959 0.3295703
0.5287595 -0.7540127 0.3897159
0.01623949 -0.960274 0.2785861
-0.01623949 -0.960274 0.2785861
-0.04631038 -0.9725482 0.228047
0.04631038 -0.9725482 0.228047
-0.093844 -0.9873844 0.1275352
-0.07691205 -0.9910498 0.1091098
-0.02570242 -0.9927902 0.1170764
-0.07250661 -0.981402 0.177744
0.07691205 -0.9910498 0.1091098
0.093844 -0.9873844 0.1275352
0.07250661 -0.981402 0.177744
0.02570242 -0.9927902 0.1170764
0.1688007 -0.8337237 0.5257482
0.1857395 -0.84759 0.4970836
0.2584516 -0.836171 0.483757
0.2085271 -0.7937011 0.5714501
0.3986224 -0.8021702 0.4445483
0.4189318 -0.7798409 0.4651282
0.3897159 -0.7540127 0.5287595
0.3295703 -0.8209959 0.4662073
0.322659 -0.6914436 0.6463723
0.2859364 -0.6996954 0.6547264
0.2477472 -0.748917 0.6146095
0.3574408 -0.72456 0.5892782
-0.1857395 -0.84759 0.4970836
-0.1688007 -0.8337237 0.5257482
-0.2085271 -0.7937011 0.5714501
-0.2584516 -0.836171 0.4837569
-0.2859364 -0.6996954 0.6547264
-0.322659 -0.6914436 0.6463723
-0.3574408 -0.72456 0.5892782
-0.2477472 -0.748917 0.6146095
-0.4189318 -0.7798409 0.4651282
-0.3986224 -0.8021702 0.4445483
-0.3295703 -0.8209959 0.4662073
-0.3897159 -0.7540127 0.5287595
-0.2785861 -0.960274 0.01623949
-0.2785861 -0.960274 -0.01623949
-0.228047 -0.9725482 -0.04631038
-0.228047 -0.9725482 0.04631038
-0.1275352 -0.9873844 -0.093844
-0.1091098 -0.9910498 -0.07691205
-0.1170764 -0.9927902 -0.02570242
-0.177744 -0.981402 -0.07250661
-0.1091098 -0.9910498 0.07691205
-0.1275352 -0.9873844 0.093844
-0.177744 -0.981402 0.07250661
-0.1170764 -0.9927902 0.02570242
-0.5257482 -0.8337237 0.1688007
-0.4970836 -0.84759 0.1857395
-0.483757 -0.836171 0.2584516
-0.5714501 -0.7937011 0.2085271
-0.4445483 -0.8021702 0.3986224
-0.4651282 -0.7798409 0.4189318
-0.5287595 -0.7540127 0.3897159
-0.4662074 -0.8209959 0.3295703
-0.6463723 -0.6914436 0.322659
-0.6547264 -0.6996954 0.2859364
-0.6146095 -0.748917 0.2477472
-0.5892782 -0.72456 0.3574408
-0.4970836 -0.84759 -0.1857395
-0.5257482 -0.8337237 -0.1688007
-0.5714501 -0.7937011 -0.2085271
-0.483757 -0.8361712 -0.2584517
-0.6547264 -0.6996954 -0.2859364
-0.6463723 -0.6914436 -0.322659
-0.5892782 -0.72456 -0.3574408
-0.6146095 -0.748917 -0.2477472
-0.4651282 -0.7798409 -0.4189318
-0.4445483 -0.8021702 -0.3986224
-0.4662074 -0.8209959 -0.3295703
-0.5287595 -0.7540127 -0.3897159
-0.6843178 -0.01935047 -0.7289271
-0.6843178 0.01935047 -0.7289271
-0.6360336 0.05778223 -0.7694949
-0.6360337 -0.05778223 -0.7694949
-0.5301963 0.1315584 -0.8376062
-0.5845069 0.09538051 -0.8057631
-0.5301963 -0.1315584 -0.8376062
-0.5845069 -0.09538051 -0.8057631
-0.2928643 0.2505693 -0.9227381
-0.2711398 0.2295887 -0.9347579
-0.286992 0.1649688 -0.9436212
-0.3546531 0.2257811 -0.9073281
-0.3032066 0.03319048 -0.9523466
-0.2977616 0.09937433 -0.9494539
-0.4735441 0.1657292 -0.8650374
-0.4149339 0.1973209 -0.8881971
-0.2711398 -0.2295887 -0.9347579
-0.2928643 -0.2505693 -0.9227381
-0.3546531 -0.2257811 -0.9073281
-0.286992 -0.1649688 -0.9436212
-0.4735442 -0.1657292 -0.8650374
-0.4149339 -0.1973209 -0.8881971
-0.3032066 -0.03319048 -0.9523466
-0.2977616 -0.09937433 -0.9494539
-0.01935047 0.6843178 -0.7289271
0.01935047 0.6843178 -0.7289271
0.05778223 0.6360336 -0.7694949
-0.05778223 0.6360337 -0.7694949
0.1315584 0.5301963 -0.8376062
0.09538051 0.5845069 -0.8057631
-0.1315584 0.5301963 -0.8376062
-0.09538051 0.5845069 -0.8057631
0.2505693 0.2928643 -0.9227381
0.2295887 0.2711398 -0.9347579
0.1649688 0.286992 -0.9436212
0.2257811 0.3546531 -0.9073281
0.03319048 0.3032066 -0.9523466
0.09937433 0.2977616 -0.9494539
0.1657292 0.4735441 -0.8650374
0.1973209 0.4149339 -0.8881971
-0.2295887 0.2711398 -0.9347579
-0.2505693 0.2928643 -0.9227381
-0.2257811 0.3546531 -0.9073281
-0.1649688 0.286992 -0.9436212
-0.1657292 0.4735442 -0.8650374
-0.1973209 0.4149339 -0.8881971
-0.03319048 0.3032066 -0.9523466
-0.09937433 0.2977616 -0.9494539
0.6843178 0.01935047 -0.7289271
0.6843178 -0.01935047 -0.7289271
0.6360336 -0.05778223 -0.7694949
0.6360337 0.05778223 -0.7694949
0.5301963 -0.1315584 -0.8376062
0.5845069 -0.09538051 -0.8057631
0.5301963 0.1315584 -0.8376062
0.5845069 0.09538051 -0.8057631
0.2928643 -0.2505693 -0.9227381
0.2711398 -0.2295887 -0.9347579
0.286992 -0.1649688 -0.9436212
0.3546531 -0.2257811 -0.9073281
0.3032066 -0.03319048 -0.9523466
0.2977616 -0.09937433 -0.9494539
0.4735441 -0.1657292 -0.8650374
0.4149339 -0.1973209 -0.8881971
0.2711398 0.2295887 -0.9347579
0.2928643 0.2505693 -0.9227381
0.3546531 0.2257811 -0.9073281
0.286992 0.1649688 -0.9436212
0.4735442 0.1657292 -0.8650374
0.4149339 0.1973209 -0.8881971
0.3032066 0.03319048 -0.9523466
0.2977616 0.09937433 -0.9494539
0.01935047 -0.6843178 -0.7289271
-0.01935047 -0.6843178 -0.7289271
-0.05778223 -0.6360336 -0.7694949
0.05778223 -0.6360337 -0.7694949
-0.1315584 -0.5301963 -0.8376062
-0.09538051 -0.5845069 -0.8057631
0.1315584 -0.5301963 -0.8376062
0.09538051 -0.5845069 -0.8057631
-0.2505693 -0.2928643 -0.9227381
-0.2295887 -0.2711398 -0.9347579
-0.1649688 -0.286992 -0.9436212
-0.2257811 -0.3546531 -0.9073281
-0.03319048 -0.3032066 -0.9523466
-0.09937433 -0.2977616 -0.9494539
-0.1657292 -0.4735441 -0.8650374
-0.1973209 -0.4149339 -0.8881971
0.2295887 -0.2711398 -0.9347579
0.2505693 -0.2928643 -0.9227381
0.2257811 -0.3546531 -0.9073281
0.1649688 -0.286992 -0.9436212
0.1657292 -0.4735442 -0.8650374
0.1973209 -0.4149339 -0.8881971
0.03319048 -0.3032066 -0.9523466
0.09937433 -0.2977616 -0.9494539
0.7289271 0.01935047 0.6843178
0.7289271 -0.01935047 0.6843178
0.7694949 -0.05778223 0.6360336
0.7694949 0.05778223 0.6360337
0.8376062 -0.1315584 0.5301963
0.8057631 -0.09538051 0.5845069
0.8376062 0.1315584 0.5301963
0.8057631 0.09538051 0.5845069
0.9227381 -0.2505693 0.2928643
0.9347579 -0.2295887 0.2711398
0.9436212 -0.1649688 0.286992
0.9073281 -0.2257811 0.3546531
0.9523467 -0.03319048 0.3032066
0.9494539 -0.09937433 0.2977616
0.8650375 -0.1657292 0.4735442
0.8881971 -0.1973209 0.4149339
0.9347579 0.2295887 0.2711398
0.9227381 0.2505693 0.2928643
0.9073281 0.2257811 0.3546531
0.9436212 0.1649688 0.286992
0.8650374 0.1657292 0.4735442
0.8881971 0.1973209 0.4149339
0.9523467 0.03319048 0.3032066
0.9494539 0.09937433 0.2977616
0.7289271 -0.6843178 0.01935047
0.7289271 -0.6843178 -0.01935047
0.7694949 -0.6360336 -0.05778223
0.7694949 -0.6360337 0.05778223
0.8376062 -0.5301963 -0.1315584
0.8057631 -0.5845069 -0.09538051
0.8376062 -0.5301963 0.1315584
0.8057631 -0.5845069 0.09538051
0.9227381 -0.2928643 -0.2505693
0.9347579 -0.2711398 -0.2295887
0.9436212 -0.286992 -0.1649688
0.9073281 -0.3546531 -0.2257811
0.9523466 -0.3032066 -0.03319048
0.9494539 -0.2977616 -0.09937433
0.8650375 -0.4735442 -0.1657292
0.8881971 -0.4149339 -0.1973209
0.9347579 -0.2711398 0.2295887
0.9227381 -0.2928643 0.2505693
0.9073281 -0.3546531 0.2257811
0.9436212 -0.286992 0.1649688
0.8650374 -0.4735442 0.1657292
0.8881971 -0.4149339 0.1973209
0.9523466 -0.3032066 0.03319048
0.9494539 -0.2977616 0.09937433
0.7289271 -0.01935047 -0.6843178
0.7289271 0.01935047 -0.6843178
0.7694949 0.05778223 -0.6360336
0.7694949 -0.05778223 -0.6360337
0.8376062 0.1315584 -0.5301963
0.8057631 0.09538051 -0.5845069
0.8376062 -0.1315584 -0.5301963
0.8057631 -0.09538051 -0.5845069
0.9227381 0.2505693 -0.2928643
0.9347579 0.2295887 -0.2711398
0.9436212 0.1649688 -0.286992
0.9073281 0.2257811 -0.3546531
0.9523467 0.03319048 -0.3032066
0.9494539 0.09937433 -0.2977616
0.8650375 0.1657292 -0.4735442
0.8881971 0.1973209 -0.4149339
0.9347579 -0.2295887 -0.2711398
0.9227381 -0.2505693 -0.2928643
0.9073281 -0.2257811 -0.3546531
0.9436212 -0.1649688 -0.286992
0.8650374 -0.1657292 -0.4735442
0.8881971 -0.1973209 -0.4149339
0.9523467 -0.03319048 -0.3032066
0.9494539 -0.09937433 -0.2977616
0.7289271 0.6843178 -0.01935047
0.7289271 0.6843178 0.01935047
0.7694949 0.6360336 0.05778223
0.7694949 0.6360337 -0.05778223
0.8376062 0.5301963 0.1315584
0.8057631 0.5845069 0.09538051
0.8376062 0.5301963 -0.1315584
0.8057631 0.5845069 -0.09538051
0.9227381 0.2928643 0.2505693
0.9347579 0.2711398 0.2295887
0.9436212 0.286992 0.1649688
0.9073281 0.3546531 0.2257811
0.9523466 0.3032066 0.03319048
0.9494539 0.2977616 0.09937433
0.8650375 0.4735442 0.1657292
0.8881971 0.4149339 0.1973209
0.9347579 0.2711398 -0.2295887
0.9227381 0.2928643 -0.2505693
0.9073281 0.3546531 -0.2257811
0.9436212 0.286992 -0.1649688
0.8650374 0.4735442 -0.1657292
0.8881971 0.4149339 -0.1973209
0.9523466 0.3032066 -0.03319048
0.9494539 0.2977616 -0.09937433
0.6843178 -0.01935047 0.7289271
0.6843178 0.01935047 0.7289271
0.6360336 0.05778223 0.7694949
0.6360337 -0.05778223 0.7694949
0.5301963 0.1315584 0.8376062
0.5845069 0.09538051 0.8057631
0.5301963 -0.1315584 0.8376062
0.5845069 -0.09538051 0.8057631
0.2928643 0.2505693 0.9227381
0.2711398 0.2295887 0.9347579
0.286992 0.1649688 0.9436212
0.3546531 0.2257811 0.9073281
0.3032066 0.03319048 0.9523466
0.2977616 0.09937433 0.9494539
0.4735441 0.1657292 0.8650374
0.4149339 0.1973209 0.8881971
0.2711398 -0.2295887 0.9347579
0.2928643 -0.2505693 0.9227381
0.3546531 -0.2257811 0.9073281
0.286992 -0.1649688 0.9436212
0.4735442 -0.1657292 0.8650374
0.4149339 -0.1973209 0.8881971
0.3032066 -0.03319048 0.9523466
0.2977616 -0.09937433 0.9494539
0.01935047 0.6843178 0.7289271
-0.01935047 0.6843178 0.7289271
-0.05778223 0.6360336 0.7694949
0.05778223 0.6360337 0.7694949
-0.1315584 0.5301963 0.8376062
-0.09538051 0.5845069 0.8057631
0.1315584 0.5301963 0.8376062
0.09538051 0.5845069 0.8057631
-0.2505693 0.2928643 0.9227381
-0.2295887 0.2711398 0.9347579
-0.1649688 0.286992 0.9436212
-0.2257811 0.3546531 0.9073281
-0.03319048 0.3032066 0.9523466
-0.09937433 0.2977616 0.9494539
-0.1657292 0.4735441 0.8650374
-0.1973209 0.4149339 0.8881971
0.2295887 0.2711398 0.9347579
0.2505693 0.2928643 0.9227381
0.2257811 0.3546531 0.9073281
0.1649688 0.286992 0.9436212
0.1657292 0.4735442 0.8650374
0.1973209 0.4149339 0.8881971
0.03319048 0.3032066 0.9523466
0.09937433 0.2977616 0.9494539
-0.6843178 0.01935047 0.7289271
-0.6843178 -0.01935047 0.7289271
-0.6360336 -0.05778223 0.7694949
-0.6360337 0.05778223 0.7694949
-0.5301963 -0.1315584 0.8376062
-0.5845069 -0.09538051 0.8057631
-0.5301963 0.1315584 0.8376062
-0.5845069 0.09538051 0.8057631
-0.2928643 -0.2505693 0.9227381
-0.2711398 -0.2295887 0.9347579
-0.286992 -0.1649688 0.9436212
-0.3546531 -0.2257811 0.9073281
-0.3032066 -0.03319048 0.9523466
-0.2977616 -0.09937433 0.9494539
-0.4735441 -0.1657292 0.8650374
-0.4149339 -0.1973209 0.8881971
-0.2711398 0.2295887 0.9347579
-0.2928643 0.2505693 0.9227381
-0.3546531 0.2257811 0.9073281
-0.286992 0.1649688 0.9436212
-0.4735442 0.1657292 0.8650374
-0.4149339 0.1973209 0.8881971
-0.3032066 0.03319048 0.9523466
-0.2977616 0.09937433 0.9494539
-0.01935047 -0.6843178 0.7289271
0.01935047 -0.6843178 0.7289271
0.05778223 -0.6360336 0.7694949
-0.05778223 -0.6360337 0.7694949
0.1315584 -0.5301963 0.8376062
0.09538051 -0.5845069 0.8057631
-0.1315584 -0.5301963 0.8376062
-0.09538051 -0.5845069 0.8057631
0.2505693 -0.2928643 0.9227381
0.2295887 -0.2711398 0.9347579
0.1649688 -0.286992 0.9436212
0.2257811 -0.3546531 0.9073281
0.03319048 -0.3032066 0.9523466
0.09937433 -0.2977616 0.9494539
0.1657292 -0.4735441 0.8650374
0.1973209 -0.4149339 0.8881971
-0.2295887 -0.2711398 0.9347579
-0.2505693 -0.2928643 0.9227381
-0.2257811 -0.3546531 0.9073281
-0.1649688 -0.286992 0.9436212
-0.1657292 -0.4735442 0.8650374
-0.1973209 -0.4149339 0.8881971
-0.03319048 -0.3032066 0.9523466
-0.09937433 -0.2977616 0.9494539
-0.7289271 0.01935047 -0.6843178
-0.7289271 -0.01935047 -0.6843178
-0.7694949 -0.05778223 -0.6360336
-0.7694949 0.05778223 -0.6360337
-0.8376062 -0.1315584 -0.5301963
-0.8057631 -0.09538051 -0.5845069
-0.8376062 0.1315584 -0.5301963
-0.8057631 0.09538051 -0.5845069
-0.9227381 -0.2505693 -0.2928643
-0.9347579 -0.2295887 -0.2711398
-0.9436212 -0.1649688 -0.286992
-0.9073281 -0.2257811 -0.3546531
-0.9523467 -0.03319048 -0.3032066
-0.9494539 -0.09937433 -0.2977616
-0.8650375 -0.1657292 -0.4735442
-0.8881971 -0.1973209 -0.4149339
-0.9347579 0.2295887 -0.2711398
-0.9227381 0.2505693 -0.2928643
-0.9073281 0.2257811 -0.3546531
-0.9436212 0.1649688 -0.286992
-0.8650374 0.1657292 -0.4735442
-0.8881971 0.1973209 -0.4149339
-0.9523467 0.03319048 -0.3032066
-0.9494539 0.09937433 -0.2977616
-0.7289271 -0.6843178 -0.01935047
-0.7289271 -0.6843178 0.01935047
-0.7694949 -0.6360336 0.05778223
-0.7694949 -0.6360337 -0.05778223
-0.8376062 -0.5301963 0.1315584
-0.8057631 -0.5845069 0.09538051
-0.8376062 -0.5301963 -0.1315584
-0.8057631 -0.5845069 -0.09538051
-0.9227381 -0.2928643 0.2505693
-0.9347579 -0.2711398 0.2295887
-0.9436212 -0.286992 0.1649688
-0.9073281 -0.3546531 0.2257811
-0.9523466 -0.3032066 0.03319048
-0.9494539 -0.2977616 0.09937433
-0.8650375 -0.4735442 0.1657292
-0.8881971 -0.4149339 0.1973209
-0.9347579 -0.2711398 -0.2295887
-0.9227381 -0.2928643 -0.2505693
-0.9073281 -0.3546531 -0.2257811
-0.9436212 -0.286992 -0.1649688
-0.8650374 -0.4735442 -0.1657292
-0.8881971 -0.4149339 -0.1973209
-0.9523466 -0.3032066 -0.03319048
-0.9494539 -0.2977616 -0.09937433
-0.7289271 -0.01935047 0.6843178
-0.7289271 0.01935047 0.6843178
-0.7694949 0.05778223 0.6360336
-0.7694949 -0.05778223 0.6360337
-0.8376062 0.1315584 0.5301963
-0.8057631 0.09538051 0.5845069
-0.8376062 -0.1315584 0.5301963
-0.8057631 -0.09538051 0.5845069
-0.9227381 0.2505693 0.2928643
-0.9347579 0.2295887 0.2711398
-0.9436212 0.1649688 0.286992
-0.9073281 0.2257811 0.3546531
-0.9523467 0.03319048 0.3032066
-0.9494539 0.09937433 0.2977616
-0.8650375 0.1657292 0.4735442
-0.8881971 0.1973209 0.4149339
-0.9347579 -0.2295887 0.2711398
-0.9227381 -0.2505693 0.2928643
-0.9073281 -0.2257811 0.3546531
-0.9436212 -0.1649688 0.286992
-0.8650374 -0.1657292 0.4735442
-0.8881971 -0.1973209 0.4149339
-0.9523467 -0.03319048 0.3032066
-0.9494539 -0.09937433 0.2977616
-0.7289271 0.6843178 0.01935047
-0.7289271 0.6843178 -0.01935047
-0.7694949 0.6360336 -0.05778223
-0.7694949 0.6360337 0.05778223
-0.8376062 0.5301963 -0.1315584
-0.8057631 0.5845069 -0.09538051
-0.8376062 0.5301963 0.1315584
-0.8057631 0.5845069 0.09538051
-0.9227381 0.2928643 -0.2505693
-0.9347579 0.2711398 -0.2295887
-0.9436212 0.286992 -0.1649688
-0.9073281 0.3546531 -0.2257811
-0.9523466 0.3032066 -0.03319048
-0.9494539 0.2977616 -0.09937433
-0.8650375 0.4735442 -0.1657292
-0.8881971 0.4149339 -0.1973209
-0.9347579 0.2711398 0.2295887
-0.9227381 0.2928643 0.2505693
-0.9073281 0.3546531 0.2257811
-0.9436212 0.286992 0.1649688
-0.8650374 0.4735442 0.1657292
-0.8881971 0.4149339 0.1973209
-0.9523466 0.3032066 0.03319048
-0.9494539 0.2977616 0.09937433
-0.01935047 0.7289271 0.6843178
0.01935047 0.7289271 0.6843178
0.05778223 0.7694949 0.6360336
-0.05778223 0.7694949 0.6360337
0.1315584 0.8376062 0.5301963
0.09538051 0.8057631 0.5845069
-0.1315584 0.8376062 0.5301963
-0.09538051 0.8057631 0.5845069
0.2505693 0.9227381 0.2928643
0.2295887 0.9347579 0.2711398
0.1649688 0.9436212 0.286992
0.2257811 0.9073281 0.3546531
0.03319048 0.9523467 0.3032066
0.09937433 0.9494539 0.2977616
0.1657292 0.8650375 0.4735442
0.1973209 0.8881971 0.4149339
-0.2295887 0.9347579 0.2711398
-0.2505693 0.9227381 0.2928643
-0.2257811 0.9073281 0.3546531
-0.1649688 0.9436212 0.286992
-0.1657292 0.8650374 0.4735442
-0.1973209 0.8881971 0.4149339
-0.03319048 0.9523467 0.3032066
-0.09937433 0.9494539 0.2977616
0.6843178 0.7289271 0.01935047
0.6843178 0.7289271 -0.01935047
0.6360336 0.7694949 -0.05778223
0.6360337 0.7694949 0.05778223
0.5301963 0.8376062 -0.1315584
0.5845069 0.8057631 -0.09538051
0.5301963 0.8376062 0.1315584
0.5845069 0.8057631 0.09538051
0.2928643 0.9227381 -0.2505693
0.2711398 0.9347579 -0.2295887
0.286992 0.9436212 -0.1649688
0.3546531 0.9073281 -0.2257811
0.3032066 0.9523466 -0.03319048
0.2977616 0.9494539 -0.09937433
0.4735442 0.8650375 -0.1657292
0.4149339 0.8881971 -0.1973209
0.2711398 0.9347579 0.2295887
0.2928643 0.9227381 0.2505693
0.3546531 0.9073281 0.2257811
0.286992 0.9436212 0.1649688
0.4735442 0.8650374 0.1657292
0.4149339 0.8881971 0.1973209
0.3032066 0.9523466 0.03319048
0.2977616 0.9494539 0.09937433
0.01935047 0.7289271 -0.6843178
-0.01935047 0.7289271 -0.6843178
-0.05778223 0.7694949 -0.6360336
0.05778223 0.7694949 -0.6360337
-0.1315584 0.8376062 -0.5301963
-0.09538051 0.8057631 -0.5845069
0.1315584 0.8376062 -0.5301963
0.09538051 0.8057631 -0.5845069
-0.2505693 0.9227381 -0.2928643
-0.2295887 0.9347579 -0.2711398
-0.1649688 0.9436212 -0.286992
-0.2257811 0.9073281 -0.3546531
-0.03319048 0.9523467 -0.3032066
-0.09937433 0.9494539 -0.2977616
-0.1657292 0.8650375 -0.4735442
-0.1973209 0.8881971 -0.4149339
0.2295887 0.9347579 -0.2711398
0.2505693 0.9227381 -0.2928643
0.2257811 0.9073281 -0.3546531
0.1649688 0.9436212 -0.286992
0.1657292 0.8650374 -0.4735442
0.1973209 0.8881971 -0.4149339
0.03319048 0.9523467 -0.3032066
0.09937433 0.9494539 -0.2977616
-0.6843178 0.7289271 -0.01935047
-0.6843178 0.7289271 0.01935047
-0.6360336 0.7694949 0.05778223
-0.6360337 0.7694949 -0.05778223
-0.5301963 0.8376062 0.1315584
-0.5845069 0.8057631 0.09538051
-0.5301963 0.8376062 -0.1315584
-0.5845069 0.8057631 -0.09538051
-0.2928643 0.9227381 0.2505693
-0.2711398 0.9347579 0.2295887
-0.286992 0.9436212 0.1649688
-0.3546531 0.9073281 0.2257811
-0.3032066 0.9523466 0.03319048
-0.2977616 0.9494539 0.09937433
-0.4735442 0.8650375 0.1657292
-0.4149339 0.8881971 0.1973209
-0.2711398 0.9347579 -0.2295887
-0.2928643 0.9227381 -0.2505693
-0.3546531 0.9073281 -0.2257811
-0.286992 0.9436212 -0.1649688
-0.4735442 0.8650374 -0.1657292
-0.4149339 0.8881971 -0.1973209
-0.3032066 0.9523466 -0.03319048
-0.2977616 0.9494539 -0.09937433
-0.01935047 -0.7289271 -0.6843178
0.01935047 -0.7289271 -0.6843178
0.05778223 -0.7694949 -0.6360336
-0.05778223 -0.7694949 -0.6360337
0.1315584 -0.8376062 -0.5301963
0.09538051 -0.8057631 -0.5845069
-0.1315584 -0.8376062 -0.5301963
-0.09538051 -0.8057631 -0.5845069
0.2505693 -0.9227381 -0.2928643
0.2295887 -0.9347579 -0.2711398
0.1649688 -0.9436212 -0.286992
0.2257811 -0.9073281 -0.3546531
0.03319048 -0.9523467 -0.3032066
0.09937433 -0.9494539 -0.2977616
0.1657292 -0.8650375 -0.4735442
0.1973209 -0.8881971 -0.4149339
-0.2295887 -0.9347579 -0.2711398
-0.2505693 -0.9227381 -0.2928643
-0.2257811 -0.9073281 -0.3546531
-0.1649688 -0.9436212 -0.286992
-0.1657292 -0.8650374 -0.4735442
-0.1973209 -0.8881971 -0.4149339
-0.03319048 -0.9523467 -0.3032066
-0.09937433 -0.9494539 -0.2977616
0.6843178 -0.7289271 -0.01935047
0.6843178 -0.7289271 0.01935047
0.6360336 -0.7694949 0.05778223
0.6360337 -0.7694949 -0.05778223
0.5301963 -0.8376062 0.1315584
0.5845069 -0.8057631 0.09538051
0.5301963 -0.8376062 -0.1315584
0.5845069 -0.8057631 -0.09538051
0.2928643 -0.9227381 0.2505693
0.2711398 -0.9347579 0.2295887
0.286992 -0.9436212 0.1649688
0.3546531 -0.9073281 0.2257811
0.3032066 -0.9523466 0.03319048
0.2977616 -0.9494539 0.09937433
0.4735442 -0.8650375 0.1657292
0.4149339 -0.8881971 0.1973209
0.2711398 -0.9347579 -0.2295887
0.2928643 -0.9227381 -0.2505693
0.3546531 -0.9073281 -0.2257811
0.286992 -0.9436212 -0.1649688
0.4735442 -0.8650374 -0.1657292
0.4149339 -0.8881971 -0.1973209
0.3032066 -0.9523466 -0.03319048
0.2977616 -0.9494539 -0.09937433
0.01935047 -0.7289271 0.6843178
-0.01935047 -0.7289271 0.6843178
-0.05778223 -0.7694949 0.6360336
0.05778223 -0.7694949 0.6360337
-0.1315584 -0.8376062 0.5301963
-0.09538051 -0.8057631 0.5845069
0.1315584 -0.8376062 0.5301963
0.09538051 -0.8057631 0.5845069
-0.2505693 -0.9227381 0.2928643
-0.2295887 -0.9347579 0.2711398
-0.1649688 -0.9436212 0.286992
-0.2257811 -0.9073281 0.3546531
-0.03319048 -0.9523467 0.3032066
-0.09937433 -0.9494539 0.2977616
-0.1657292 -0.8650375 0.4735442
-0.1973209 -0.8881971 0.4149339
0.2295887 -0.9347579 0.2711398
0.2505693 -0.9227381 0.2928643
0.2257811 -0.9073281 0.3546531
0.1649688 -0.9436212 0.286992
0.1657292 -0.8650374 0.4735442
0.1973209 -0.8881971 0.4149339
0.03319048 -0.9523467 0.3032066
0.09937433 -0.9494539 0.2977616
-0.6843178 -0.7289271 0.01935047
-0.6843178 -0.7289271 -0.01935047
-0.6360336 -0.7694949 -0.05778223
-0.6360337 -0.7694949 0.05778223
-0.5301963 -0.8376062 -0.1315584
-0.5845069 -0.8057631 -0.09538051
-0.5301963 -0.8376062 0.1315584
-0.5845069 -0.8057631 0.09538051
-0.2928643 -0.9227381 -0.2505693
-0.2711398 -0.9347579 -0.2295887
-0.286992 -0.9436212 -0.1649688
-0.3546531 -0.9073281 -0.2257811
-0.3032066 -0.9523466 -0.03319048
-0.2977616 -0.9494539 -0.09937433
-0.4735442 -0.8650375 -0.1657292
-0.4149339 -0.8881971 -0.1973209
-0.2711398 -0.9347579 0.2295887
-0.2928643 -0.9227381 0.2505693
-0.3546531 -0.9073281 0.2257811
-0.286992 -0.9436212 0.1649688
-0.4735442 -0.8650374 0.1657292
-0.4149339 -0.8881971 0.1973209
-0.3032066 -0.9523466 0.03319048
-0.2977616 -0.9494539 0.09937433
-0.005700564 0.005700564 -0.9999676
-0.005700564 -0.005700564 -0.9999676
-0.02610681 -0.02610681 -0.9993182
-0.02610681 0.02610681 -0.9993182
-0.08509657 -0.08509657 -0.9927321
-0.05328133 -0.05328133 -0.997157
-0.08509657 0.08509657 -0.9927321
-0.05328133 0.05328133 -0.997157
-0.2402005 -0.2402005 -0.9405357
-0.1986074 -0.1986074 -0.9597448
-0.1203681 -0.1203681 -0.985405
-0.1584689 -0.1584689 -0.9745641
-0.2402005 0.2402005 -0.9405357
-0.1986074 0.1986074 -0.9597448
-0.1203681 0.1203681 -0.985405
-0.1584689 0.1584689 -0.9745641
-0.5615579 -0.5615579 -0.6077051
-0.5923882 -0.5460334 -0.5923882
-0.6200426 -0.4807227 -0.6200426
-0.5277963 -0.5277963 -0.6654791
-0.6647283 -0.3409874 -0.6647283
-0.6442351 -0.4122166 -0.644235
-0.4524388 -0.4524388 -0.7685039
-0.4913199 -0.4913199 -0.7191728
-0.7065767 -0.03871223 -0.7065767
-0.7023424 -0.1158899 -0.7023424
-0.6813334 -0.267525 -0.6813334
-0.6939058 -0.1923264 -0.6939058
-0.2828693 -0.2828693 -0.9164987
-0.3261281 -0.3261281 -0.8872885
-0.4115744 -0.4115744 -0.81315
-0.3692609 -0.3692609 -0.8528147
-0.5923882 0.5460334 -0.5923882
-0.5615579 0.5615579 -0.6077051
-0.5277963 0.5277963 -0.6654791
-0.6200426 0.4807227 -0.6200426
-0.4524388 0.4524388 -0.7685039
-0.4913199 0.49132 -0.7191728
-0.6647283 0.3409874 -0.6647283
-0.644235 0.4122166 -0.6442351
-0.2828693 0.2828693 -0.9164987
-0.3261281 0.3261281 -0.8872885
-0.4115744 0.4115744 -0.81315
-0.3692609 0.3692609 -0.8528147
-0.7065767 0.03871223 -0.7065767
-0.7023424 0.1158899 -0.7023424
-0.6813334 0.267525 -0.6813334
-0.6939058 0.1923264 -0.6939058
0.005700564 0.005700564 -0.9999676
0.02610681 0.02610681 -0.9993182
0.08509657 0.08509657 -0.9927321
0.05328133 0.05328133 -0.997157
0.2402005 0.2402005 -0.9405357
0.1986074 0.1986074 -0.9597448
0.1203681 0.1203681 -0.985405
0.1584689 0.1584689 -0.9745641
-0.5460334 0.5923882 -0.5923882
-0.4807227 0.6200426 -0.6200426
-0.3409874 0.6647283 -0.6647283
-0.4122166 0.6442351 -0.644235
-0.03871223 0.7065767 -0.7065767
-0.1158899 0.7023424 -0.7023424
-0.267525 0.6813334 -0.6813334
-0.1923264 0.6939058 -0.6939058
0.5460334 0.5923882 -0.5923882
0.5615579 0.5615579 -0.6077051
0.5277963 0.5277963 -0.6654791
0.4807227 0.6200426 -0.6200426
0.4524388 0.4524388 -0.7685039
0.49132 0.4913199 -0.7191728
0.3409874 0.6647283 -0.6647283
0.4122166 0.644235 -0.6442351
0.2828693 0.2828693 -0.9164987
0.3261281 0.3261281 -0.8872885
0.4115744 0.4115744 -0.81315
0.3692609 0.3692609 -0.8528147
0.03871223 0.7065767 -0.7065767
0.1158899 0.7023424 -0.7023424
0.267525 0.6813334 -0.6813334
0.1923264 0.6939058 -0.6939058
0.005700564 -0.005700564 -0.9999676
0.02610681 -0.02610681 -0.9993182
0.08509657 -0.08509657 -0.9927321
0.05328133 -0.05328133 -0.997157
0.2402005 -0.2402005 -0.9405357
0.1986074 -0.1986074 -0.9597448
0.1203681 -0.1203681 -0.985405
0.1584689 -0.1584689 -0.9745641
0.5923882 0.5460333 -0.5923882
0.6200426 0.4807227 -0.6200426
0.6647283 0.3409874 -0.6647283
0.6442351 0.4122166 -0.644235
0.7065767 0.03871223 -0.7065767
0.7023424 0.1158899 -0.7023424
0.6813334 0.267525 -0.6813334
0.6939058 0.1923264 -0.6939058
0.5923882 -0.5460334 -0.5923882
0.5615579 -0.5615579 -0.6077051
0.5277963 -0.5277963 -0.6654791
0.6200426 -0.4807227 -0.6200426
0.4524388 -0.4524388 -0.7685039
0.4913199 -0.49132 -0.7191728
0.6647283 -0.3409874 -0.6647283
0.644235 -0.4122166 -0.6442351
0.2828693 -0.2828693 -0.9164987
0.3261281 -0.3261281 -0.8872885
0.4115744 -0.4115744 -0.81315
0.3692609 -0.3692609 -0.8528147
0.7065767 -0.03871223 -0.7065767
0.7023424 -0.1158899 -0.7023424
0.6813334 -0.267525 -0.6813334
0.6939058 -0.1923264 -0.6939058
0.5460334 -0.5923882 -0.5923882
0.4807227 -0.6200426 -0.6200426
0.3409874 -0.6647283 -0.6647283
0.4122166 -0.6442351 -0.644235
0.03871223 -0.7065767 -0.7065767
0.1158899 -0.7023424 -0.7023424
0.267525 -0.6813334 -0.6813334
0.1923264 -0.6939058 -0.6939058
-0.5460334 -0.5923882 -0.5923882
-0.4807227 -0.6200426 -0.6200426
-0.3409874 -0.6647283 -0.6647283
-0.4122166 -0.644235 -0.6442351
-0.03871223 -0.7065767 -0.7065767
-0.1158899 -0.7023424 -0.7023424
-0.267525 -0.6813334 -0.6813334
-0.1923264 -0.6939058 -0.6939058
0.9999675 -0.005700564 0.005700564
0.9999675 0.005700564 0.005700564
0.9993182 0.02610681 0.02610681
0.9993182 -0.02610681 0.02610681
0.9927322 0.08509658 0.08509658
0.9971572 0.05328134 0.05328134
0.9927322 -0.08509658 0.08509658
0.9971572 -0.05328134 0.05328134
0.9405357 0.2402005 0.2402005
0.9597448 0.1986074 0.1986074
0.985405 0.1203681 0.1203681
0.9745641 0.1584689 0.1584689
0.9405357 -0.2402005 0.2402005
0.9597448 -0.1986074 0.1986074
0.985405 -0.1203681 0.1203681
0.9745641 -0.1584689 0.1584689
0.6077051 0.5615579 0.5615579
0.5923882 0.5460333 0.5923882
0.6200426 0.4807227 0.6200426
0.6654791 0.5277963 0.5277963
0.6647283 0.3409874 0.6647283
0.644235 0.4122166 0.6442351
0.7685039 0.4524388 0.4524388
0.7191728 0.4913199 0.4913199
0.7065767 0.03871223 0.7065767
0.7023424 0.1158899 0.7023424
0.6813334 0.267525 0.6813334
0.6939058 0.1923264 0.6939058
0.9164987 0.2828693 0.2828693
0.8872885 0.3261281 0.3261281
0.81315 0.4115744 0.4115744
0.8528147 0.3692609 0.3692609
0.5923882 -0.5460334 0.5923882
0.6077051 -0.5615579 0.5615579
0.6654791 -0.5277963 0.5277963
0.6200426 -0.4807227 0.6200426
0.7685039 -0.4524388 0.4524388
0.7191728 -0.49132 0.4913199
0.6647283 -0.3409874 0.6647283
0.6442351 -0.4122166 0.644235
0.9164987 -0.2828693 0.2828693
0.8872885 -0.3261281 0.3261281
0.81315 -0.4115744 0.4115744
0.8528147 -0.3692609 0.3692609
0.7065767 -0.03871223 0.7065767
0.7023424 -0.1158899 0.7023424
0.6813334 -0.267525 0.6813334
0.6939058 -0.1923264 0.6939058
0.9999675 -0.005700564 -0.005700564
0.9993182 -0.02610681 -0.02610681
0.9927322 -0.08509658 -0.08509658
0.9971572 -0.05328134 -0.05328134
0.9405357 -0.2402005 -0.2402005
0.9597448 -0.1986074 -0.1986074
0.985405 -0.1203681 -0.1203681
0.9745641 -0.1584689 -0.1584689
0.5923882 -0.5923882 0.5460334
0.6200426 -0.6200426 0.4807227
0.6647283 -0.6647283 0.3409874
0.644235 -0.6442351 0.4122166
0.7065767 -0.7065767 0.03871223
0.7023424 -0.7023424 0.1158899
0.6813334 -0.6813334 0.267525
0.6939058 -0.6939058 0.1923264
0.5923882 -0.5923882 -0.5460334
0.6077051 -0.5615579 -0.5615579
0.6654791 -0.5277963 -0.5277963
0.6200426 -0.6200426 -0.4807227
0.7685039 -0.4524388 -0.4524388
0.7191728 -0.4913199 -0.49132
0.6647283 -0.6647283 -0.3409874
0.6442351 -0.644235 -0.4122166
0.9164987 -0.2828693 -0.2828693
0.8872885 -0.3261281 -0.3261281
0.81315 -0.4115744 -0.4115744
0.8528147 -0.3692609 -0.3692609
0.7065767 -0.7065767 -0.03871223
0.7023424 -0.7023424 -0.1158899
0.6813334 -0.6813334 -0.267525
0.6939058 -0.6939058 -0.1923264
0.9999675 0.005700564 -0.005700564
0.9993182 0.02610681 -0.02610681
0.9927322 0.08509658 -0.08509658
0.9971572 0.05328134 -0.05328134
0.9405357 0.2402005 -0.2402005
0.9597448 0.1986074 -0.1986074
0.985405 0.1203681 -0.1203681
0.9745641 0.1584689 -0.1584689
0.6077051 0.5615579 -0.5615579
0.6654791 0.5277963 -0.5277963
0.7685039 0.4524388 -0.4524388
0.7191728 0.49132 -0.4913199
0.9164987 0.2828693 -0.2828693
0.8872885 0.3261281 -0.3261281
0.81315 0.4115744 -0.4115744
0.8528147 0.3692609 -0.3692609
0.5923882 0.5923882 -0.5460334
0.6200426 0.6200426 -0.4807227
0.6647283 0.6647283 -0.3409874
0.644235 0.6442351 -0.4122166
0.7065767 0.7065767 -0.03871223
0.7023424 0.7023424 -0.1158899
0.6813334 0.6813334 -0.267525
0.6939058 0.6939058 -0.1923264
0.5923882 0.5923882 0.5460334
0.6200426 0.6200426 0.4807227
0.6647283 0.6647283 0.3409874
0.6442351 0.644235 0.4122166
0.7065767 0.7065767 0.03871223
0.7023424 0.7023424 0.1158899
0.6813334 0.6813334 0.267525
0.6939058 0.6939058 0.1923264
0.005700564 0.005700564 0.9999676
0.005700564 -0.005700564 0.9999676
0.02610681 -0.02610681 0.9993182
0.02610681 0.02610681 0.9993182
0.08509657 -0.08509657 0.9927321
0.05328133 -0.05328133 0.997157
0.08509657 0.08509657 0.9927321
0.05328133 0.05328133 0.997157
0.2402005 -0.2402005 0.9405357
0.1986074 -0.1986074 0.9597448
0.1203681 -0.1203681 0.985405
0.1584689 -0.1584689 0.9745641
0.2402005 0.2402005 0.9405357
0.1986074 0.1986074 0.9597448
0.1203681 0.1203681 0.985405
0.1584689 0.1584689 0.9745641
0.5615579 -0.5615579 0.6077051
0.5277963 -0.5277963 0.6654791
0.4524388 -0.4524388 0.7685039
0.4913199 -0.4913199 0.7191728
0.2828693 -0.2828693 0.9164987
0.3261281 -0.3261281 0.8872885
0.4115744 -0.4115744 0.81315
0.3692609 -0.3692609 0.8528147
0.5615579 0.5615579 0.6077051
0.5277963 0.5277963 0.6654791
0.4524388 0.4524388 0.7685039
0.4913199 0.49132 0.7191728
0.2828693 0.2828693 0.9164987
0.3261281 0.3261281 0.8872885
0.4115744 0.4115744 0.81315
0.3692609 0.3692609 0.8528147
-0.005700564 0.005700564 0.9999676
-0.02610681 0.02610681 0.9993182
-0.08509657 0.08509657 0.9927321
-0.05328133 0.05328133 0.997157
-0.2402005 0.2402005 0.9405357
-0.1986074 0.1986074 0.9597448
-0.1203681 0.1203681 0.985405
-0.1584689 0.1584689 0.9745641
0.5460334 0.5923882 0.5923882
0.4807227 0.6200426 0.6200426
0.3409874 0.6647283 0.6647283
0.4122166 0.6442351 0.644235
0.03871223 0.7065767 0.7065767
0.1158899 0.7023424 0.7023424
0.267525 0.6813334 0.6813334
0.1923264 0.6939058 0.6939058
-0.5460334 0.5923882 0.5923882
-0.5615579 0.5615579 0.6077051
-0.5277963 0.5277963 0.6654791
-0.4807227 0.6200426 0.6200426
-0.4524388 0.4524388 0.7685039
-0.49132 0.4913199 0.7191728
-0.3409874 0.6647283 0.6647283
-0.4122166 0.644235 0.6442351
-0.2828693 0.2828693 0.9164987
-0.3261281 0.3261281 0.8872885
-0.4115744 0.4115744 0.81315
-0.3692609 0.3692609 0.8528147
-0.03871223 0.7065767 0.7065767
-0.1158899 0.7023424 0.7023424
-0.267525 0.6813334 0.6813334
-0.1923264 0.6939058 0.6939058
-0.005700564 -0.005700564 0.9999676
-0.02610681 -0.02610681 0.9993182
-0.08509657 -0.08509657 0.9927321
-0.05328133 -0.05328133 0.997157
-0.2402005 -0.2402005 0.9405357
-0.1986074 -0.1986074 0.9597448
-0.1203681 -0.1203681 0.985405
-0.1584689 -0.1584689 0.9745641
-0.5923882 0.5460334 0.5923882
-0.6200426 0.4807227 0.6200426
-0.6647283 0.3409874 0.6647283
-0.6442351 0.4122166 0.644235
-0.7065767 0.03871223 0.7065767
-0.7023424 0.1158899 0.7023424
-0.6813334 0.267525 0.6813334
-0.6939058 0.1923264 0.6939058
-0.5923882 -0.5460334 0.5923882
-0.5615579 -0.5615579 0.6077051
-0.5277963 -0.5277963 0.6654791
-0.6200426 -0.4807227 0.6200426
-0.4524388 -0.4524388 0.7685039
-0.4913199 -0.49132 0.7191728
-0.6647283 -0.3409874 0.6647283
-0.644235 -0.4122166 0.6442351
-0.2828693 -0.2828693 0.9164987
-0.3261281 -0.3261281 0.8872885
-0.4115744 -0.4115744 0.81315
-0.3692609 -0.3692609 0.8528147
-0.7065767 -0.03871223 0.7065767
-0.7023424 -0.1158899 0.7023424
-0.6813334 -0.267525 0.6813334
-0.6939058 -0.1923264 0.6939058
-0.5460334 -0.5923882 0.5923882
-0.4807227 -0.6200426 0.6200426
-0.3409874 -0.6647283 0.6647283
-0.4122166 -0.6442351 0.644235
-0.03871223 -0.7065767 0.7065767
-0.1158899 -0.7023424 0.7023424
-0.267525 -0.6813334 0.6813334
-0.1923264 -0.6939058 0.6939058
0.5460334 -0.5923882 0.5923882
0.4807227 -0.6200426 0.6200426
0.3409874 -0.6647283 0.6647283
0.4122166 -0.644235 0.6442351
0.03871223 -0.7065767 0.7065767
0.1158899 -0.7023424 0.7023424
0.267525 -0.6813334 0.6813334
0.1923264 -0.6939058 0.6939058
-0.9999675 -0.005700564 -0.005700564
-0.9999675 0.005700564 -0.005700564
-0.9993182 0.02610681 -0.02610681
-0.9993182 -0.02610681 -0.02610681
-0.9927322 0.08509658 -0.08509658
-0.9971572 0.05328134 -0.05328134
-0.9927322 -0.08509658 -0.08509658
-0.9971572 -0.05328134 -0.05328134
-0.9405357 0.2402005 -0.2402005
-0.9597448 0.1986074 -0.1986074
-0.985405 0.1203681 -0.1203681
-0.9745641 0.1584689 -0.1584689
-0.9405357 -0.2402005 -0.2402005
-0.9597448 -0.1986074 -0.1986074
-0.985405 -0.1203681 -0.1203681
-0.9745641 -0.1584689 -0.1584689
-0.6077051 0.5615579 -0.5615579
-0.6654791 0.5277963 -0.5277963
-0.7685039 0.4524388 -0.4524388
-0.7191728 0.4913199 -0.4913199
-0.9164987 0.2828693 -0.2828693
-0.8872885 0.3261281 -0.3261281
-0.81315 0.4115744 -0.4115744
-0.8528147 0.3692609 -0.3692609
-0.6077051 -0.5615579 -0.5615579
-0.6654791 -0.5277963 -0.5277963
-0.7685039 -0.4524388 -0.4524388
-0.7191728 -0.49132 -0.4913199
-0.9164987 -0.2828693 -0.2828693
-0.8872885 -0.3261281 -0.3261281
-0.81315 -0.4115744 -0.4115744
-0.8528147 -0.3692609 -0.3692609
-0.9999675 -0.005700564 0.005700564
-0.9993182 -0.02610681 0.02610681
-0.9927322 -0.08509658 0.08509658
-0.9971572 -0.05328134 0.05328134
-0.9405357 -0.2402005 0.2402005
-0.9597448 -0.1986074 0.1986074
-0.985405 -0.1203681 0.1203681
-0.9745641 -0.1584689 0.1584689
-0.5923882 -0.5923882 -0.5460334
-0.6200426 -0.6200426 -0.4807227
-0.6647283 -0.6647283 -0.3409874
-0.644235 -0.6442351 -0.4122166
-0.7065767 -0.7065767 -0.03871223
-0.7023424 -0.7023424 -0.1158899
-0.6813334 -0.6813334 -0.267525
-0.6939058 -0.6939058 -0.1923264
-0.5923882 -0.5923882 0.5460334
-0.6077051 -0.5615579 0.5615579
-0.6654791 -0.5277963 0.5277963
-0.6200426 -0.6200426 0.4807227
-0.7685039 -0.4524388 0.4524388
-0.7191728 -0.4913199 0.49132
-0.6647283 -0.6647283 0.3409874
-0.6442351 -0.644235 0.4122166
-0.9164987 -0.2828693 0.2828693
-0.8872885 -0.3261281 0.3261281
-0.81315 -0.4115744 0.4115744
-0.8528147 -0.3692609 0.3692609
-0.7065767 -0.7065767 0.03871223
-0.7023424 -0.7023424 0.1158899
-0.6813334 -0.6813334 0.267525
-0.6939058 -0.6939058 0.1923264
-0.9999675 0.005700564 0.005700564
-0.9993182 0.02610681 0.02610681
-0.9927322 0.08509658 0.08509658
-0.9971572 0.05328134 0.05328134
-0.9405357 0.2402005 0.2402005
-0.9597448 0.1986074 0.1986074
-0.985405 0.1203681 0.1203681
-0.9745641 0.1584689 0.1584689
-0.6077051 0.5615579 0.5615579
-0.6654791 0.5277963 0.5277963
-0.7685039 0.4524388 0.4524388
-0.7191728 0.49132 0.4913199
-0.9164987 0.2828693 0.2828693
-0.8872885 0.3261281 0.3261281
-0.81315 0.4115744 0.4115744
-0.8528147 0.3692609 0.3692609
-0.5923882 0.5923882 0.5460334
-0.6200426 0.6200426 0.4807227
-0.6647283 0.6647283 0.3409874
-0.644235 0.6442351 0.4122166
-0.7065767 0.7065767 0.03871223
-0.7023424 0.7023424 0.1158899
-0.6813334 0.6813334 0.267525
-0.6939058 0.6939058 0.1923264
-0.5923882 0.5923882 -0.5460334
-0.6200426 0.6200426 -0.4807227
-0.6647283 0.6647283 -0.3409874
-0.6442351 0.644235 -0.4122166
-0.7065767 0.7065767 -0.03871223
-0.7023424 0.7023424 -0.1158899
-0.6813334 0.6813334 -0.267525
-0.6939058 0.6939058 -0.1923264
0.005700564 0.9999675 0.005700564
-0.005700564 0.9999675 0.005700564
-0.02610681 0.9993182 0.02610681
0.02610681 0.9993182 0.02610681
-0.08509658 0.9927322 0.08509658
-0.05328134 0.9971572 0.05328134
0.08509658 0.9927322 0.08509658
0.05328134 0.9971572 0.05328134
-0.2402005 0.9405357 0.2402005
-0.1986074 0.9597448 0.1986074
-0.1203681 0.985405 0.1203681
-0.1584689 0.9745641 0.1584689
0.2402005 0.9405357 0.2402005
0.1986074 0.9597448 0.1986074
0.1203681 0.985405 0.1203681
0.1584689 0.9745641 0.1584689
-0.5615579 0.6077051 0.5615579
-0.5277963 0.6654791 0.5277963
-0.4524388 0.7685039 0.4524388
-0.4913199 0.7191728 0.4913199
-0.2828693 0.9164987 0.2828693
-0.3261281 0.8872885 0.3261281
-0.4115744 0.81315 0.4115744
-0.3692609 0.8528147 0.3692609
0.5615579 0.6077051 0.5615579
0.5277963 0.6654791 0.5277963
0.4524388 0.7685039 0.4524388
0.49132 0.7191728 0.4913199
0.2828693 0.9164987 0.2828693
0.3261281 0.8872885 0.3261281
0.4115744 0.81315 0.4115744
0.3692609 0.8528147 0.3692609
0.005700564 0.9999675 -0.005700564
0.02610681 0.9993182 -0.02610681
0.08509658 0.9927322 -0.08509658
0.05328134 0.9971572 -0.05328134
0.2402005 0.9405357 -0.2402005
0.1986074 0.9597448 -0.1986074
0.1203681 0.985405 -0.1203681
0.1584689 0.9745641 -0.1584689
0.5615579 0.6077051 -0.5615579
0.5277963 0.6654791 -0.5277963
0.4524388 0.7685039 -0.4524388
0.4913199 0.7191728 -0.49132
0.2828693 0.9164987 -0.2828693
0.3261281 0.8872885 -0.3261281
0.4115744 0.81315 -0.4115744
0.3692609 0.8528147 -0.3692609
-0.005700564 0.9999675 -0.005700564
-0.02610681 0.9993182 -0.02610681
-0.08509658 0.9927322 -0.08509658
-0.05328134 0.9971572 -0.05328134
-0.2402005 0.9405357 -0.2402005
-0.1986074 0.9597448 -0.1986074
-0.1203681 0.985405 -0.1203681
-0.1584689 0.9745641 -0.1584689
-0.5615579 0.6077051 -0.5615579
-0.5277963 0.6654791 -0.5277963
-0.4524388 0.7685039 -0.4524388
-0.49132 0.7191728 -0.4913199
-0.2828693 0.9164987 -0.2828693
-0.3261281 0.8872885 -0.3261281
-0.4115744 0.81315 -0.4115744
-0.3692609 0.8528147 -0.3692609
0.005700564 -0.9999675 -0.005700564
-0.005700564 -0.9999675 -0.005700564
-0.02610681 -0.9993182 -0.02610681
0.02610681 -0.9993182 -0.02610681
-0.08509658 -0.9927322 -0.08509658
-0.05328134 -0.9971572 -0.05328134
0.08509658 -0.9927322 -0.08509658
0.05328134 -0.9971572 -0.05328134
-0.2402005 -0.9405357 -0.2402005
-0.1986074 -0.9597448 -0.1986074
-0.1203681 -0.985405 -0.1203681
-0.1584689 -0.9745641 -0.1584689
0.2402005 -0.9405357 -0.2402005
0.1986074 -0.9597448 -0.1986074
0.1203681 -0.985405 -0.1203681
0.1584689 -0.9745641 -0.1584689
-0.5615579 -0.6077051 -0.5615579
-0.5277963 -0.6654791 -0.5277963
-0.4524388 -0.7685039 -0.4524388
-0.4913199 -0.7191728 -0.4913199
-0.2828693 -0.9164987 -0.2828693
-0.3261281 -0.8872885 -0.3261281
-0.4115744 -0.81315 -0.4115744
-0.3692609 -0.8528147 -0.3692609
0.5615579 -0.6077051 -0.5615579
0.5277963 -0.6654791 -0.5277963
0.4524388 -0.7685039 -0.4524388
0.49132 -0.7191728 -0.4913199
0.2828693 -0.9164987 -0.2828693
0.3261281 -0.8872885 -0.3261281
0.4115744 -0.81315 -0.4115744
0.3692609 -0.8528147 -0.3692609
0.005700564 -0.9999675 0.005700564
0.02610681 -0.9993182 0.02610681
0.08509658 -0.9927322 0.08509658
0.05328134 -0.9971572 0.05328134
0.2402005 -0.9405357 0.2402005
0.1986074 -0.9597448 0.1986074
0.1203681 -0.985405 0.1203681
0.1584689 -0.9745641 0.1584689
0.5615579 -0.6077051 0.5615579
0.5277963 -0.6654791 0.5277963
0.4524388 -0.7685039 0.4524388
0.4913199 -0.7191728 0.49132
0.2828693 -0.9164987 0.2828693
0.3261281 -0.8872885 0.3261281
0.4115744 -0.81315 0.4115744
0.3692609 -0.8528147 0.3692609
-0.005700564 -0.9999675 0.005700564
-0.02610681 -0.9993182 0.02610681
-0.08509658 -0.9927322 0.08509658
-0.05328134 -0.9971572 0.05328134
-0.2402005 -0.9405357 0.2402005
-0.1986074 -0.9597448 0.1986074
-0.1203681 -0.985405 0.1203681
-0.1584689 -0.9745641 0.1584689
-0.5615579 -0.6077051 0.5615579
-0.5277963 -0.6654791 0.5277963
-0.4524388 -0.7685039 0.4524388
-0.49132 -0.7191728 0.4913199
-0.2828693 -0.9164987 0.2828693
-0.3261281 -0.8872885 0.3261281
-0.4115744 -0.81315 0.4115744
-0.3692609 -0.8528147 0.3692609
3 3074 3075 3076
3 3077 3078 3079
3 3080 3081 3082
3 3083 3084 3085
3 3086 3087 3088
3 3089 3090 3091
3 3092 3093 3094
3 3095 3096 3097
3 3098 3099 3100
3 3101 3102 3103
3 3104 3105 3106
3 3107 3108 3109
3 3110 3111 3112
3 3113 3114 3115
3 3116 3117 3118
3 3119 3120 3121
3 3122 3123 3124
3 3125 3126 3127
3 3128 3129 3130
3 3131 3132 3133
3 3134 3135 3136
3 3137 3138 3139
3 3140 3141 3142
3 3143 3144 3145
3 3146 3147 3148
3 3149 3150 3151
3 3152 3153 3154
3 3155 3156 3157
3 3158 3159 3160
3 3161 3162 3163
3 3164 3165 3166
3 3167 3168 3169
3 3170 3171 3172
3 3173 3174 3175
3 3176 3177 3178
3 3179 3180 3181
3 3182 3183 3184
3 3185 3186 3187
3 3188 3189 3190
3 3191 3192 3193
3 3194 3195 3196
3 3197 3198 3199
3 3200 3201 3202
3 3203 3204 3205
3 3206 3207 3208
3 3209 3210 3211
3 3212 3213 3214
3 3215 3216 3217
3 3218 3219 3220
3 3221 3222 3223
3 3224 3225 3226
3 3227 3228 3229
3 3230 3231 3232
3 3233 3234 3235
3 3236 3237 3238
3 3239 3240 3241
3 3242 3243 3244
3 3245 3246 3247
3 3248 3249 3250
3 3251 3252 3253
3 3254 3255 3256
3 3257 3258 3259
3 3260 3261 3262
3 3263 3264 3265
3 3266 3267 3268
3 3269 3270 3271
3 3272 3273 3274
3 3275 3276 3277
3 3278 3279 3280
3 3281 3282 3283
3 3284 3285 3286
3 3287 3288 3289
3 3290 3291 3292
3 3293 3294 3295
3 3296 3297 3298
3 3299 3300 3301
3 3302 3303 3304
3 3305 3306 3307
3 3308 3309 3310
3 3311 3312 3313
3 3314 3315 3316
3 3317 3318 3319
3 3320 3321 3322
3 3323 3324 3325
3 3326 3327 3328
3 3329 3330 3331
3 3332 3333 3334
3 3335 3336 3337
3 3338 3339 3340
3 3341 3342 3343
3 3344 3345 3346
3 3347 3348 3349
3 3350 3351 3352
3 3353 3354 3355
3 3356 3357 3358
3 3359 3360 3361
3 3362 3363 3364
3 3365 3366 3367
3 3368 3369 3370
3 3371 3372 3373
3 3374 3375 3376
3 3377 3378 3379
3 3380 3381 3382
3 3383 3384 3385
3 3386 3387 3388
3 3389 3390 3391
3 3392 3393 3394
3 3395 3396 3397
3 3398 3399 3400
3 3401 3402 3403
3 3404 3405 3406
3 3407 3408 3409
3 3410 3411 3412
3 3413 3414 3415
3 3416 3417 3418
3 3419 3420 3421
3 3422 3423 3424
3 3425 3426 3427
3 3428 3429 3430
3 3431 3432 3433
3 3434 3435 3436
3 3437 3438 3439
3 3440 3441 3442
3 3443 3444 3445
3 3446 3447 3448
3 3449 3450 3451
3 3452 3453 3454
3 3455 3456 3457
3 3458 3459 3460
3 3461 3462 3463
3 3464 3465 3466
3 3467 3468 3469
3 3470 3471 3472
3 3473 3474 3475
3 3476 3477 3478
3 3479 3480 3481
3 3482 3483 3484
3 3485 3486 3487
3 3488 3489 3490
3 3491 3492 3493
3 3494 3495 3496
3 3497 3498 3499
3 3500 3501 3502
3 3503 3504 3505
3 3506 3507 3508
3 3509 3510 3511
3 3512 3513 3514
3 3515 3516 3517
3 3518 3519 3520
3 3521 3522 3523
3 3524 3525 3526
3 3527 3528 3529
3 3530 3531 3532
3 3533 3534 3535
3 3536 3537 3538
3 3539 3540 3541
3 3542 3543 3544
3 3545 3546 3547
3 3548 3549 3550
3 3551 3552 3553
3 3554 3555 3556
3 3557 3558 3559
3 3560 3561 3562
3 3563 3564 3565
3 3566 3567 3568
3 3569 3570 3571
3 3572 3573 3574
3 3575 3576 3577
3 3578 3579 3580
3 3581 3582 3583
3 3584 3585 3586
3 3587 3588 3589
3 3590 3591 3592
3 3593 3594 3595
3 3596 3597 3598
3 3599 3600 3601
3 3602 3603 3604
3 3605 3606 3607
3 3608 3609 3610
3 3611 3612 3613
3 3614 3615 3616
3 3617 3618 3619
3 3620 3621 3622
3 3623 3624 3625
3 3626 3627 3628
3 3629 3630 3631
3 3632 3633 3634
3 3635 3636 3637
3 3638 3639 3640
3 3641 3642 3643
3 3644 3645 3646
3 3647 3648 3649
3 3650 3651 3652
3 3653 3654 3655
3 3656 3657 3658
3 3659 3660 3661
3 3662 3663 3664
3 3665 3666 3667
3 3668 3669 3670
3 3671 3672 3673
3 3674 3675 3676
3 3677 3678 3679
3 3680 3681 3682
3 3683 3684 3685
3 3686 3687 3688
3 3689 3690 3691
3 3692 3693 3694
3 3695 3696 3697
3 3698 3699 3700
3 3701 3702 3703
3 3704 3705 3706
3 3707 3708 3709
3 3710 3711 3712
3 3713 3714 3715
3 3716 3717 3718
3 3719 3720 3721
3 3722 3723 3724
3 3725 3726 3727
3 3728 3729 3730
3 3731 3732 3733
3 3734 3735 3736
3 3737 3738 3739
3 3740 3741 3742
3 3743 3744 3745
3 3746 3747 3748
3 3749 3750 3751
3 3752 3753 3754
3 3755 3756 3757
3 3758 3759 3760
3 3761 3762 3763
3 3764 3765 3766
3 3767 3768 3769
3 3770 3771 3772
3 3773 3774 3775
3 3776 3777 3778
3 3779 3780 3781
3 3782 3783 3784
3 3785 3786 3787
3 3788 3789 3790
3 3791 3792 3793
3 3794 3795 3796
3 3797 3798 3799
3 3800 3801 3802
3 3803 3804 3805
3 3806 3807 3808
3 3809 3810 3811
3 3812 3813 3814
3 3815 3816 3817
3 3818 3819 3820
3 3821 3822 3823
3 3824 3825 3826
3 3827 3828 3829
3 3830 3831 3832
3 3833 3834 3835
3 3836 3837 3838
3 3839 3840 3841
3 3842 3843 3844
3 3845 3846 3847
3 3848 3849 3850
3 3851 3852 3853
3 3854 3855 3856
3 3857 3858 3859
3 3860 3861 3862
3 3863 3864 3865
3 3866 3867 3868
3 3869 3870 3871
3 3872 3873 3874
3 3875 3876 3877
3 3878 3879 3880
3 3881 3882 3883
3 3884 3885 3886
3 3887 3888 3889
3 3890 3891 3892
3 3893 3894 3895
3 3896 3897 3898
3 3899 3900 3901
3 3902 3903 3904
3 3905 3906 3907
3 3908 3909 3910
3 3911 3912 3913
3 3914 3915 3916
3 3917 3918 3919
3 3920 3921 3922
3 3923 3924 3925
3 3926 3927 3928
3 3929 3930 3931
3 3932 3933 3934
3 3935 3936 3937
3 3938 3939 3940
3 3941 3942 3943
3 3944 3945 3946
3 3947 3948 3949
3 3950 3951 3952
3 3953 3954 3955
3 3956 3957 3958
3 3959 3960 3961
3 3962 3963 3964
3 3965 3966 3967
3 3968 3969 3970
3 3971 3972 3973
3 3974 3975 3976
3 3977 3978 3979
3 3980 3981 3982
3 3983 3984 3985
3 3986 3987 3988
3 3989 3990 3991
3 3992 3993 3994
3 3995 3996 3997
3 3998 3999 4000
3 4001 4002 4003
3 4004 4005 4006
3 4007 4008 4009
3 4010 4011 4012
3 4013 4014 4015
3 4016 4017 4018
3 4019 4020 4021
3 4022 4023 4024
3 4025 4026 4027
3 4028 4029 4030
3 4031 4032 4033
3 4034 4035 4036
3 4037 4038 4039
3 4040 4041 4042
3 4043 4044 4045
3 4046 4047 4048
3 4049 4050 4051
3 4052 4053 4054
3 4055 4056 4057
3 4058 4059 4060
3 4061 4062 4063
3 4064 4065 4066
3 4067 4068 4069
3 4070 4071 4072
3 4073 4074 4075
3 4076 4077 4078
3 4079 4080 4081
3 4082 4083 4084
3 4085 4086 4087
3 4088 4089 4090
3 4091 4092 4093
3 4094 4095 4096
3 4097 4098 4099
3 4100 4101 4102
3 4103 4104 4105
3 4106 4107 4108
3 4109 4110 4111
3 4112 4113 4114
3 4115 4116 4117
3 4118 4119 4120
3 4121 4122 4123
3 4124 4125 4126
3 4127 4128 4129
3 4130 4131 4132
3 4133 4134 4135
3 4136 4137 4138
3 4139 4140 4141
3 4142 4143 4144
3 4145 4146 4147
3 4148 4149 4150
3 4151 4152 4153
3 4154 4155 4156
3 4157 4158 4159
3 4160 4161 4162
3 4163 4164 4165
3 4166 4167 4168
3 4169 4170 4171
3 4172 4173 4174
3 4175 4176 4177
3 4178 4179 4180
3 4181 4182 4183
3 4184 4185 4186
3 4187 4188 4189
3 4190 4191 4192
3 4193 4194 4195
3 4196 4197 4198
3 4199 4200 4201
3 4202 4203 4204
3 4205 4206 4207
3 4208 4209 4210
3 4211 4212 4213
3 4214 4215 4216
3 4217 4218 4219
3 4220 4221 4222
3 4223 4224 4225
3 4226 4227 4228
3 4229 4230 4231
3 4232 4233 4234
3 4235 4236 4237
3 4238 4239 4240
3 4241 4242 4243
3 4244 4245 4246
3 4247 4248 4249
3 4250 4251 4252
3 4253 4254 4255
3 4256 4257 4258
3 4259 4260 4261
3 4262 4263 4264
3 4265 4266 4267
3 4268 4269 4270
3 4271 4272 4273
3 4274 4275 4276
3 4277 4278 4279
3 4280 4281 4282
3 4283 4284 4285
3 4286 4287 4288
3 4289 4290 4291
3 4292 4293 4294
3 4295 4296 4297
3 4298 4299 4300
3 4301 4302 4303
3 4304 4305 4306
3 4307 4308 4309
3 4310 4311 4312
3 4313 4314 4315
3 4316 4317 4318
3 4319 4320 4321
3 4322 4323 4324
3 4325 4326 4327
3 4328 4329 4330
3 4331 4332 4333
3 4334 4335 4336
3 4337 4338 4339
3 4340 4341 4342
3 4343 4344 4345
3 4346 4347 4348
3 4349 4350 4351
3 4352 4353 4354
3 4355 4356 4357
3 4358 4359 4360
3 4361 4362 4363
3 4364 4365 4366
3 4367 4368 4369
3 4370 4371 4372
3 4373 4374 4375
3 4376 4377 4378
3 4379 4380 4381
3 4382 4383 4384
3 4385 4386 4387
3 4388 4389 4390
3 4391 4392 4393
3 4394 4395 4396
3 4397 4398 4399
3 4400 4401 4402
3 4403 4404 4405
3 4406 4407 4408
3 4409 4410 4411
3 4412 4413 4414
3 4415 4416 4417
3 4418 4419 4420
3 4421 4422 4423
3 4424 4425 4426
3 4427 4428 4429
3 4430 4431 4432
3 4433 4434 4435
3 4436 4437 4438
3 4439 4440 4441
3 4442 4443 4444
3 4445 4446 4447
3 4448 4449 4450
3 4451 4452 4453
3 4454 4455 4456
3 4457 4458 4459
3 4460 4461 4462
3 4463 4464 4465
3 4466 4467 4468
3 4469 4470 4471
3 4472 4473 4474
3 4475 4476 4477
3 4478 4479 4480
3 4481 4482 4483
3 4484 4485 4486
3 4487 4488 4489
3 4490 4491 4492
3 4493 4494 4495
3 4496 4497 4498
3 4499 4500 4501
3 4502 4503 4504
3 4505 4506 4507
3 4508 4509 4510
3 4511 4512 4513
3 4514 4515 4516
3 4517 4518 4519
3 4520 4521 4522
3 4523 4524 4525
3 4526 4527 4528
3 4529 4530 4531
3 4532 4533 4534
3 4535 4536 4537
3 4538 4539 4540
3 4541 4542 4543
3 4544 4545 4546
3 4547 4548 4549
3 4550 4551 4552
3 4553 4554 4555
3 4556 4557 4558
3 4559 4560 4561
3 4562 4563 4564
3 4565 4566 4567
3 4568 4569 4570
3 4571 4572 4573
3 4574 4575 4576
3 4577 4578 4579
3 4580 4581 4582
3 4583 4584 4585
3 4586 4587 4588
3 4589 4590 4591
3 4592 4593 4594
3 4595 4596 4597
3 4598 4599 4600
3 4601 4602 4603
3 4604 4605 4606
3 4607 4608 4609
3 4610 4611 4612
3 4613 4614 4615
3 4616 4617 4618
3 4619 4620 4621
3 4622 4623 4624
3 4625 4626 4627
3 4628 4629 4630
3 4631 4632 4633
3 4634 4635 4636
3 4637 4638 4639
3 4640 4641 4642
3 4643 4644 4645
3 4646 4647 4648
3 4649 4650 4651
3 4652 4653 4654
3 4655 4656 4657
3 4658 4659 4660
3 4661 4662 4663
3 4664 4665 4666
3 4667 4668 4669
3 4670 4671 4672
3 4673 4674 4675
3 4676 4677 4678
3 4679 4680 4681
3 4682 4683 4684
3 4685 4686 4687
3 4688 4689 4690
3 4691 4692 4693
3 4694 4695 4696
3 4697 4698 4699
3 4700 4701 4702
3 4703 4704 4705
3 4706 4707 4708
3 4709 4710 4711
3 4712 4713 4714
3 4715 4716 4717
3 4718 4719 4720
3 4721 4722 4723
3 4724 4725 4726
3 4727 4728 4729
3 4730 4731 4732
3 4733 4734 4735
3 4736 4737 4738
3 4739 4740 4741
3 4742 4743 4744
3 4745 4746 4747
3 4748 4749 4750
3 4751 4752 4753
3 4754 4755 4756
3 4757 4758 4759
3 4760 4761 4762
3 4763 4764 4765
3 4766 4767 4768
3 4769 4770 4771
3 4772 4773 4774
3 4775 4776 4777
3 4778 4779 4780
3 4781 4782 4783
3 4784 4785 4786
3 4787 4788 4789
3 4790 4791 4792
3 4793 4794 4795
3 4796 4797 4798
3 4799 4800 4801
3 4802 4803 4804
3 4805 4806 4807
3 4808 4809 4810
3 4811 4812 4813
3 4814 4815 4816
3 4817 4818 4819
3 4820 4821 4822
3 4823 4824 4825
3 4826 4827 4828
3 4829 4830 4831
3 4832 4833 4834
3 4835 4836 4837
3 4838 4839 4840
3 4841 4842 4843
3 4844 4845 4846
3 4847 4848 4849
3 4850 4851 4852
3 4853 4854 4855
3 4856 4857 4858
3 4859 4860 4861
3 4862 4863 4864
3 4865 4866 4867
3 4868 4869 4870
3 4871 4872 4873
3 4874 4875 4876
3 4877 4878 4879
3 4880 4881 4882
3 4883 4884 4885
3 4886 4887 4888
3 4889 4890 4891
3 4892 4893 4894
3 4895 4896 4897
3 4898 4899 4900
3 4901 4902 4903
3 4904 4905 4906
3 4907 4908 4909
3 4910 4911 4912
3 4913 4914 4915
3 4916 4917 4918
3 4919 4920 4921
3 4922 4923 4924
3 4925 4926 4927
3 4928 4929 4930
3 4931 4932 4933
3 4934 4935 4936
3 4937 4938 4939
3 4940 4941 4942
3 4943 4944 4945
3 4946 4947 4948
3 4949 4950 4951
3 4952 4953 4954
3 4955 4956 4957
3 4958 4959 4960
3 4961 4962 4963
3 4964 4965 4966
3 4967 4968 4969
3 4970 4971 4972
3 4973 4974 4975
3 4976 4977 4978
3 4979 4980 4981
3 4982 4983 4984
3 4985 4986 4987
3 4988 4989 4990
3 4991 4992 4993
3 4994 4995 4996
3 4997 4998 4999
3 5000 5001 5002
3 5003 5004 5005
3 5006 5007 5008
3 5009 5010 5011
3 5012 5013 5014
3 5015 5016 5017
3 5018 5019 5020
3 5021 5022 5023
3 5024 5025 5026
3 5027 5028 5029
3 5030 5031 5032
3 5033 5034 5035
3 5036 5037 5038
3 5039 5040 5041
3 5042 5043 5044
3 5045 5046 5047
3 5048 5049 5050
3 5051 5052 5053
3 5054 5055 5056
3 5057 5058 5059
3 5060 5061 5062
3 5063 5064 5065
3 5066 5067 5068
3 5069 5070 5071
3 5072 5073 5074
3 5075 5076 5077
3 5078 5079 5080
3 5081 5082 5083
3 5084 5085 5086
3 5087 5088 5089
3 5090 5091 5092
3 5093 5094 5095
3 5096 5097 5098
3 5099 5100 5101
3 5102 5103 5104
3 5105 5106 5107
3 5108 5109 5110
3 5111 5112 5113
3 5114 5115 5116
3 5117 5118 5119
3 5120 5121 5122
3 5123 5124 5125
3 5126 5127 5128
3 5129 5130 5131
3 5132 5133 5134
3 5135 5136 5137
3 5138 5139 5140
3 5141 5142 5143
3 5144 5145 5146
3 5147 5148 5149
3 5150 5151 5152
3 5153 5154 5155
3 5156 5157 5158
3 5159 5160 5161
3 5162 5163 5164
3 5165 5166 5167
3 5168 5169 5170
3 5171 5172 5173
3 5174 5175 5176
3 5177 5178 5179
3 5180 5181 5182
3 5183 5184 5185
3 5186 5187 5188
3 5189 5190 5191
3 5192 5193 5194
3 5195 5196 5197
3 5198 5199 5200
3 5201 5202 5203
3 5204 5205 5206
3 5207 5208 5209
3 5210 5211 5212
3 5213 5214 5215
3 5216 5217 5218
3 5219 5220 5221
3 5222 5223 5224
3 5225 5226 5227
3 5228 5229 5230
3 5231 5232 5233
3 5234 5235 5236
3 5237 5238 5239
3 5240 5241 5242
3 5243 5244 5245
3 5246 5247 5248
3 5249 5250 5251
3 5252 5253 5254
3 5255 5256 5257
3 5258 5259 5260
3 5261 5262 5263
3 5264 5265 5266
3 5267 5268 5269
3 5270 5271 5272
3 5273 5274 5275
3 5276 5277 5278
3 5279 5280 5281
3 5282 5283 5284
3 5285 5286 5287
3 5288 5289 5290
3 5291 5292 5293
3 5294 5295 5296
3 5297 5298 5299
3 5300 5301 5302
3 5303 5304 5305
3 5306 5307 5308
3 5309 5310 5311
3 5312 5313 5314
3 5315 5316 5317
3 5318 5319 5320
3 5321 5322 5323
3 5324 5325 5326
3 5327 5328 5329
3 5330 5331 5332
3 5333 5334 5335
3 5336 5337 5338
3 5339 5340 5341
3 5342 5343 5344
3 5345 5346 5347
3 5348 5349 5350
3 5351 5352 5353
3 5354 5355 5356
3 5357 5358 5359
3 5360 5361 5362
3 5363 5364 5365
3 5366 5367 5368
3 5369 5370 5371
3 5372 5373 5374
3 5375 5376 5377
3 5378 5379 5380
3 5381 5382 5383
3 5384 5385 5386
3 5387 5388 5389
3 5390 5391 5392
3 5393 5394 5395
3 5396 5397 5398
3 5399 5400 5401
3 5402 5403 5404
3 5405 5406 5407
3 5408 5409 5410
3 5411 5412 5413
3 5414 5415 5416
3 5417 5418 5419
3 5420 5421 5422
3 5423 5424 5425
3 5426 5427 5428
3 5429 5430 5431
3 5432 5433 5434
3 5435 5436 5437
3 5438 5439 5440
3 5441 5442 5443
3 5444 5445 5446
3 5447 5448 5449
3 5450 5451 5452
3 5453 5454 5455
3 5456 5457 5458
3 5459 5460 5461
3 5462 5463 5464
3 5465 5466 5467
3 5468 5469 5470
3 5471 5472 5473
3 5474 5475 5476
3 5477 5478 5479
3 5480 5481 5482
3 5483 5484 5485
3 5486 5487 5488
3 5489 5490 5491
3 5492 5493 5494
3 5495 5496 5497
3 5498 5499 5500
3 5501 5502 5503
3 5504 5505 5506
3 5507 5508 5509
3 5510 5511 5512
3 5513 5514 5515
3 5516 5517 5518
3 5519 5520 5521
3 5522 5523 5524
3 5525 5526 5527
3 5528 5529 5530
3 5531 5532 5533
3 5534 5535 5536
3 5537 5538 5539
3 5540 5541 5542
3 5543 5544 5545
3 5546 5547 5548
3 5549 5550 5551
3 5552 5553 5554
3 5555 5556 5557
3 5558 5559 5560
3 5561 5562 5563
3 5564 5565 5566
3 5567 5568 5569
3 5570 5571 5572
3 5573 5574 5575
3 5576 5577 5578
3 5579 5580 5581
3 5582 5583 5584
3 5585 5586 5587
3 5588 5589 5590
3 5591 5592 5593
3 5594 5595 5596
3 5597 5598 5599
3 5600 5601 5602
3 5603 5604 5605
3 5606 5607 5608
3 5609 5610 5611
3 5612 5613 5614
3 5615 5616 5617
3 5618 5619 5620
3 5621 5622 5623
3 5624 5625 5626
3 5627 5628 5629
3 5630 5631 5632
3 5633 5634 5635
3 5636 5637 5638
3 5639 5640 5641
3 5642 5643 5644
3 5645 5646 5647
3 5648 5649 5650
3 5651 5652 5653
3 5654 5655 5656
3 5657 5658 5659
3 5660 5661 5662
3 5663 5664 5665
3 5666 5667 5668
3 5669 5670 5671
3 5672 5673 5674
3 5675 5676 5677
3 5678 5679 5680
3 5681 5682 5683
3 5684 5685 5686
3 5687 5688 5689
3 5690 5691 5692
3 5693 5694 5695
3 5696 5697 5698
3 5699 5700 5701
3 5702 5703 5704
3 5705 5706 5707
3 5708 5709 5710
3 5711 5712 5713
3 5714 5715 5716
3 5717 5718 5719
3 5720 5721 5722
3 5723 5724 5725
3 5726 5727 5728
3 5729 5730 5731
3 5732 5733 5734
3 5735 5736 5737
3 5738 5739 5740
3 5741 5742 5743
3 5744 5745 5746
3 5747 5748 5749
3 5750 5751 5752
3 5753 5754 5755
3 5756 5757 5758
3 5759 5760 5761
3 5762 5763 5764
3 5765 5766 5767
3 5768 5769 5770
3 5771 5772 5773
3 5774 5775 5776
3 5777 5778 5779
3 5780 5781 5782
3 5783 5784 5785
3 5786 5787 5788
3 5789 5790 5791
3 5792 5793 5794
3 5795 5796 5797
3 5798 5799 5800
3 5801 5802 5803
3 5804 5805 5806
3 5807 5808 5809
3 5810 5811 5812
3 5813 5814 5815
3 5816 5817 5818
3 5819 5820 5821
3 5822 5823 5824
3 5825 5826 5827
3 5828 5829 5830
3 5831 5832 5833
3 5834 5835 5836
3 5837 5838 5839
3 5840 5841 5842
3 5843 5844 5845
3 5846 5847 5848
3 5849 5850 5851
3 5852 5853 5854
3 5855 5856 5857
3 5858 5859 5860
3 5861 5862 5863
3 5864 5865 5866
3 5867 5868 5869
3 5870 5871 5872
3 5873 5874 5875
3 5876 5877 5878
3 5879 5880 5881
3 5882 5883 5884
3 5885 5886 5887
3 5888 5889 5890
3 5891 5892 5893
3 5894 5895 5896
3 5897 5898 5899
3 5900 5901 5902
3 5903 5904 5905
3 5906 5907 5908
3 5909 5910 5911
3 5912 5913 5914
3 5915 5916 5917
3 5918 5919 5920
3 5921 5922 5923
3 5924 5925 5926
3 5927 5928 5929
3 5930 5931 5932
3 5933 5934 5935
3 5936 5937 5938
3 5939 5940 5941
3 5942 5943 5944
3 5945 5946 5947
3 5948 5949 5950
3 5951 5952 5953
3 5954 5955 5956
3 5957 5958 5959
3 5960 5961 5962
3 5963 5964 5965
3 5966 5967 5968
3 5969 5970 5971
3 5972 5973 5974
3 5975 5976 5977
3 5978 5979 5980
3 5981 5982 5983
3 5984 5985 5986
3 5987 5988 5989
3 5990 5991 5992
3 5993 5994 5995
3 5996 5997 5998
3 5999 6000 6001
3 6002 6003 6004
3 6005 6006 6007
3 6008 6009 6010
3 6011 6012 6013
3 6014 6015 6016
3 6017 6018 6019
3 6020 6021 6022
3 6023 6024 6025
3 6026 6027 6028
3 6029 6030 6031
3 6032 6033 6034
3 6035 6036 6037
3 6038 6039 6040
3 6041 6042 6043
3 6044 6045 6046
3 6047 6048 6049
3 6050 6051 6052
3 6053 6054 6055
3 6056 6057 6058
3 6059 6060 6061
3 6062 6063 6064
3 6065 6066 6067
3 6068 6069 6070
3 6071 6072 6073
3 6074 6075 6076
3 6077 6078 6079
3 6080 6081 6082
3 6083 6084 6085
3 6086 6087 6088
3 6089 6090 6091
3 6092 6093 6094
3 6095 6096 6097
3 6098 6099 6100
3 6101 6102 6103
3 6104 6105 6106
3 6107 6108 6109
3 6110 6111 6112
3 6113 6114 6115
3 6116 6117 6118
3 6119 6120 6121
3 6122 6123 6124
3 6125 6126 6127
3 6128 6129 6130
3 6131 6132 6133
3 6134 6135 6136
3 6137 6138 6139
3 6140 6141 6142
3 6143 6144 6145
3 6146 6147 6148
3 6149 6150 6151
3 6152 6153 6154
3 6155 6156 6157
3 6158 6159 6160
3 6161 6162 6163
3 6164 6165 6166
3 6167 6168 6169
3 6170 6171 6172
3 6173 6174 6175
3 6176 6177 6178
3 6179 6180 6181
3 6182 6183 6184
3 6185 6186 6187
3 6188 6189 6190
3 6191 6192 6193
3 6194 6195 6196
3 6197 6198 6199
3 6200 6201 6202
3 6203 6204 6205
3 6206 6207 6208
3 6209 6210 6211
3 6212 6213 6214
3 6215 6216 6217
3 6218 6219 6220
3 6221 6222 6223
3 6224 6225 6226
3 6227 6228 6229
3 6230 6231 6232
3 6233 6234 6235
3 6236 6237 6238
3 6239 6240 6241
3 6242 6243 6244
3 6245 6246 6247
3 6248 6249 6250
3 6251 6252 6253
3 6254 6255 6256
3 6257 6258 6259
3 6260 6261 6262
3 6263 6264 6265
3 6266 6267 6268
3 6269 6270 6271
3 6272 6273 6274
3 6275 6276 6277
3 6278 6279 6280
3 6281 6282 6283
3 6284 6285 6286
3 6287 6288 6289
3 6290 6291 6292
3 6293 6294 6295
3 6296 6297 6298
3 6299 6300 6301
3 6302 6303 6304
3 6305 6306 6307
3 6308 6309 6310
3 6311 6312 6313
3 6314 6315 6316
3 6317 6318 6319
3 6320 6321 6322
3 6323 6324 6325
3 6326 6327 6328
3 6329 6330 6331
3 6332 6333 6334
3 6335 6336 6337
3 6338 6339 6340
3 6341 6342 6343
3 6344 6345 6346
3 6347 6348 6349
3 6350 6351 6352
3 6353 6354 6355
3 6356 6357 6358
3 6359 6360 6361
3 6362 6363 6364
3 6365 6366 6367
3 6368 6369 6370
3 6371 6372 6373
3 6374 6375 6376
3 6377 6378 6379
3 6380 6381 6382
3 6383 6384 6385
3 6386 6387 6388
3 6389 6390 6391
3 6392 6393 6394
3 6395 6396 6397
3 6398 6399 6400
3 6401 6402 6403
3 6404 6405 6406
3 6407 6408 6409
3 6410 6411 6412
3 6413 6414 6415
3 6416 6417 6418
3 6419 6420 6421
3 6422 6423 6424
3 6425 6426 6427
3 6428 6429 6430
3 6431 6432 6433
3 6434 6435 6436
3 6437 6438 6439
3 6440 6441 6442
3 6443 6444 6445
3 6446 6447 6448
3 6449 6450 6451
3 6452 6453 6454
3 6455 6456 6457
3 6458 6459 6460
3 6461 6462 6463
3 6464 6465 6466
3 6467 6468 6469
3 6470 6471 6472
3 6473 6474 6475
3 6476 6477 6478
3 6479 6480 6481
3 6482 6483 6484
3 6485 6486 6487
3 6488 6489 6490
3 6491 6492 6493
3 6494 6495 6496
3 6497 6498 6499
3 6500 6501 6502
3 6503 6504 6505
3 6506 6507 6508
3 6509 6510 6511
3 6512 6513 6514
3 6515 6516 6517
3 6518 6519 6520
3 6521 6522 6523
3 6524 6525 6526
3 6527 6528 6529
3 6530 6531 6532
3 6533 6534 6535
3 6536 6537 6538
3 6539 6540 6541
3 6542 6543 6544
3 6545 6546 6547
3 6548 6549 6550
3 6551 6552 6553
3 6554 6555 6556
3 6557 6558 6559
3 6560 6561 6562
3 6563 6564 6565
3 6566 6567 6568
3 6569 6570 6571
3 6572 6573 6574
3 6575 6576 6577
3 6578 6579 6580
3 6581 6582 6583
3 6584 6585 6586
3 6587 6588 6589
3 6590 6591 6592
3 6593 6594 6595
3 6596 6597 6598
3 6599 6600 6601
3 6602 6603 6604
3 6605 6606 6607
3 6608 6609 6610
3 6611 6612 6613
3 6614 6615 6616
3 6617 6618 6619
3 6620 6621 6622
3 6623 6624 6625
3 6626 6627 6628
3 6629 6630 6631
3 6632 6633 6634
3 6635 6636 6637
3 6638 6639 6640
3 6641 6642 6643
3 6644 6645 6646
3 6647 6648 6649
3 6650 6651 6652
3 6653 6654 6655
3 6656 6657 6658
3 6659 6660 6661
3 6662 6663 6664
3 6665 6666 6667
3 6668 6669 6670
3 6671 6672 6673
3 6674 6675 6676
3 6677 6678 6679
3 6680 6681 6682
3 6683 6684 6685
3 6686 6687 6688
3 6689 6690 6691
3 6692 6693 6694
3 6695 6696 6697
3 6698 6699 6700
3 6701 6702 6703
3 6704 6705 6706
3 6707 6708 6709
3 6710 6711 6712
3 6713 6714 6715
3 6716 6717 6718
3 6719 6720 6721
3 6722 6723 6724
3 6725 6726 6727
3 6728 6729 6730
3 6731 6732 6733
3 6734 6735 6736
3 6737 6738 6739
3 6740 6741 6742
3 6743 6744 6745
3 6746 6747 6748
3 6749 6750 6751
3 6752 6753 6754
3 6755 6756 6757
3 6758 6759 6760
3 6761 6762 6763
3 6764 6765 6766
3 6767 6768 6769
3 6770 6771 6772
3 6773 6774 6775
3 6776 6777 6778
3 6779 6780 6781
3 6782 6783 6784
3 6785 6786 6787
3 6788 6789 6790
3 6791 6792 6793
3 6794 6795 6796
3 6797 6798 6799
3 6800 6801 6802
3 6803 6804 6805
3 6806 6807 6808
3 6809 6810 6811
3 6812 6813 6814
3 6815 6816 6817
3 6818 6819 6820
3 6821 6822 6823
3 6824 6825 6826
3 6827 6828 6829
3 6830 6831 6832
3 6833 6834 6835
3 6836 6837 6838
3 6839 6840 6841
3 6842 6843 6844
3 6845 6846 6847
3 6848 6849 6850
3 6851 6852 6853
3 6854 6855 6856
3 6857 6858 6859
3 6860 6861 6862
3 6863 6864 6865
3 6866 6867 6868
3 6869 6870 6871
3 6872 6873 6874
3 6875 6876 6877
3 6878 6879 6880
3 6881 6882 6883
3 6884 6885 6886
3 6887 6888 6889
3 6890 6891 6892
3 6893 6894 6895
3 6896 6897 6898
3 6899 6900 6901
3 6902 6903 6904
3 6905 6906 6907
3 6908 6909 6910
3 6911 6912 6913
3 6914 6915 6916
3 6917 6918 6919
3 6920 6921 6922
3 6923 6924 6925
3 6926 6927 6928
3 6929 6930 6931
3 6932 6933 6934
3 6935 6936 6937
3 6938 6939 6940
3 6941 6942 6943
3 6944 6945 6946
3 6947 6948 6949
3 6950 6951 6952
3 6953 6954 6955
3 6956 6957 6958
3 6959 6960 6961
3 6962 6963 6964
3 6965 6966 6967
3 6968 6969 6970
3 6971 6972 6973
3 6974 6975 6976
3 6977 6978 6979
3 6980 6981 6982
3 6983 6984 6985
3 6986 6987 6988
3 6989 6990 6991
3 6992 6993 6994
3 6995 6996 6997
3 6998 6999 7000
3 7001 7002 7003
3 7004 7005 7006
3 7007 7008 7009
3 7010 7011 7012
3 7013 7014 7015
3 7016 7017 7018
3 7019 7020 7021
3 7022 7023 7024
3 7025 7026 7027
3 7028 7029 7030
3 7031 7032 7033
3 7034 7035 7036
3 7037 7038 7039
3 7040 7041 7042
3 7043 7044 7045
3 7046 7047 7048
3 7049 7050 7051
3 7052 7053 7054
3 7055 7056 7057
3 7058 7059 7060
3 7061 7062 7063
3 7064 7065 7066
3 7067 7068 7069
3 7070 7071 7072
3 7073 7074 7075
3 7076 7077 7078
3 7079 7080 7081
3 7082 7083 7084
3 7085 7086 7087
3 7088 7089 7090
3 7091 7092 7093
3 7094 7095 7096
3 7097 7098 7099
3 7100 7101 7102
3 7103 7104 7105
3 7106 7107 7108
3 7109 7110 7111
3 7112 7113 7114
3 7115 7116 7117
3 7118 7119 7120
3 7121 7122 7123
3 7124 7125 7126
3 7127 7128 7129
3 7130 7131 7132
3 7133 7134 7135
3 7136 7137 7138
3 7139 7140 7141
3 7142 7143 7144
3 7145 7146 7147
3 7148 7149 7150
3 7151 7152 7153
3 7154 7155 7156
3 7157 7158 7159
3 7160 7161 7162
3 7163 7164 7165
3 7166 7167 7168
3 7169 7170 7171
3 7172 7173 7174
3 7175 7176 7177
3 7178 7179 7180
3 7181 7182 7183
3 7184 7185 7186
3 7187 7188 7189
3 7190 7191 7192
3 7193 7194 7195
3 7196 7197 7198
3 7199 7200 7201
3 7202 7203 7204
3 7205 7206 7207
3 7208 7209 7210
3 7211 7212 7213
3 7214 7215 7216
3 7217 7218 7219
3 7220 7221 7222
3 7223 7224 7225
3 7226 7227 7228
3 7229 7230 7231
3 7232 7233 7234
3 7235 7236 7237
3 7238 7239 7240
3 7241 7242 7243
3 7244 7245 7246
3 7247 7248 7249
3 7250 7251 7252
3 7253 7254 7255
3 7256 7257 7258
3 7259 7260 7261
3 7262 7263 7264
3 7265 7266 7267
3 7268 7269 7270
3 7271 7272 7273
3 7274 7275 7276
3 7277 7278 7279
3 7280 7281 7282
3 7283 7284 7285
3 7286 7287 7288
3 7289 7290 7291
3 7292 7293 7294
3 7295 7296 7297
3 7298 7299 7300
3 7301 7302 7303
3 7304 7305 7306
3 7307 7308 7309
3 7310 7311 7312
3 7313 7314 7315
3 7316 7317 7318
3 7319 7320 7321
3 7322 7323 7324
3 7325 7326 7327
3 7328 7329 7330
3 7331 7332 7333
3 7334 7335 7336
3 7337 7338 7339
3 7340 7341 7342
3 7343 7344 7345
3 7346 7347 7348
3 7349 7350 7351
3 7352 7353 7354
3 7355 7356 7357
3 7358 7359 7360
3 7361 7362 7363
3 7364 7365 7366
3 7367 7368 7369
3 7370 7371 7372
3 7373 7374 7375
3 7376 7377 7378
3 7379 7380 7381
3 7382 7383 7384
3 7385 7386 7387
3 7388 7389 7390
3 7391 7392 7393
3 7394 7395 7396
3 7397 7398 7399
3 7400 7401 7402
3 7403 7404 7405
3 7406 7407 7408
3 7409 7410 7411
3 7412 7413 7414
3 7415 7416 7417
3 7418 7419 7420
3 7421 7422 7423
3 7424 7425 7426
3 7427 7428 7429
3 7430 7431 7432
3 7433 7434 7435
3 7436 7437 7438
3 7439 7440 7441
3 7442 7443 7444
3 7445 7446 7447
3 7448 7449 7450
3 7451 7452 7453
3 7454 7455 7456
3 7457 7458 7459
3 7460 7461 7462
3 7463 7464 7465
3 7466 7467 7468
3 7469 7470 7471
3 7472 7473 7474
3 7475 7476 7477
3 7478 7479 7480
3 7481 7482 7483
3 7484 7485 7486
3 7487 7488 7489
3 7490 7491 7492
3 7493 7494 7495
3 7496 7497 7498
3 7499 7500 7501
3 7502 7503 7504
3 7505 7506 7507
3 7508 7509 7510
3 7511 7512 7513
3 7514 7515 7516
3 7517 7518 7519
3 7520 7521 7522
3 7523 7524 7525
3 7526 7527 7528
3 7529 7530 7531
3 7532 7533 7534
3 7535 7536 7537
3 7538 7539 7540
3 7541 7542 7543
3 7544 7545 7546
3 7547 7548 7549
3 7550 7551 7552
3 7553 7554 7555
3 7556 7557 7558
3 7559 7560 7561
3 7562 7563 7564
3 7565 7566 7567
3 7568 7569 7570
3 7571 7572 7573
3 7574 7575 7576
3 7577 7578 7579
3 7580 7581 7582
3 7583 7584 7585
3 7586 7587 7588
3 7589 7590 7591
3 7592 7593 7594
3 7595 7596 7597
3 7598 7599 7600
3 7601 7602 7603
3 7604 7605 7606
3 7607 7608 7609
3 7610 7611 7612
3 7613 7614 7615
3 7616 7617 7618
3 7619 7620 7621
3 7622 7623 7624
3 7625 7626 7627
3 7628 7629 7630
3 7631 7632 7633
3 7634 7635 7636
3 7637 7638 7639
3 7640 7641 7642
3 7643 7644 7645
3 7646 7647 7648
3 7649 7650 7651
3 7652 7653 7654
3 7655 7656 7657
3 7658 7659 7660
3 7661 7662 7663
3 7664 7665 7666
3 7667 7668 7669
3 7670 7671 7672
3 7673 7674 7675
3 7676 7677 7678
3 7679 7680 7681
3 3074 7682 7683
3 3075 7684 7685
3 3076 7686 7687
3 3077 7688 7689
3 3078 7690 7691
3 3079 7692 7693
3 3080 7694 7695
3 3081 7696 7697
3 3082 7698 7699
3 3083 7700 7701
3 3084 7702 7703
3 3085 7704 7705
3 3086 7706 7707
3 3087 7708 7709
3 3088 7710 7711
3 3089 7712 7713
3 3090 7714 7715
3 3091 7716 7717
3 3092 7718 7719
3 3093 7720 7721
3 3094 7722 7723
3 3095 7724 7725
3 3096 7726 7727
3 3097 7728 7729
3 3098 7730 7731
3 3099 7732 7733
3 3100 7734 7735
3 3101 7736 7737
3 3102 7738 7739
3 3103 7740 7741
3 3104 7742 7743
3 3105 7744 7745
3 3106 7746 7747
3 3107 7748 7749
3 3108 7750 7751
3 3109 7752 7753
3 3110 7754 7755
3 3111 7756 7757
3 3112 7758 7759
3 3113 7760 7761
3 3114 7762 7763
3 3115 7764 7765
3 3116 7766 7767
3 3117 7768 7769
3 3118 7770 7771
3 3119 7772 7773
3 3120 7774 7775
3 3121 7776 7777
3 3122 7778 7779
3 3123 7780 7781
3 3124 7782 7783
3 3125 7784 7785
3 3126 7786 7787
3 3127 7788 7789
3 3128 7790 7791
3 3129 7792 7793
3 3130 7794 7795
3 3131 7796 7797
3 3132 7798 7799
3 3133 7800 7801
3 3134 7802 7803
3 3135 7804 7805
3 3136 7806 7807
3 3137 7808 7809
3 3138 7810 7811
3 3139 7812 7813
3 3140 7814 7815
3 3141 7816 7817
3 3142 7818 7819
3 3143 7820 7821
3 3144 7822 7823
3 3145 7824 7825
3 3146 7826 7827
3 3147 7828 7829
3 3148 7830 7831
3 3149 7832 7833
3 3150 7834 7835
3 3151 7836 7837
3 3152 7838 7839
3 3153 7840 7841
3 3154 7842 7843
3 3155 7844 7845
3 3156 7846 7847
3 3157 7848 7849
3 3158 7850 7851
3 3159 7852 7853
3 3160 7854 7855
3 3161 7856 7857
3 3162 7858 7859
3 3163 7860 7861
3 3164 7862 7863
3 3165 7864 7865
3 3166 7866 7867
3 3167 7868 7869
3 3168 7870 7871
3 3169 7872 7873
3 3170 7874 7875
3 3171 7876 7877
3 3172 7878 7879
3 3173 7880 7881
3 3174 7882 7883
3 3175 7884 7885
3 3176 7886 7887
3 3177 7888 7889
3 3178 7890 7891
3 3179 7892 7893
3 3180 7894 7895
3 3181 7896 7897
3 3182 7898 7899
3 3183 7900 7901
3 3184 7902 7903
3 3185 7904 7905
3 3186 7906 7907
3 3187 7908 7909
3 3188 7910 7911
3 3189 7912 7913
3 3190 7914 7915
3 3191 7916 7917
3 3192 7918 7919
3 3193 7920 7921
3 3194 7922 7923
3 3195 7924 7925
3 3196 7926 7927
3 3197 7928 7929
3 3198 7930 7931
3 3199 7932 7933
3 3200 7934 7935
3 3201 7936 7937
3 3202 7938 7939
3 3203 7940 7941
3 3204 7942 7943
3 3205 7944 7945
3 3206 7946 7947
3 3207 7948 7949
3 3208 7950 7951
3 3209 7952 7953
3 3210 7954 7955
3 3211 7956 7957
3 3212 7958 7959
3 3213 7960 7961
3 3214 7962 7963
3 3215 7964 7965
3 3216 7966 7967
3 3217 7968 7969
3 3218 7970 7971
3 3219 7972 7973
3 3220 7974 7975
3 3221 7976 7977
3 3222 7978 7979
3 3223 7980 7981
3 3224 7982 7983
3 3225 7984 7985
3 3226 7986 7987
3 3227 7988 7989
3 3228 7990 7991
3 3229 7992 7993
3 3230 7994 7995
3 3231 7996 7997
3 3232 7998 7999
3 3233 8000 8001
3 3234 8002 8003
3 3235 8004 8005
3 3236 8006 8007
3 3237 8008 8009
3 3238 8010 8011
3 3239 8012 8013
3 3240 8014 8015
3 3241 8016 8017
3 3242 8018 8019
3 3243 8020 8021
3 3244 8022 8023
3 3245 8024 8025
3 3246 8026 8027
3 3247 8028 8029
3 3248 8030 8031
3 3249 8032 8033
3 3250 8034 8035
3 3251 8036 8037
3 3252 8038 8039
3 3253 8040 8041
3 3254 8042 8043
3 3255 8044 8045
3 3256 8046 8047
3 3257 8048 8049
3 3258 8050 8051
3 3259 8052 8053
3 3260 8054 8055
3 3261 8056 8057
3 3262 8058 8059
3 3263 8060 8061
3 3264 8062 8063
3 3265 8064 8065
3 3266 8066 8067
3 3267 8068 8069
3 3268 8070 8071
3 3269 8072 8073
3 3270 8074 8075
3 3271 8076 8077
3 3272 8078 8079
3 3273 8080 8081
3 3274 8082 8083
3 3275 8084 8085
3 3276 8086 8087
3 3277 8088 8089
3 3278 8090 8091
3 3279 8092 8093
3 3280 8094 8095
3 3281 8096 8097
3 3282 8098 8099
3 3283 8100 8101
3 3284 8102 8103
3 3285 8104 8105
3 3286 8106 8107
3 3287 8108 8109
3 3288 8110 8111
3 3289 8112 8113
3 3290 8114 8115
3 3291 8116 8117
3 3292 8118 8119
3 3293 8120 8121
3 3294 8122 8123
3 3295 8124 8125
3 3296 8126 8127
3 3297 8128 8129
3 3298 8130 8131
3 3299 8132 8133
3 3300 8134 8135
3 3301 8136 8137
3 3302 8138 8139
3 3303 8140 8141
3 3304 8142 8143
3 3305 8144 8145
3 3306 8146 8147
3 3307 8148 8149
3 3308 8150 8151
3 3309 8152 8153
3 3310 8154 8155
3 3311 8156 8157
3 3312 8158 8159
3 3313 8160 8161
3 3314 8162 8163
3 3315 8164 8165
3 3316 8166 8167
3 3317 8168 8169
3 3318 8170 8171
3 3319 8172 8173
3 3320 8174 8175
3 3321 8176 8177
3 3322 8178 8179
3 3323 8180 8181
3 3324 8182 8183
3 3325 8184 8185
3 3326 8186 8187
3 3327 8188 8189
3 3328 8190 8191
3 3329 8192 8193
3 3330 8194 8195
3 3331 8196 8197
3 3332 8198 8199
3 3333 8200 8201
3 3334 8202 8203
3 3335 8204 8205
3 3336 8206 8207
3 3337 8208 8209
3 3338 8210 8211
3 3339 8212 8213
3 3340 8214 8215
3 3341 8216 8217
3 3342 8218 8219
3 3343 8220 8221
3 3344 8222 8223
3 3345 8224 8225
3 3346 8226 8227
3 3347 8228 8229
3 3348 8230 8231
3 3349 8232 8233
3 3350 8234 8235
3 3351 8236 8237
3 3352 8238 8239
3 3353 8240 8241
3 3354 8242 8243
3 3355 8244 8245
3 3356 8246 8247
3 3357 8248 8249
3 3358 8250 8251
3 3359 8252 8253
3 3360 8254 8255
3 3361 8256 8257
3 3362 8258 8259
3 3363 8260 8261
3 3364 8262 8263
3 3365 8264 8265
3 3366 8266 8267
3 3367 8268 8269
3 3368 8270 8271
3 3369 8272 8273
3 3370 8274 8275
3 3371 8276 8277
3 3372 8278 8279
3 3373 8280 8281
3 3374 8282 8283
3 3375 8284 8285
3 3376 8286 8287
3 3377 8288 8289
3 3378 8290 8291
3 3379 8292 8293
3 3380 8294 8295
3 3381 8296 8297
3 3382 8298 8299
3 3383 8300 8301
3 3384 8302 8303
3 3385 8304 8305
3 3386 8306 8307
3 3387 8308 8309
3 3388 8310 8311
3 3389 8312 8313
3 3390 8314 8315
3 3391 8316 8317
3 3392 8318 8319
3 3393 8320 8321
3 3394 8322 8323
3 3395 8324 8325
3 3396 8326 8327
3 3397 8328 8329
3 3398 8330 8331
3 3399 8332 8333
3 3400 8334 8335
3 3401 8336 8337
3 3402 8338 8339
3 3403 8340 8341
3 3404 8342 8343
3 3405 8344 8345
3 3406 8346 8347
3 3407 8348 8349
3 3408 8350 8351
3 3409 8352 8353
3 3410 8354 8355
3 3411 8356 8357
3 3412 8358 8359
3 3413 8360 8361
3 3414 8362 8363
3 3415 8364 8365
3 3416 8366 8367
3 3417 8368 8369
3 3418 8370 8371
3 3419 8372 8373
3 3420 8374 8375
3 3421 8376 8377
3 3422 8378 8379
3 3423 8380 8381
3 3424 8382 8383
3 3425 8384 8385
3 3426 8386 8387
3 3427 8388 8389
3 3428 8390 8391
3 3429 8392 8393
3 3430 8394 8395
3 3431 8396 8397
3 3432 8398 8399
3 3433 8400 8401
3 3434 8402 8403
3 3435 8404 8405
3 3436 8406 8407
3 3437 8408 8409
3 3438 8410 8411
3 3439 8412 8413
3 3440 8414 8415
3 3441 8416 8417
3 3442 8418 8419
3 3443 8420 8421
3 3444 8422 8423
3 3445 8424 8425
3 3446 8426 8427
3 3447 8428 8429
3 3448 8430 8431
3 3449 8432 8433
3 3450 8434 8435
3 3451 8436 8437
3 3452 8438 8439
3 3453 8440 8441
3 3454 8442 8443
3 3455 8444 8445
3 3456 8446 8447
3 3457 8448 8449
3 3458 8450 8451
3 3459 8452 8453
3 3460 8454 8455
3 3461 8456 8457
3 3462 8458 8459
3 3463 8460 8461
3 3464 8462 8463
3 3465 8464 8465
3 3466 8466 8467
3 3467 8468 8469
3 3468 8470 8471
3 3469 8472 8473
3 3470 8474 8475
3 3471 8476 8477
3 3472 8478 8479
3 3473 8480 8481
3 3474 8482 8483
3 3475 8484 8485
3 3476 8486 8487
3 3477 8488 8489
3 3478 8490 8491
3 3479 8492 8493
3 3480 8494 8495
3 3481 8496 8497
3 3482 8498 8499
3 3483 8500 8501
3 3484 8502 8503
3 3485 8504 8505
3 3486 8506 8507
3 3487 8508 8509
3 3488 8510 8511
3 3489 8512 8513
3 3490 8514 8515
3 3491 8516 8517
3 3492 8518 8519
3 3493 8520 8521
3 3494 8522 8523
3 3495 8524 8525
3 3496 8526 8527
3 3497 8528 8529
3 3498 8530 8531
3 3499 8532 8533
3 3500 8534 8535
3 3501 8536 8537
3 3502 8538 8539
3 3503 8540 8541
3 3504 8542 8543
3 3505 8544 8545
3 3506 8546 8547
3 3507 8548 8549
3 3508 8550 8551
3 3509 8552 8553
3 3510 8554 8555
3 3511 8556 8557
3 3512 8558 8559
3 3513 8560 8561
3 3514 8562 8563
3 3515 8564 8565
3 3516 8566 8567
3 3517 8568 8569
3 3518 8570 8571
3 3519 8572 8573
3 3520 8574 8575
3 3521 8576 8577
3 3522 8578 8579
3 3523 8580 8581
3 3524 8582 8583
3 3525 8584 8585
3 3526 8586 8587
3 3527 8588 8589
3 3528 8590 8591
3 3529 8592 8593
3 3530 8594 8595
3 3531 8596 8597
3 3532 8598 8599
3 3533 8600 8601
3 3534 8602 8603
3 3535 8604 8605
3 3536 8606 8607
3 3537 8608 8609
3 3538 8610 8611
3 3539 8612 8613
3 3540 8614 8615
3 3541 8616 8617
3 3542 8618 8619
3 3543 8620 8621
3 3544 8622 8623
3 3545 8624 8625
3 3546 8626 8627
3 3547 8628 8629
3 3548 8630 8631
3 3549 8632 8633
3 3550 8634 8635
3 3551 8636 8637
3 3552 8638 8639
3 3553 8640 8641
3 3554 8642 8643
3 3555 8644 8645
3 3556 8646 8647
3 3557 8648 8649
3 3558 8650 8651
3 3559 8652 8653
3 3560 8654 8655
3 3561 8656 8657
3 3562 8658 8659
3 3563 8660 8661
3 3564 8662 8663
3 3565 8664 8665
3 3566 8666 8667
3 3567 8668 8669
3 3568 8670 8671
3 3569 8672 8673
3 3570 8674 8675
3 3571 8676 8677
3 3572 8678 8679
3 3573 8680 8681
3 3574 8682 8683
3 3575 8684 8685
3 3576 8686 8687
3 3577 8688 8689
3 3578 8690 8691
3 3579 8692 8693
3 3580 8694 8695
3 3581 8696 8697
3 3582 8698 8699
3 3583 8700 8701
3 3584 8702 8703
3 3585 8704 8705
3 3586 8706 8707
3 3587 8708 8709
3 3588 8710 8711
3 3589 8712 8713
3 3590 8714 8715
3 3591 8716 8717
3 3592 8718 8719
3 3593 8720 8721
3 3594 8722 8723
3 3595 8724 8725
3 3596 8726 8727
3 3597 8728 8729
3 3598 8730 8731
3 3599 8732 8733
3 3600 8734 8735
3 3601 8736 8737
3 3602 8738 8739
3 3603 8740 8741
3 3604 8742 8743
3 3605 8744 8745
3 3606 8746 8747
3 3607 8748 8749
3 3608 8750 8751
3 3609 8752 8753
3 3610 8754 8755
3 3611 8756 8757
3 3612 8758 8759
3 3613 8760 8761
3 3614 8762 8763
3 3615 8764 8765
3 3616 8766 8767
3 3617 8768 8769
3 3618 8770 8771
3 3619 8772 8773
3 3620 8774 8775
3 3621 8776 8777
3 3622 8778 8779
3 3623 8780 8781
3 3624 8782 8783
3 3625 8784 8785
3 3626 8786 8787
3 3627 8788 8789
3 3628 8790 8791
3 3629 8792 8793
3 3630 8794 8795
3 3631 8796 8797
3 3632 8798 8799
3 3633 8800 8801
3 3634 8802 8803
3 3635 8804 8805
3 3636 8806 8807
3 3637 8808 8809
3 3638 8810 8811
3 3639 8812 8813
3 3640 8814 8815
3 3641 8816 8817
3 3642 8818 8819
3 3643 8820 8821
3 3644 8822 8823
3 3645 8824 8825
3 3646 8826 8827
3 3647 8828 8829
3 3648 8830 8831
3 3649 8832 8833
3 3650 8834 8835
3 3651 8836 8837
3 3652 8838 8839
3 3653 8840 8841
3 3654 8842 8843
3 3655 8844 8845
3 3656 8846 8847
3 3657 8848 8849
3 3658 8850 8851
3 3659 8852 8853
3 3660 8854 8855
3 3661 8856 8857
3 3662 8858 8859
3 3663 8860 8861
3 3664 8862 8863
3 3665 8864 8865
3 3666 8866 8867
3 3667 8868 8869
3 3668 8870 8871
3 3669 8872 8873
3 3670 8874 8875
3 3671 8876 8877
3 3672 8878 8879
3 3673 8880 8881
3 3674 8882 8883
3 3675 8884 8885
3 3676 8886 8887
3 3677 8888 8889
3 3678 8890 8891
3 3679 8892 8893
3 3680 8894 8895
3 3681 8896 8897
3 3682 8898 8899
3 3683 8900 8901
3 3684 8902 8903
3 3685 8904 8905
3 3686 8906 8907
3 3687 8908 8909
3 3688 8910 8911
3 3689 8912 8913
3 3690 8914 8915
3 3691 8916 8917
3 3692 8918 8919
3 3693 8920 8921
3 3694 8922 8923
3 3695 8924 8925
3 3696 8926 8927
3 3697 8928 8929
3 3698 8930 8931
3 3699 8932 8933
3 3700 8934 8935
3 3701 8936 8937
3 3702 8938 8939
3 3703 8940 8941
3 3704 8942 8943
3 3705 8944 8945
3 3706 8946 8947
3 3707 8948 8949
3 3708 8950 8951
3 3709 8952 8953
3 3710 8954 8955
3 3711 8956 8957
3 3712 8958 8959
3 3713 8960 8961
3 3714 8962 8963
3 3715 8964 8965
3 3716 8966 8967
3 3717 8968 8969
3 3718 8970 8971
3 3719 8972 8973
3 3720 8974 8975
3 3721 8976 8977
3 3722 8978 8979
3 3723 8980 8981
3 3724 8982 8983
3 3725 8984 8985
3 3726 8986 8987
3 3727 8988 8989
3 3728 8990 8991
3 3729 8992 8993
3 3730 8994 8995
3 3731 8996 8997
3 3732 8998 8999
3 3733 9000 9001
3 3734 9002 9003
3 3735 9004 9005
3 3736 9006 9007
3 3737 9008 9009
3 3738 9010 9011
3 3739 9012 9013
3 3740 9014 9015
3 3741 9016 9017
3 3742 9018 9019
3 3743 9020 9021
3 3744 9022 9023
3 3745 9024 9025
3 3746 9026 9027
3 3747 9028 9029
3 3748 9030 9031
3 3749 9032 9033
3 3750 9034 9035
3 3751 9036 9037
3 3752 9038 9039
3 3753 9040 9041
3 3754 9042 9043
3 3755 9044 9045
3 3756 9046 9047
3 3757 9048 9049
3 3758 9050 9051
3 3759 9052 9053
3 3760 9054 9055
3 3761 9056 9057
3 3762 9058 9059
3 3763 9060 9061
3 3764 9062 9063
3 3765 9064 9065
3 3766 9066 9067
3 3767 9068 9069
3 3768 9070 9071
3 3769 9072 9073
3 3770 9074 9075
3 3771 9076 9077
3 3772 9078 9079
3 3773 9080 9081
3 3774 9082 9083
3 3775 9084 9085
3 3776 9086 9087
3 3777 9088 9089
3 3778 9090 9091
3 3779 9092 9093
3 3780 9094 9095
3 3781 9096 9097
3 3782 9098 9099
3 3783 9100 9101
3 3784 9102 9103
3 3785 9104 9105
3 3786 9106 9107
3 3787 9108 9109
3 3788 9110 9111
3 3789 9112 9113
3 3790 9114 9115
3 3791 9116 9117
3 3792 9118 9119
3 3793 9120 9121
3 3794 9122 9123
3 3795 9124 9125
3 3796 9126 9127
3 3797 9128 9129
3 3798 9130 9131
3 3799 9132 9133
3 3800 9134 9135
3 3801 9136 9137
3 3802 9138 9139
3 3803 9140 9141
3 3804 9142 9143
3 3805 9144 9145
3 3806 9146 9147
3 3807 9148 9149
3 3808 9150 9151
3 3809 9152 9153
3 3810 9154 9155
3 3811 9156 9157
3 3812 9158 9159
3 3813 9160 9161
3 3814 9162 9163
3 3815 9164 9165
3 3816 9166 9167
3 3817 9168 9169
3 3818 9170 9171
3 3819 9172 9173
3 3820 9174 9175
3 3821 9176 9177
3 3822 9178 9179
3 3823 9180 9181
3 3824 9182 9183
3 3825 9184 9185
3 3826 9186 9187
3 3827 9188 9189
3 3828 9190 9191
3 3829 9192 9193
3 3830 9194 9195
3 3831 9196 9197
3 3832 9198 9199
3 3833 9200 9201
3 3834 9202 9203
3 3835 9204 9205
3 3836 9206 9207
3 3837 9208 9209
3 3838 9210 9211
3 3839 9212 9213
3 3840 9214 9215
3 3841 9216 9217
3 3842 9218 9219
3 3843 9220 9221
3 3844 9222 9223
3 3845 9224 9225
3 3846 9226 9227
3 3847 9228 9229
3 3848 9230 9231
3 3849 9232 9233
3 3850 9234 9235
3 3851 9236 9237
3 3852 9238 9239
3 3853 9240 9241
3 3854 9242 9243
3 3855 9244 9245
3 3856 9246 9247
3 3857 9248 9249
3 3858 9250 9251
3 3859 9252 9253
3 3860 9254 9255
3 3861 9256 9257
3 3862 9258 9259
3 3863 9260 9261
3 3864 9262 9263
3 3865 9264 9265
3 3866 9266 9267
3 3867 9268 9269
3 3868 9270 9271
3 3869 9272 9273
3 3870 9274 9275
3 3871 9276 9277
3 3872 9278 9279
3 3873 9280 9281
3 3874 9282 9283
3 3875 9284 9285
3 3876 9286 9287
3 3877 9288 9289
3 3878 9290 9291
3 3879 9292 9293
3 3880 9294 9295
3 3881 9296 9297
3 3882 9298 9299
3 3883 9300 9301
3 3884 9302 9303
3 3885 9304 9305
3 3886 9306 9307
3 3887 9308 9309
3 3888 9310 9311
3 3889 9312 9313
3 3890 9314 9315
3 3891 9316 9317
3 3892 9318 9319
3 3893 9320 9321
3 3894 9322 9323
3 3895 9324 9325
3 3896 9326 9327
3 3897 9328 9329
3 3898 9330 9331
3 3899 9332 9333
3 3900 9334 9335
3 3901 9336 9337
3 3902 9338 9339
3 3903 9340 9341
3 3904 9342 9343
3 3905 9344 9345
3 3906 9346 9347
3 3907 9348 9349
3 3908 9350 9351
3 3909 9352 9353
3 3910 9354 9355
3 3911 9356 9357
3 3912 9358 9359
3 3913 9360 9361
3 3914 9362 9363
3 3915 9364 9365
3 3916 9366 9367
3 3917 9368 9369
3 3918 9370 9371
3 3919 9372 9373
3 3920 9374 9375
3 3921 9376 9377
3 3922 9378 9379
3 3923 9380 9381
3 3924 9382 9383
3 3925 9384 9385
3 3926 9386 9387
3 3927 9388 9389
3 3928 9390 9391
3 3929 9392 9393
3 3930 9394 9395
3 3931 9396 9397
3 3932 9398 9399
3 3933 9400 9401
3 3934 9402 9403
3 3935 9404 9405
3 3936 9406 9407
3 3937 9408 9409
3 3938 9410 9411
3 3939 9412 9413
3 3940 9414 9415
3 3941 9416 9417
3 3942 9418 9419
3 3943 9420 9421
3 3944 9422 9423
3 3945 9424 9425
3 3946 9426 9427
3 3947 9428 9429
3 3948 9430 9431
3 3949 9432 9433
3 3950 9434 9435
3 3951 9436 9437
3 3952 9438 9439
3 3953 9440 9441
3 3954 9442 9443
3 3955 9444 9445
3 3956 9446 9447
3 3957 9448 9449
3 3958 9450 9451
3 3959 9452 9453
3 3960 9454 9455
3 3961 9456 9457
3 3962 9458 9459
3 3963 9460 9461
3 3964 9462 9463
3 3965 9464 9465
3 3966 9466 9467
3 3967 9468 9469
3 3968 9470 9471
3 3969 9472 9473
3 3970 9474 9475
3 3971 9476 9477
3 3972 9478 9479
3 3973 9480 9481
3 3974 9482 9483
3 3975 9484 9485
3 3976 9486 9487
3 3977 9488 9489
3 3978 9490 9491
3 3979 9492 9493
3 3980 9494 9495
3 3981 9496 9497
3 3982 9498 9499
3 3983 9500 9501
3 3984 9502 9503
3 3985 9504 9505
3 3986 9506 9507
3 3987 9508 9509
3 3988 9510 9511
3 3989 9512 9513
3 3990 9514 9515
3 3991 9516 9517
3 3992 9518 9519
3 3993 9520 9521
3 3994 9522 9523
3 3995 9524 9525
3 3996 9526 9527
3 3997 9528 9529
3 3998 9530 9531
3 3999 9532 9533
3 4000 9534 9535
3 4001 9536 9537
3 4002 9538 9539
3 4003 9540 9541
3 4004 9542 9543
3 4005 9544 9545
3 4006 9546 9547
3 4007 9548 9549
3 4008 9550 9551
3 4009 9552 9553
3 4010 9554 9555
3 4011 9556 9557
3 4012 9558 9559
3 4013 9560 9561
3 4014 9562 9563
3 4015 9564 9565
3 4016 9566 9567
3 4017 9568 9569
3 4018 9570 9571
3 4019 9572 9573
3 4020 9574 9575
3 4021 9576 9577
3 4022 9578 9579
3 4023 9580 9581
3 4024 9582 9583
3 4025 9584 9585
3 4026 9586 9587
3 4027 9588 9589
3 4028 9590 9591
3 4029 9592 9593
3 4030 9594 9595
3 4031 9596 9597
3 4032 9598 9599
3 4033 9600 9601
3 4034 9602 9603
3 4035 9604 9605
3 4036 9606 9607
3 4037 9608 9609
3 4038 9610 9611
3 4039 9612 9613
3 4040 9614 9615
3 4041 9616 9617
3 4042 9618 9619
3 4043 9620 9621
3 4044 9622 9623
3 4045 9624 9625
3 4046 9626 9627
3 4047 9628 9629
3 4048 9630 9631
3 4049 9632 9633
3 4050 9634 9635
3 4051 9636 9637
3 4052 9638 9639
3 4053 9640 9641
3 4054 9642 9643
3 4055 9644 9645
3 4056 9646 9647
3 4057 9648 9649
3 4058 9650 9651
3 4059 9652 9653
3 4060 9654 9655
3 4061 9656 9657
3 4062 9658 9659
3 4063 9660 9661
3 4064 9662 9663
3 4065 9664 9665
3 4066 9666 9667
3 4067 9668 9669
3 4068 9670 9671
3 4069 9672 9673
3 4070 9674 9675
3 4071 9676 9677
3 4072 9678 9679
3 4073 9680 9681
3 4074 9682 9683
3 4075 9684 9685
3 4076 9686 9687
3 4077 9688 9689
3 4078 9690 9691
3 4079 9692 9693
3 4080 9694 9695
3 4081 9696 9697
3 4082 9698 9699
3 4083 9700 9701
3 4084 9702 9703
3 4085 9704 9705
3 4086 9706 9707
3 4087 9708 9709
3 4088 9710 9711
3 4089 9712 9713
3 4090 9714 9715
3 4091 9716 9717
3 4092 9718 9719
3 4093 9720 9721
3 4094 9722 9723
3 4095 9724 9725
3 4096 9726 9727
3 4097 9728 9729
3 4098 9730 9731
3 4099 9732 9733
3 4100 9734 9735
3 4101 9736 9737
3 4102 9738 9739
3 4103 9740 9741
3 4104 9742 9743
3 4105 9744 9745
3 4106 9746 9747
3 4107 9748 9749
3 4108 9750 9751
3 4109 9752 9753
3 4110 9754 9755
3 4111 9756 9757
3 4112 9758 9759
3 4113 9760 9761
3 4114 9762 9763
3 4115 9764 9765
3 4116 9766 9767
3 4117 9768 9769
3 4118 9770 9771
3 4119 9772 9773
3 4120 9774 9775
3 4121 9776 9777
3 4122 9778 9779
3 4123 9780 9781
3 4124 9782 9783
3 4125 9784 9785
3 4126 9786 9787
3 4127 9788 9789
3 4128 9790 9791
3 4129 9792 9793
3 4130 9794 9795
3 4131 9796 9797
3 4132 9798 9799
3 4133 9800 9801
3 4134 9802 9803
3 4135 9804 9805
3 4136 9806 9807
3 4137 9808 9809
3 4138 9810 9811
3 4139 9812 9813
3 4140 9814 9815
3 4141 9816 9817
3 4142 9818 9819
3 4143 9820 9821
3 4144 9822 9823
3 4145 9824 9825
3 4146 9826 9827
3 4147 9828 9829
3 4148 9830 9831
3 4149 9832 9833
3 4150 9834 9835
3 4151 9836 9837
3 4152 9838 9839
3 4153 9840 9841
3 4154 9842 9843
3 4155 9844 9845
3 4156 9846 9847
3 4157 9848 9849
3 4158 9850 9851
3 4159 9852 9853
3 4160 9854 9855
3 4161 9856 9857
3 4162 9858 9859
3 4163 9860 9861
3 4164 9862 9863
3 4165 9864 9865
3 4166 9866 9867
3 4167 9868 9869
3 4168 9870 9871
3 4169 9872 9873
3 4170 9874 9875
3 4171 9876 9877
3 4172 9878 9879
3 4173 9880 9881
3 4174 9882 9883
3 4175 9884 9885
3 4176 9886 9887
3 4177 9888 9889
3 4178 9890 9891
3 4179 9892 9893
3 4180 9894 9895
3 4181 9896 9897
3 4182 9898 9899
3 4183 9900 9901
3 4184 9902 9903
3 4185 9904 9905
3 4186 9906 9907
3 4187 9908 9909
3 4188 9910 9911
3 4189 9912 9913
3 4190 9914 9915
3 4191 9916 9917
3 4192 9918 9919
3 4193 9920 9921
3 4194 9922 9923
3 4195 9924 9925
3 4196 9926 9927
3 4197 9928 9929
3 4198 9930 9931
3 4199 9932 9933
3 4200 9934 9935
3 4201 9936 9937
3 4202 9938 9939
3 4203 9940 9941
3 4204 9942 9943
3 4205 9944 9945
3 4206 9946 9947
3 4207 9948 9949
3 4208 9950 9951
3 4209 9952 9953
3 4210 9954 9955
3 4211 9956 9957
3 4212 9958 9959
3 4213 9960 9961
3 4214 9962 9963
3 4215 9964 9965
3 4216 9966 9967
3 4217 9968 9969
3 4218 9970 9971
3 4219 9972 9973
3 4220 9974 9975
3 4221 9976 9977
3 4222 9978 9979
3 4223 9980 9981
3 4224 9982 9983
3 4225 9984 9985
3 4226 9986 9987
3 4227 9988 7686
3 4228 7685 9989
3 4229 9990 9991
3 4230 9992 7682
3 4231 7687 9993
3 4232 9994 9995
3 4233 9996 7684
3 4234 7683 9997
3 4235 9998 9999
3 4236 10000 7692
3 4237 7691 10001
3 4238 10002 10003
3 4239 10004 7688
3 4240 7693 10005
3 4241 10006 10007
3 4242 10008 7690
3 4243 7689 10009
3 4244 10010 10011
3 4245 10012 7698
3 4246 7697 10013
3 4247 10014 10015
3 4248 10016 7694
3 4249 7699 10017
3 4250 10018 10019
3 4251 10020 7696
3 4252 7695 10021
3 4253 10022 10023
3 4254 10024 7704
3 4255 7703 10025
3 4256 10026 10027
3 4257 10028 7700
3 4258 7705 10029
3 4259 10030 10031
3 4260 10032 7702
3 4261 7701 10033
3 4262 10034 10035
3 4263 10036 7710
3 4264 7709 10037
3 4265 10038 10039
3 4266 10040 7706
3 4267 7711 10041
3 4268 10042 10043
3 4269 10044 7708
3 4270 7707 10045
3 4271 10046 10047
3 4272 10048 7716
3 4273 7715 10049
3 4274 10050 10051
3 4275 10052 7712
3 4276 7717 10053
3 4277 10054 10055
3 4278 10056 7714
3 4279 7713 10057
3 4280 10058 10059
3 4281 10060 7722
3 4282 7721 10061
3 4283 10062 10063
3 4284 10064 7718
3 4285 7723 10065
3 4286 10066 10067
3 4287 10068 7720
3 4288 7719 10069
3 4289 10070 10071
3 4290 10072 7728
3 4291 7727 10073
3 4292 10074 10075
3 4293 10076 7724
3 4294 7729 10077
3 4295 10078 10079
3 4296 10080 7726
3 4297 7725 10081
3 4298 10082 10083
3 4299 10084 7734
3 4300 7733 10085
3 4301 10086 10087
3 4302 10088 7730
3 4303 7735 10089
3 4304 10090 10091
3 4305 10092 7732
3 4306 7731 10093
3 4307 10094 10095
3 4308 10096 7740
3 4309 7739 10097
3 4310 10098 10099
3 4311 10100 7736
3 4312 7741 10101
3 4313 10102 10103
3 4314 10104 7738
3 4315 7737 10105
3 4316 10106 10107
3 4317 10108 7746
3 4318 7745 10109
3 4319 10110 10111
3 4320 10112 7742
3 4321 7747 10113
3 4322 10114 10115
3 4323 10116 7744
3 4324 7743 10117
3 4325 10118 10119
3 4326 10120 7752
3 4327 7751 10121
3 4328 10122 10123
3 4329 10124 7748
3 4330 7753 10125
3 4331 10126 10127
3 4332 10128 7750
3 4333 7749 10129
3 4334 10130 10131
3 4335 10132 7758
3 4336 7757 10133
3 4337 10134 10135
3 4338 10136 7754
3 4339 7759 10137
3 4340 10138 10139
3 4341 10140 7756
3 4342 7755 10141
3 4343 10142 10143
3 4344 10144 7764
3 4345 7763 10145
3 4346 10146 10147
3 4347 10148 7760
3 4348 7765 10149
3 4349 10150 10151
3 4350 10152 7762
3 4351 7761 10153
3 4352 10154 10155
3 4353 10156 7770
3 4354 7769 10157
3 4355 10158 10159
3 4356 10160 7766
3 4357 7771 10161
3 4358 10162 10163
3 4359 10164 7768
3 4360 7767 10165
3 4361 10166 10167
3 4362 10168 7776
3 4363 7775 10169
3 4364 10170 10171
3 4365 10172 7772
3 4366 7777 10173
3 4367 10174 10175
3 4368 10176 7774
3 4369 7773 10177
3 4370 10178 10179
3 4371 10180 7782
3 4372 7781 10181
3 4373 10182 10183
3 4374 10184 7778
3 4375 7783 10185
3 4376 10186 10187
3 4377 10188 7780
3 4378 7779 10189
3 4379 10190 10191
3 4380 10192 7788
3 4381 7787 10193
3 4382 10194 10195
3 4383 10196 7784
3 4384 7789 10197
3 4385 10198 10199
3 4386 10200 7786
3 4387 7785 10201
3 4388 10202 10203
3 4389 10204 7794
3 4390 7793 10205
3 4391 10206 10207
3 4392 10208 7790
3 4393 7795 10209
3 4394 10210 10211
3 4395 10212 7792
3 4396 7791 10213
3 4397 10214 10215
3 4398 10216 7800
3 4399 7799 10217
3 4400 10218 10219
3 4401 10220 7796
3 4402 7801 10221
3 4403 10222 10223
3 4404 10224 7798
3 4405 7797 10225
3 4406 10226 10227
3 4407 10228 7806
3 4408 7805 10229
3 4409 10230 10231
3 4410 10232 7802
3 4411 7807 10233
3 4412 10234 10235
3 4413 10236 7804
3 4414 7803 10237
3 4415 10238 10239
3 4416 10240 7812
3 4417 7811 10241
3 4418 10242 10243
3 4419 10244 7808
3 4420 7813 10245
3 4421 10246 10247
3 4422 10248 7810
3 4423 7809 10249
3 4424 10250 10251
3 4425 10252 7818
3 4426 7817 10253
3 4427 10254 10255
3 4428 10256 7814
3 4429 7819 10257
3 4430 10258 10259
3 4431 10260 7816
3 4432 7815 10261
3 4433 10262 10263
3 4434 10264 7824
3 4435 7823 10265
3 4436 10266 10267
3 4437 10268 7820
3 4438 7825 10269
3 4439 10270 10271
3 4440 10272 7822
3 4441 7821 10273
3 4442 10274 10275
3 4443 10276 7830
3 4444 7829 10277
3 4445 10278 10279
3 4446 10280 7826
3 4447 7831 10281
3 4448 10282 10283
3 4449 10284 7828
3 4450 7827 10285
3 4451 10286 10287
3 4452 10288 7836
3 4453 7835 10289
3 4454 10290 10291
3 4455 10292 7832
3 4456 7837 10293
3 4457 10294 10295
3 4458 10296 7834
3 4459 7833 10297
3 4460 10298 10299
3 4461 10300 7842
3 4462 7841 10301
3 4463 10302 10303
3 4464 10304 7838
3 4465 7843 10305
3 4466 10306 10307
3 4467 10308 7840
3 4468 7839 10309
3 4469 10310 10311
3 4470 10312 7848
3 4471 7847 10313
3 4472 10314 10315
3 4473 10316 7844
3 4474 7849 10317
3 4475 10318 10319
3 4476 10320 7846
3 4477 7845 10321
3 4478 10322 10323
3 4479 10324 7854
3 4480 7853 10325
3 4481 10326 10327
3 4482 10328 7850
3 4483 7855 10329
3 4484 10330 10331
3 4485 10332 7852
3 4486 7851 10333
3 4487 10334 10335
3 4488 10336 7860
3 4489 7859 10337
3 4490 10338 10339
3 4491 10340 7856
3 4492 7861 10341
3 4493 10342 10343
3 4494 10344 7858
3 4495 7857 10345
3 4496 10346 10347
3 4497 10348 7866
3 4498 7865 10349
3 4499 10350 10351
3 4500 10352 7862
3 4501 7867 10353
3 4502 10354 10355
3 4503 10356 7864
3 4504 7863 10357
3 4505 10358 10359
3 4506 10360 7872
3 4507 7871 10361
3 4508 10362 10363
3 4509 10364 7868
3 4510 7873 10365
3 4511 10366 10367
3 4512 10368 7870
3 4513 7869 10369
3 4514 10370 10371
3 4515 10372 7878
3 4516 7877 10373
3 4517 10374 10375
3 4518 10376 7874
3 4519 7879 10377
3 4520 10378 10379
3 4521 10380 7876
3 4522 7875 10381
3 4523 10382 10383
3 4524 10384 7884
3 4525 7883 10385
3 4526 10386 10387
3 4527 10388 7880
3 4528 7885 10389
3 4529 10390 10391
3 4530 10392 7882
3 4531 7881 10393
3 4532 10394 10395
3 4533 10396 7890
3 4534 7889 10397
3 4535 10398 10399
3 4536 10400 7886
3 4537 7891 10401
3 4538 10402 10403
3 4539 10404 7888
3 4540 7887 10405
3 4541 10406 10407
3 4542 10408 7896
3 4543 7895 10409
3 4544 10410 10411
3 4545 10412 7892
3 4546 7897 10413
3 4547 10414 10415
3 4548 10416 7894
3 4549 7893 10417
3 4550 10418 10419
3 4551 10420 7902
3 4552 7901 10421
3 4553 10422 10423
3 4554 10424 7898
3 4555 7903 10425
3 4556 10426 10427
3 4557 10428 7900
3 4558 7899 10429
3 4559 10430 10431
3 4560 10432 7908
3 4561 7907 10433
3 4562 10434 10435
3 4563 10436 7904
3 4564 7909 10437
3 4565 10438 10439
3 4566 10440 7906
3 4567 7905 10441
3 4568 10442 10443
3 4569 10444 7914
3 4570 7913 10445
3 4571 10446 10447
3 4572 10448 7910
3 4573 7915 10449
3 4574 10450 10451
3 4575 10452 7912
3 4576 7911 10453
3 4577 10454 10455
3 4578 10456 7920
3 4579 7919 10457
3 4580 10458 10459
3 4581 10460 7916
3 4582 7921 10461
3 4583 10462 10463
3 4584 10464 7918
3 4585 7917 10465
3 4586 10466 10467
3 4587 10468 7926
3 4588 7925 10469
3 4589 10470 10471
3 4590 10472 7922
3 4591 7927 10473
3 4592 10474 10475
3 4593 10476 7924
3 4594 7923 10477
3 4595 10478 10479
3 4596 10480 7932
3 4597 7931 10481
3 4598 10482 10483
3 4599 10484 7928
3 4600 7933 10485
3 4601 10486 10487
3 4602 10488 7930
3 4603 7929 10489
3 4604 10490 10491
3 4605 10492 7938
3 4606 7937 10493
3 4607 10494 10495
3 4608 10496 7934
3 4609 7939 10497
3 4610 10498 10499
3 4611 10500 7936
3 4612 7935 10501
3 4613 10502 10503
3 4614 10504 7944
3 4615 7943 10505
3 4616 10506 10507
3 4617 10508 7940
3 4618 7945 10509
3 4619 10510 10511
3 4620 10512 7942
3 4621 7941 10513
3 4622 10514 10515
3 4623 10516 7950
3 4624 7949 10517
3 4625 10518 10519
3 4626 10520 7946
3 4627 7951 10521
3 4628 10522 10523
3 4629 10524 7948
3 4630 7947 10525
3 4631 10526 10527
3 4632 10528 7956
3 4633 7955 10529
3 4634 10530 10531
3 4635 10532 7952
3 4636 7957 10533
3 4637 10534 10535
3 4638 10536 7954
3 4639 7953 10537
3 4640 10538 10539
3 4641 10540 7962
3 4642 7961 10541
3 4643 10542 10543
3 4644 10544 7958
3 4645 7963 10545
3 4646 10546 10547
3 4647 10548 7960
3 4648 7959 10549
3 4649 10550 10551
3 4650 10552 7968
3 4651 7967 10553
3 4652 10554 10555
3 4653 10556 7964
3 4654 7969 10557
3 4655 10558 10559
3 4656 10560 7966
3 4657 7965 10561
3 4658 10562 10563
3 4659 10564 7974
3 4660 7973 10565
3 4661 10566 10567
3 4662 10568 7970
3 4663 7975 10569
3 4664 10570 10571
3 4665 10572 7972
3 4666 7971 10573
3 4667 10574 10575
3 4668 10576 7980
3 4669 7979 10577
3 4670 10578 10579
3 4671 10580 7976
3 4672 7981 10581
3 4673 10582 10583
3 4674 10584 7978
3 4675 7977 10585
3 4676 10586 10587
3 4677 10588 7986
3 4678 7985 10589
3 4679 10590 10591
3 4680 10592 7982
3 4681 7987 10593
3 4682 10594 10595
3 4683 10596 7984
3 4684 7983 10597
3 4685 10598 10599
3 4686 10600 7992
3 4687 7991 10601
3 4688 10602 10603
3 4689 10604 7988
3 4690 7993 10605
3 4691 10606 10607
3 4692 10608 7990
3 4693 7989 10609
3 4694 10610 10611
3 4695 10612 7998
3 4696 7997 10613
3 4697 10614 10615
3 4698 10616 7994
3 4699 7999 10617
3 4700 10618 10619
3 4701 10620 7996
3 4702 7995 10621
3 4703 10622 10623
3 4704 10624 8004
3 4705 8003 10625
3 4706 10626 10627
3 4707 10628 8000
3 4708 8005 10629
3 4709 10630 10631
3 4710 10632 8002
3 4711 8001 10633
3 4712 10634 10635
3 4713 10636 8010
3 4714 8009 10637
3 4715 10638 10639
3 4716 10640 8006
3 4717 8011 10641
3 4718 10642 10643
3 4719 10644 8008
3 4720 8007 10645
3 4721 10646 10647
3 4722 10648 8016
3 4723 8015 10649
3 4724 10650 10651
3 4725 10652 8012
3 4726 8017 10653
3 4727 10654 10655
3 4728 10656 8014
3 4729 8013 10657
3 4730 10658 10659
3 4731 10660 8022
3 4732 8021 10661
3 4733 10662 10663
3 4734 10664 8018
3 4735 8023 10665
3 4736 10666 10667
3 4737 10668 8020
3 4738 8019 10669
3 4739 10670 10671
3 4740 10672 8028
3 4741 8027 10673
3 4742 10674 10675
3 4743 10676 8024
3 4744 8029 10677
3 4745 10678 10679
3 4746 10680 8026
3 4747 8025 10681
3 4748 10682 10683
3 4749 10684 8034
3 4750 8033 10685
3 4751 10686 10687
3 4752 10688 8030
3 4753 8035 10689
3 4754 10690 10691
3 4755 10692 8032
3 4756 8031 10693
3 4757 10694 10695
3 4758 10696 8040
3 4759 8039 10697
3 4760 10698 10699
3 4761 10700 8036
3 4762 8041 10701
3 4763 10702 10703
3 4764 10704 8038
3 4765 8037 10705
3 4766 10706 10707
3 4767 10708 8046
3 4768 8045 10709
3 4769 10710 10711
3 4770 10712 8042
3 4771 8047 10713
3 4772 10714 10715
3 4773 10716 8044
3 4774 8043 10717
3 4775 10718 10719
3 4776 10720 8052
3 4777 8051 10721
3 4778 10722 10723
3 4779 10724 8048
3 4780 8053 10725
3 4781 10726 10727
3 4782 10728 8050
3 4783 8049 10729
3 4784 10730 10731
3 4785 10732 8058
3 4786 8057 10733
3 4787 10734 10735
3 4788 10736 8054
3 4789 8059 10737
3 4790 10738 10739
3 4791 10740 8056
3 4792 8055 10741
3 4793 10742 10743
3 4794 10744 8064
3 4795 8063 10745
3 4796 10746 10747
3 4797 10748 8060
3 4798 8065 10749
3 4799 10750 10751
3 4800 10752 8062
3 4801 8061 10753
3 4802 10754 10755
3 4803 10756 8070
3 4804 8069 10757
3 4805 10758 10759
3 4806 10760 8066
3 4807 8071 10761
3 4808 10762 10763
3 4809 10764 8068
3 4810 8067 10765
3 4811 10766 10767
3 4812 10768 8076
3 4813 8075 10769
3 4814 10770 10771
3 4815 10772 8072
3 4816 8077 10773
3 4817 10774 10775
3 4818 10776 8074
3 4819 8073 10777
3 4820 10778 10779
3 4821 10780 8082
3 4822 8081 10781
3 4823 10782 10783
3 4824 10784 8078
3 4825 8083 10785
3 4826 10786 10787
3 4827 10788 8080
3 4828 8079 10789
3 4829 10790 10791
3 4830 10792 8088
3 4831 8087 10793
3 4832 10794 10795
3 4833 10796 8084
3 4834 8089 10797
3 4835 10798 10799
3 4836 10800 8086
3 4837 8085 10801
3 4838 10802 10803
3 4839 10804 8094
3 4840 8093 10805
3 4841 10806 10807
3 4842 10808 8090
3 4843 8095 10809
3 4844 10810 10811
3 4845 10812 8092
3 4846 8091 10813
3 4847 10814 10815
3 4848 10816 8100
3 4849 8099 10817
3 4850 10818 10819
3 4851 10820 8096
3 4852 8101 10821
3 4853 10822 10823
3 4854 10824 8098
3 4855 8097 10825
3 4856 10826 10827
3 4857 10828 8106
3 4858 8105 10829
3 4859 10830 10831
3 4860 10832 8102
3 4861 8107 10833
3 4862 10834 10835
3 4863 10836 8104
3 4864 8103 10837
3 4865 10838 10839
3 4866 10840 8112
3 4867 8111 10841
3 4868 10842 10843
3 4869 10844 8108
3 4870 8113 10845
3 4871 10846 10847
3 4872 10848 8110
3 4873 8109 10849
3 4874 10850 10851
3 4875 10852 8118
3 4876 8117 10853
3 4877 10854 10855
3 4878 10856 8114
3 4879 8119 10857
3 4880 10858 10859
3 4881 10860 8116
3 4882 8115 10861
3 4883 10862 10863
3 4884 10864 8124
3 4885 8123 10865
3 4886 10866 10867
3 4887 10868 8120
3 4888 8125 10869
3 4889 10870 10871
3 4890 10872 8122
3 4891 8121 10873
3 4892 10874 10875
3 4893 10876 8130
3 4894 8129 10877
3 4895 10878 10879
3 4896 10880 8126
3 4897 8131 10881
3 4898 10882 10883
3 4899 10884 8128
3 4900 8127 10885
3 4901 10886 10887
3 4902 10888 8136
3 4903 8135 10889
3 4904 10890 10891
3 4905 10892 8132
3 4906 8137 10893
3 4907 10894 10895
3 4908 10896 8134
3 4909 8133 10897
3 4910 10898 10899
3 4911 10900 8142
3 4912 8141 10901
3 4913 10902 10903
3 4914 10904 8138
3 4915 8143 10905
3 4916 10906 10907
3 4917 10908 8140
3 4918 8139 10909
3 4919 10910 10911
3 4920 10912 8148
3 4921 8147 10913
3 4922 10914 10915
3 4923 10916 8144
3 4924 8149 10917
3 4925 10918 10919
3 4926 10920 8146
3 4927 8145 10921
3 4928 10922 10923
3 4929 10924 8154
3 4930 8153 10925
3 4931 10926 10927
3 4932 10928 8150
3 4933 8155 10929
3 4934 10930 10931
3 4935 10932 8152
3 4936 8151 10933
3 4937 10934 10935
3 4938 10936 8160
3 4939 8159 10937
3 4940 10938 10939
3 4941 10940 8156
3 4942 8161 10941
3 4943 10942 10943
3 4944 10944 8158
3 4945 8157 10945
3 4946 10946 10947
3 4947 10948 8166
3 4948 8165 10949
3 4949 10950 10951
3 4950 10952 8162
3 4951 8167 10953
3 4952 10954 10955
3 4953 10956 8164
3 4954 8163 10957
3 4955 10958 10959
3 4956 10960 8172
3 4957 8171 10961
3 4958 10962 10963
3 4959 10964 8168
3 4960 8173 10965
3 4961 10966 10967
3 4962 10968 8170
3 4963 8169 10969
3 4964 10970 10971
3 4965 10972 8178
3 4966 8177 10973
3 4967 10974 10975
3 4968 10976 8174
3 4969 8179 10977
3 4970 10978 10979
3 4971 10980 8176
3 4972 8175 10981
3 4973 10982 10983
3 4974 10984 8184
3 4975 8183 10985
3 4976 10986 10987
3 4977 10988 8180
3 4978 8185 10989
3 4979 10990 10991
3 4980 10992 8182
3 4981 8181 10993
3 4982 10994 10995
3 4983 10996 8190
3 4984 8189 10997
3 4985 10998 10999
3 4986 11000 8186
3 4987 8191 11001
3 4988 11002 11003
3 4989 11004 8188
3 4990 8187 11005
3 4991 11006 11007
3 4992 11008 8196
3 4993 8195 11009
3 4994 11010 11011
3 4995 11012 8192
3 4996 8197 11013
3 4997 11014 11015
3 4998 11016 8194
3 4999 8193 11017
3 5000 11018 11019
3 5001 11020 8202
3 5002 8201 11021
3 5003 11022 11023
3 5004 11024 8198
3 5005 8203 11025
3 5006 11026 11027
3 5007 11028 8200
3 5008 8199 11029
3 5009 11030 11031
3 5010 11032 8208
3 5011 8207 11033
3 5012 11034 11035
3 5013 11036 8204
3 5014 8209 11037
3 5015 11038 11039
3 5016 11040 8206
3 5017 8205 11041
3 5018 11042 11043
3 5019 11044 8214
3 5020 8213 11045
3 5021 11046 11047
3 5022 11048 8210
3 5023 8215 11049
3 5024 11050 11051
3 5025 11052 8212
3 5026 8211 11053
3 5027 11054 11055
3 5028 11056 8220
3 5029 8219 11057
3 5030 11058 11059
3 5031 11060 8216
3 5032 8221 11061
3 5033 11062 11063
3 5034 11064 8218
3 5035 8217 11065
3 5036 11066 11067
3 5037 11068 8226
3 5038 8225 11069
3 5039 11070 11071
3 5040 11072 8222
3 5041 8227 11073
3 5042 11074 11075
3 5043 11076 8224
3 5044 8223 11077
3 5045 11078 11079
3 5046 11080 8232
3 5047 8231 11081
3 5048 11082 11083
3 5049 11084 8228
3 5050 8233 11085
3 5051 11086 11087
3 5052 11088 8230
3 5053 8229 11089
3 5054 11090 11091
3 5055 11092 8238
3 5056 8237 11093
3 5057 11094 11095
3 5058 11096 8234
3 5059 8239 11097
3 5060 11098 11099
3 5061 11100 8236
3 5062 8235 11101
3 5063 11102 11103
3 5064 11104 8244
3 5065 8243 11105
3 5066 11106 11107
3 5067 11108 8240
3 5068 8245 11109
3 5069 11110 11111
3 5070 11112 8242
3 5071 8241 11113
3 5072 11114 11115
3 5073 11116 8250
3 5074 8249 11117
3 5075 11118 11119
3 5076 11120 8246
3 5077 8251 11121
3 5078 11122 11123
3 5079 11124 8248
3 5080 8247 11125
3 5081 11126 11127
3 5082 11128 8256
3 5083 8255 11129
3 5084 11130 11131
3 5085 11132 8252
3 5086 8257 11133
3 5087 11134 11135
3 5088 11136 8254
3 5089 8253 11137
3 5090 11138 11139
3 5091 11140 8262
3 5092 8261 11141
3 5093 11142 9994
3 5094 9997 8258
3 5095 8263 11143
3 5096 9991 11144
3 5097 11145 8260
3 5098 8259 9992
3 5099 11146 11147
3 5100 11148 8268
3 5101 8267 11149
3 5102 11150 9986
3 5103 9989 8264
3 5104 8269 11151
3 5105 9995 11152
3 5106 11153 8266
3 5107 8265 9996
3 5108 11154 11155
3 5109 11156 8274
3 5110 8273 11157
3 5111 11158 9990
3 5112 9993 8270
3 5113 8275 11159
3 5114 9987 11160
3 5115 11161 8272
3 5116 8271 9988
3 5117 11162 11163
3 5118 11164 8280
3 5119 8279 11165
3 5120 11166 10006
3 5121 10009 8276
3 5122 8281 11167
3 5123 10003 11168
3 5124 11169 8278
3 5125 8277 10004
3 5126 11170 11171
3 5127 11172 8286
3 5128 8285 11173
3 5129 11174 9998
3 5130 10001 8282
3 5131 8287 11175
3 5132 10007 11176
3 5133 11177 8284
3 5134 8283 10008
3 5135 11178 11179
3 5136 11180 8292
3 5137 8291 11181
3 5138 11182 10002
3 5139 10005 8288
3 5140 8293 11183
3 5141 9999 11184
3 5142 11185 8290
3 5143 8289 10000
3 5144 11186 11187
3 5145 11188 8298
3 5146 8297 11189
3 5147 11190 10018
3 5148 10021 8294
3 5149 8299 11191
3 5150 10015 11192
3 5151 11193 8296
3 5152 8295 10016
3 5153 11194 11195
3 5154 11196 8304
3 5155 8303 11197
3 5156 11198 10010
3 5157 10013 8300
3 5158 8305 11199
3 5159 10019 11200
3 5160 11201 8302
3 5161 8301 10020
3 5162 11202 11203
3 5163 11204 8310
3 5164 8309 11205
3 5165 11206 10014
3 5166 10017 8306
3 5167 8311 11207
3 5168 10011 11208
3 5169 11209 8308
3 5170 8307 10012
3 5171 11210 11211
3 5172 11212 8316
3 5173 8315 11213
3 5174 11214 10030
3 5175 10033 8312
3 5176 8317 11215
3 5177 10027 11216
3 5178 11217 8314
3 5179 8313 10028
3 5180 11218 11219
3 5181 11220 8322
3 5182 8321 11221
3 5183 11222 10022
3 5184 10025 8318
3 5185 8323 11223
3 5186 10031 11224
3 5187 11225 8320
3 5188 8319 10032
3 5189 11226 11227
3 5190 11228 8328
3 5191 8327 11229
3 5192 11230 10026
3 5193 10029 8324
3 5194 8329 11231
3 5195 10023 11232
3 5196 11233 8326
3 5197 8325 10024
3 5198 11234 11235
3 5199 11236 8334
3 5200 8333 11237
3 5201 11238 10042
3 5202 10045 8330
3 5203 8335 11239
3 5204 10039 11240
3 5205 11241 8332
3 5206 8331 10040
3 5207 11242 11243
3 5208 11244 8340
3 5209 8339 11245
3 5210 11246 10034
3 5211 10037 8336
3 5212 8341 11247
3 5213 10043 11248
3 5214 11249 8338
3 5215 8337 10044
3 5216 11250 11251
3 5217 11252 8346
3 5218 8345 11253
3 5219 11254 10038
3 5220 10041 8342
3 5221 8347 11255
3 5222 10035 11256
3 5223 11257 8344
3 5224 8343 10036
3 5225 11258 11259
3 5226 11260 8352
3 5227 8351 11261
3 5228 11262 10054
3 5229 10057 8348
3 5230 8353 11263
3 5231 10051 11264
3 5232 11265 8350
3 5233 8349 10052
3 5234 11266 11267
3 5235 11268 8358
3 5236 8357 11269
3 5237 11270 10046
3 5238 10049 8354
3 5239 8359 11271
3 5240 10055 11272
3 5241 11273 8356
3 5242 8355 10056
3 5243 11274 11275
3 5244 11276 8364
3 5245 8363 11277
3 5246 11278 10050
3 5247 10053 8360
3 5248 8365 11279
3 5249 10047 11280
3 5250 11281 8362
3 5251 8361 10048
3 5252 11282 11283
3 5253 11284 8370
3 5254 8369 11285
3 5255 11286 10066
3 5256 10069 8366
3 5257 8371 11287
3 5258 10063 11288
3 5259 11289 8368
3 5260 8367 10064
3 5261 11290 11291
3 5262 11292 8376
3 5263 8375 11293
3 5264 11294 10058
3 5265 10061 8372
3 5266 8377 11295
3 5267 10067 11296
3 5268 11297 8374
3 5269 8373 10068
3 5270 11298 11299
3 5271 11300 8382
3 5272 8381 11301
3 5273 11302 10062
3 5274 10065 8378
3 5275 8383 11303
3 5276 10059 11304
3 5277 11305 8380
3 5278 8379 10060
3 5279 11306 11307
3 5280 11308 8388
3 5281 8387 11309
3 5282 11310 10078
3 5283 10081 8384
3 5284 8389 11311
3 5285 10075 11312
3 5286 11313 8386
3 5287 8385 10076
3 5288 11314 11315
3 5289 11316 8394
3 5290 8393 11317
3 5291 11318 10070
3 5292 10073 8390
3 5293 8395 11319
3 5294 10079 11320
3 5295 11321 8392
3 5296 8391 10080
3 5297 11322 11323
3 5298 11324 8400
3 5299 8399 11325
3 5300 11326 10074
3 5301 10077 8396
3 5302 8401 11327
3 5303 10071 11328
3 5304 11329 8398
3 5305 8397 10072
3 5306 11330 11331
3 5307 11332 8406
3 5308 8405 11333
3 5309 11334 10090
3 5310 10093 8402
3 5311 8407 11335
3 5312 10087 11336
3 5313 11337 8404
3 5314 8403 10088
3 5315 11338 11339
3 5316 11340 8412
3 5317 8411 11341
3 5318 11342 10082
3 5319 10085 8408
3 5320 8413 11343
3 5321 10091 11344
3 5322 11345 8410
3 5323 8409 10092
3 5324 11346 11347
3 5325 11348 8418
3 5326 8417 11349
3 5327 11350 10086
3 5328 10089 8414
3 5329 8419 11351
3 5330 10083 11352
3 5331 11353 8416
3 5332 8415 10084
3 5333 11354 11355
3 5334 11356 8424
3 5335 8423 11357
3 5336 11358 10102
3 5337 10105 8420
3 5338 8425 11359
3 5339 10099 11360
3 5340 11361 8422
3 5341 8421 10100
3 5342 11362 11363
3 5343 11364 8430
3 5344 8429 11365
3 5345 11366 10094
3 5346 10097 8426
3 5347 8431 11367
3 5348 10103 11368
3 5349 11369 8428
3 5350 8427 10104
3 5351 11370 11371
3 5352 11372 8436
3 5353 8435 11373
3 5354 11374 10098
3 5355 10101 8432
3 5356 8437 11375
3 5357 10095 11376
3 5358 11377 8434
3 5359 8433 10096
3 5360 11378 11379
3 5361 11380 8442
3 5362 8441 11381
3 5363 11382 10114
3 5364 10117 8438
3 5365 8443 11383
3 5366 10111 11384
3 5367 11385 8440
3 5368 8439 10112
3 5369 11386 11387
3 5370 11388 8448
3 5371 8447 11389
3 5372 11390 10106
3 5373 10109 8444
3 5374 8449 11391
3 5375 10115 11392
3 5376 11393 8446
3 5377 8445 10116
3 5378 11394 11395
3 5379 11396 8454
3 5380 8453 11397
3 5381 11398 10110
3 5382 10113 8450
3 5383 8455 11399
3 5384 10107 11400
3 5385 11401 8452
3 5386 8451 10108
3 5387 11402 11403
3 5388 11404 8460
3 5389 8459 11405
3 5390 11406 10126
3 5391 10129 8456
3 5392 8461 11407
3 5393 10123 11408
3 5394 11409 8458
3 5395 8457 10124
3 5396 11410 11411
3 5397 11412 8466
3 5398 8465 11413
3 5399 11414 10118
3 5400 10121 8462
3 5401 8467 11415
3 5402 10127 11416
3 5403 11417 8464
3 5404 8463 10128
3 5405 11418 11419
3 5406 11420 8472
3 5407 8471 11421
3 5408 11422 10122
3 5409 10125 8468
3 5410 8473 11423
3 5411 10119 11424
3 5412 11425 8470
3 5413 8469 10120
3 5414 11426 11427
3 5415 11428 8478
3 5416 8477 11429
3 5417 11430 10138
3 5418 10141 8474
3 5419 8479 11431
3 5420 10135 11432
3 5421 11433 8476
3 5422 8475 10136
3 5423 11434 11435
3 5424 11436 8484
3 5425 8483 11437
3 5426 11438 10130
3 5427 10133 8480
3 5428 8485 11439
3 5429 10139 11440
3 5430 11441 8482
3 5431 8481 10140
3 5432 11442 11443
3 5433 11444 8490
3 5434 8489 11445
3 5435 11446 10134
3 5436 10137 8486
3 5437 8491 11447
3 5438 10131 11448
3 5439 11449 8488
3 5440 8487 10132
3 5441 11450 11451
3 5442 11452 8496
3 5443 8495 11453
3 5444 11454 10150
3 5445 10153 8492
3 5446 8497 11455
3 5447 10147 11456
3 5448 11457 8494
3 5449 8493 10148
3 5450 11458 11459
3 5451 11460 8502
3 5452 8501 11461
3 5453 11462 10142
3 5454 10145 8498
3 5455 8503 11463
3 5456 10151 11464
3 5457 11465 8500
3 5458 8499 10152
3 5459 11466 11467
3 5460 11468 8508
3 5461 8507 11469
3 5462 11470 10146
3 5463 10149 8504
3 5464 8509 11471
3 5465 10143 11472
3 5466 11473 8506
3 5467 8505 10144
3 5468 11474 11475
3 5469 11476 8514
3 5470 8513 11477
3 5471 11478 10162
3 5472 10165 8510
3 5473 8515 11479
3 5474 10159 11480
3 5475 11481 8512
3 5476 8511 10160
3 5477 11482 11483
3 5478 11484 8520
3 5479 8519 11485
3 5480 11486 10154
3 5481 10157 8516
3 5482 8521 11487
3 5483 10163 11488
3 5484 11489 8518
3 5485 8517 10164
3 5486 11490 11491
3 5487 11492 8526
3 5488 8525 11493
3 5489 11494 10158
3 5490 10161 8522
3 5491 8527 11495
3 5492 10155 11496
3 5493 11497 8524
3 5494 8523 10156
3 5495 11498 11499
3 5496 11500 8532
3 5497 8531 11501
3 5498 11502 10174
3 5499 10177 8528
3 5500 8533 11503
3 5501 10171 11504
3 5502 11505 8530
3 5503 8529 10172
3 5504 11506 11507
3 5505 11508 8538
3 5506 8537 11509
3 5507 11510 10166
3 5508 10169 8534
3 5509 8539 11511
3 5510 10175 11512
3 5511 11513 8536
3 5512 8535 10176
3 5513 11514 11515
3 5514 11516 8544
3 5515 8543 11517
3 5516 11518 10170
3 5517 10173 8540
3 5518 8545 11519
3 5519 10167 11520
3 5520 11521 8542
3 5521 8541 10168
3 5522 11522 11523
3 5523 11524 8550
3 5524 8549 11525
3 5525 11526 10186
3 5526 10189 8546
3 5527 8551 11527
3 5528 10183 11528
3 5529 11529 8548
3 5530 8547 10184
3 5531 11530 11531
3 5532 11532 8556
3 5533 8555 11533
3 5534 11534 10178
3 5535 10181 8552
3 5536 8557 11535
3 5537 10187 11536
3 5538 11537 8554
3 5539 8553 10188
3 5540 11538 11539
3 5541 11540 8562
3 5542 8561 11541
3 5543 11542 10182
3 5544 10185 8558
3 5545 8563 11543
3 5546 10179 11544
3 5547 11545 8560
3 5548 8559 10180
3 5549 11546 11547
3 5550 11548 8568
3 5551 8567 11549
3 5552 11550 10198
3 5553 10201 8564
3 5554 8569 11551
3 5555 10195 11552
3 5556 11553 8566
3 5557 8565 10196
3 5558 11554 11555
3 5559 11556 8574
3 5560 8573 11557
3 5561 11558 10190
3 5562 10193 8570
3 5563 8575 11559
3 5564 10199 11560
3 5565 11561 8572
3 5566 8571 10200
3 5567 11562 11563
3 5568 11564 8580
3 5569 8579 11565
3 5570 11566 10194
3 5571 10197 8576
3 5572 8581 11567
3 5573 10191 11568
3 5574 11569 8578
3 5575 8577 10192
3 5576 11570 11571
3 5577 11572 8586
3 5578 8585 11573
3 5579 11574 10210
3 5580 10213 8582
3 5581 8587 11575
3 5582 10207 11576
3 5583 11577 8584
3 5584 8583 10208
3 5585 11578 11579
3 5586 11580 8592
3 5587 8591 11581
3 5588 11582 10202
3 5589 10205 8588
3 5590 8593 11583
3 5591 10211 11584
3 5592 11585 8590
3 5593 8589 10212
3 5594 11586 11587
3 5595 11588 8598
3 5596 8597 11589
3 5597 11590 10206
3 5598 10209 8594
3 5599 8599 11591
3 5600 10203 11592
3 5601 11593 8596
3 5602 8595 10204
3 5603 11594 11595
3 5604 11596 8604
3 5605 8603 11597
3 5606 11598 10222
3 5607 10225 8600
3 5608 8605 11599
3 5609 10219 11600
3 5610 11601 8602
3 5611 8601 10220
3 5612 11602 11603
3 5613 11604 8610
3 5614 8609 11605
3 5615 11606 10214
3 5616 10217 8606
3 5617 8611 11607
3 5618 10223 11608
3 5619 11609 8608
3 5620 8607 10224
3 5621 11610 11611
3 5622 11612 8616
3 5623 8615 11613
3 5624 11614 10218
3 5625 10221 8612
3 5626 8617 11615
3 5627 10215 11616
3 5628 11617 8614
3 5629 8613 10216
3 5630 11618 11619
3 5631 11620 8622
3 5632 8621 11621
3 5633 11622 10234
3 5634 10237 8618
3 5635 8623 11623
3 5636 10231 11624
3 5637 11625 8620
3 5638 8619 10232
3 5639 11626 11627
3 5640 11628 8628
3 5641 8627 11629
3 5642 11630 10226
3 5643 10229 8624
3 5644 8629 11631
3 5645 10235 11632
3 5646 11633 8626
3 5647 8625 10236
3 5648 11634 11635
3 5649 11636 8634
3 5650 8633 11637
3 5651 11638 10230
3 5652 10233 8630
3 5653 8635 11639
3 5654 10227 11640
3 5655 11641 8632
3 5656 8631 10228
3 5657 11642 11643
3 5658 11644 8640
3 5659 8639 11645
3 5660 11646 10246
3 5661 10249 8636
3 5662 8641 11647
3 5663 10243 11648
3 5664 11649 8638
3 5665 8637 10244
3 5666 11650 11651
3 5667 11652 8646
3 5668 8645 11653
3 5669 11654 10238
3 5670 10241 8642
3 5671 8647 11655
3 5672 10247 11656
3 5673 11657 8644
3 5674 8643 10248
3 5675 11658 11659
3 5676 11660 8652
3 5677 8651 11661
3 5678 11662 10242
3 5679 10245 8648
3 5680 8653 11663
3 5681 10239 11664
3 5682 11665 8650
3 5683 8649 10240
3 5684 11666 11667
3 5685 11668 8658
3 5686 8657 11669
3 5687 11670 10258
3 5688 10261 8654
3 5689 8659 11671
3 5690 10255 11672
3 5691 11673 8656
3 5692 8655 10256
3 5693 11674 11675
3 5694 11676 8664
3 5695 8663 11677
3 5696 11678 10250
3 5697 10253 8660
3 5698 8665 11679
3 5699 10259 11680
3 5700 11681 8662
3 5701 8661 10260
3 5702 11682 11683
3 5703 11684 8670
3 5704 8669 11685
3 5705 11686 10254
3 5706 10257 8666
3 5707 8671 11687
3 5708 10251 11688
3 5709 11689 8668
3 5710 8667 10252
3 5711 11690 11691
3 5712 11692 8676
3 5713 8675 11693
3 5714 11694 10270
3 5715 10273 8672
3 5716 8677 11695
3 5717 10267 11696
3 5718 11697 8674
3 5719 8673 10268
3 5720 11698 11699
3 5721 11700 8682
3 5722 8681 11701
3 5723 11702 10262
3 5724 10265 8678
3 5725 8683 11703
3 5726 10271 11704
3 5727 11705 8680
3 5728 8679 10272
3 5729 11706 11707
3 5730 11708 8688
3 5731 8687 11709
3 5732 11710 10266
3 5733 10269 8684
3 5734 8689 11711
3 5735 10263 11712
3 5736 11713 8686
3 5737 8685 10264
3 5738 11714 11715
3 5739 11716 8694
3 5740 8693 11717
3 5741 11718 10282
3 5742 10285 8690
3 5743 8695 11719
3 5744 10279 11720
3 5745 11721 8692
3 5746 8691 10280
3 5747 11722 11154
3 5748 11157 8700
3 5749 8699 11723
3 5750 11160 10274
3 5751 10277 8696
3 5752 8701 11161
3 5753 10283 11724
3 5754 11725 8698
3 5755 8697 10284
3 5756 11147 11726
3 5757 11727 8706
3 5758 8705 11148
3 5759 11728 10278
3 5760 10281 8702
3 5761 8707 11729
3 5762 10275 11150
3 5763 11151 8704
3 5764 8703 10276
3 5765 11730 11731
3 5766 11732 8712
3 5767 8711 11733
3 5768 11734 10294
3 5769 10297 8708
3 5770 8713 11735
3 5771 10291 11736
3 5772 11737 8710
3 5773 8709 10292
3 5774 11738 11138
3 5775 11141 8718
3 5776 8717 11739
3 5777 11144 10286
3 5778 10289 8714
3 5779 8719 11145
3 5780 10295 11740
3 5781 11741 8716
3 5782 8715 10296
3 5783 11155 11742
3 5784 11743 8724
3 5785 8723 11156
3 5786 11744 10290
3 5787 10293 8720
3 5788 8725 11745
3 5789 10287 11158
3 5790 11159 8722
3 5791 8721 10288
3 5792 11746 11747
3 5793 11748 8730
3 5794 8729 11749
3 5795 11750 10306
3 5796 10309 8726
3 5797 8731 11751
3 5798 10303 11752
3 5799 11753 8728
3 5800 8727 10304
3 5801 11754 11146
3 5802 11149 8736
3 5803 8735 11755
3 5804 11152 10298
3 5805 10301 8732
3 5806 8737 11153
3 5807 10307 11756
3 5808 11757 8734
3 5809 8733 10308
3 5810 11139 11758
3 5811 11759 8742
3 5812 8741 11140
3 5813 11760 10302
3 5814 10305 8738
3 5815 8743 11761
3 5816 10299 11142
3 5817 11143 8740
3 5818 8739 10300
3 5819 11762 11714
3 5820 11717 8748
3 5821 8747 11763
3 5822 11720 10318
3 5823 10321 8744
3 5824 8749 11721
3 5825 10315 11764
3 5826 11765 8746
3 5827 8745 10316
3 5828 11726 11178
3 5829 11181 8754
3 5830 8753 11727
3 5831 11184 10310
3 5832 10313 8750
3 5833 8755 11185
3 5834 10319 11728
3 5835 11729 8752
3 5836 8751 10320
3 5837 11171 11766
3 5838 11767 8760
3 5839 8759 11172
3 5840 11768 10314
3 5841 10317 8756
3 5842 8761 11769
3 5843 10311 11174
3 5844 11175 8758
3 5845 8757 10312
3 5846 11747 11770
3 5847 11771 8766
3 5848 8765 11748
3 5849 11772 10330
3 5850 10333 8762
3 5851 8767 11773
3 5852 10327 11750
3 5853 11751 8764
3 5854 8763 10328
3 5855 11774 11162
3 5856 11165 8772
3 5857 8771 11775
3 5858 11168 10322
3 5859 10325 8768
3 5860 8773 11169
3 5861 10331 11776
3 5862 11777 8770
3 5863 8769 10332
3 5864 11179 11754
3 5865 11755 8778
3 5866 8777 11180
3 5867 11756 10326
3 5868 10329 8774
3 5869 8779 11757
3 5870 10323 11182
3 5871 11183 8776
3 5872 8775 10324
3 5873 11778 11779
3 5874 11780 8784
3 5875 8783 11781
3 5876 11782 10342
3 5877 10345 8780
3 5878 8785 11783
3 5879 10339 11784
3 5880 11785 8782
3 5881 8781 10340
3 5882 11786 11170
3 5883 11173 8790
3 5884 8789 11787
3 5885 11176 10334
3 5886 10337 8786
3 5887 8791 11177
3 5888 10343 11788
3 5889 11789 8788
3 5890 8787 10344
3 5891 11163 11790
3 5892 11791 8796
3 5893 8795 11164
3 5894 11792 10338
3 5895 10341 8792
3 5896 8797 11793
3 5897 10335 11166
3 5898 11167 8794
3 5899 8793 10336
3 5900 11794 11762
3 5901 11763 8802
3 5902 8801 11795
3 5903 11764 10354
3 5904 10357 8798
3 5905 8803 11765
3 5906 10351 11796
3 5907 11797 8800
3 5908 8799 10352
3 5909 11766 11202
3 5910 11205 8808
3 5911 8807 11767
3 5912 11208 10346
3 5913 10349 8804
3 5914 8809 11209
3 5915 10355 11768
3 5916 11769 8806
3 5917 8805 10356
3 5918 11195 11798
3 5919 11799 8814
3 5920 8813 11196
3 5921 11800 10350
3 5922 10353 8810
3 5923 8815 11801
3 5924 10347 11198
3 5925 11199 8812
3 5926 8811 10348
3 5927 11779 11802
3 5928 11803 8820
3 5929 8819 11780
3 5930 11804 10366
3 5931 10369 8816
3 5932 8821 11805
3 5933 10363 11782
3 5934 11783 8818
3 5935 8817 10364
3 5936 11806 11186
3 5937 11189 8826
3 5938 8825 11807
3 5939 11192 10358
3 5940 10361 8822
3 5941 8827 11193
3 5942 10367 11808
3 5943 11809 8824
3 5944 8823 10368
3 5945 11203 11786
3 5946 11787 8832
3 5947 8831 11204
3 5948 11788 10362
3 5949 10365 8828
3 5950 8833 11789
3 5951 10359 11206
3 5952 11207 8830
3 5953 8829 10360
3 5954 11810 11811
3 5955 11812 8838
3 5956 8837 11813
3 5957 11814 10378
3 5958 10381 8834
3 5959 8839 11815
3 5960 10375 11816
3 5961 11817 8836
3 5962 8835 10376
3 5963 11818 11194
3 5964 11197 8844
3 5965 8843 11819
3 5966 11200 10370
3 5967 10373 8840
3 5968 8845 11201
3 5969 10379 11820
3 5970 11821 8842
3 5971 8841 10380
3 5972 11187 11822
3 5973 11823 8850
3 5974 8849 11188
3 5975 11824 10374
3 5976 10377 8846
3 5977 8851 11825
3 5978 10371 11190
3 5979 11191 8848
3 5980 8847 10372
3 5981 11715 11794
3 5982 11795 8856
3 5983 8855 11716
3 5984 11796 10390
3 5985 10393 8852
3 5986 8857 11797
3 5987 10387 11718
3 5988 11719 8854
3 5989 8853 10388
3 5990 11798 11226
3 5991 11229 8862
3 5992 8861 11799
3 5993 11232 10382
3 5994 10385 8858
3 5995 8863 11233
3 5996 10391 11800
3 5997 11801 8860
3 5998 8859 10392
3 5999 11219 11722
3 6000 11723 8868
3 6001 8867 11220
3 6002 11724 10386
3 6003 10389 8864
3 6004 8869 11725
3 6005 10383 11222
3 6006 11223 8866
3 6007 8865 10384
3 6008 11811 11826
3 6009 11827 8874
3 6010 8873 11812
3 6011 11828 10402
3 6012 10405 8870
3 6013 8875 11829
3 6014 10399 11814
3 6015 11815 8872
3 6016 8871 10400
3 6017 11830 11210
3 6018 11213 8880
3 6019 8879 11831
3 6020 11216 10394
3 6021 10397 8876
3 6022 8881 11217
3 6023 10403 11832
3 6024 11833 8878
3 6025 8877 10404
3 6026 11227 11818
3 6027 11819 8886
3 6028 8885 11228
3 6029 11820 10398
3 6030 10401 8882
3 6031 8887 11821
3 6032 10395 11230
3 6033 11231 8884
3 6034 8883 10396
3 6035 11834 11730
3 6036 11733 8892
3 6037 8891 11835
3 6038 11736 10414
3 6039 10417 8888
3 6040 8893 11737
3 6041 10411 11836
3 6042 11837 8890
3 6043 8889 10412
3 6044 11742 11218
3 6045 11221 8898
3 6046 8897 11743
3 6047 11224 10406
3 6048 10409 8894
3 6049 8899 11225
3 6050 10415 11744
3 6051 11745 8896
3 6052 8895 10416
3 6053 11211 11838
3 6054 11839 8904
3 6055 8903 11212
3 6056 11840 10410
3 6057 10413 8900
3 6058 8905 11841
3 6059 10407 11214
3 6060 11215 8902
3 6061 8901 10408
3 6062 11842 11843
3 6063 11844 8910
3 6064 8909 11845
3 6065 11846 10426
3 6066 10429 8906
3 6067 8911 11847
3 6068 10423 11848
3 6069 11849 8908
3 6070 8907 10424
3 6071 11850 11250
3 6072 11253 8916
3 6073 8915 11851
3 6074 11256 10418
3 6075 10421 8912
3 6076 8917 11257
3 6077 10427 11852
3 6078 11853 8914
3 6079 8913 10428
3 6080 11243 11854
3 6081 11855 8922
3 6082 8921 11244
3 6083 11856 10422
3 6084 10425 8918
3 6085 8923 11857
3 6086 10419 11246
3 6087 11247 8920
3 6088 8919 10420
3 6089 11858 11859
3 6090 11860 8928
3 6091 8927 11861
3 6092 11862 10438
3 6093 10441 8924
3 6094 8929 11863
3 6095 10435 11864
3 6096 11865 8926
3 6097 8925 10436
3 6098 11866 11234
3 6099 11237 8934
3 6100 8933 11867
3 6101 11240 10430
3 6102 10433 8930
3 6103 8935 11241
3 6104 10439 11868
3 6105 11869 8932
3 6106 8931 10440
3 6107 11251 11870
3 6108 11871 8940
3 6109 8939 11252
3 6110 11872 10434
3 6111 10437 8936
3 6112 8941 11873
3 6113 10431 11254
3 6114 11255 8938
3 6115 8937 10432
3 6116 11874 11875
3 6117 11876 8946
3 6118 8945 11877
3 6119 11878 10450
3 6120 10453 8942
3 6121 8947 11879
3 6122 10447 11880
3 6123 11881 8944
3 6124 8943 10448
3 6125 11882 11242
3 6126 11245 8952
3 6127 8951 11883
3 6128 11248 10442
3 6129 10445 8948
3 6130 8953 11249
3 6131 10451 11884
3 6132 11885 8950
3 6133 8949 10452
3 6134 11235 11886
3 6135 11887 8958
3 6136 8957 11236
3 6137 11888 10446
3 6138 10449 8954
3 6139 8959 11889
3 6140 10443 11238
3 6141 11239 8956
3 6142 8955 10444
3 6143 11890 11842
3 6144 11845 8964
3 6145 8963 11891
3 6146 11848 10462
3 6147 10465 8960
3 6148 8965 11849
3 6149 10459 11892
3 6150 11893 8962
3 6151 8961 10460
3 6152 11854 11274
3 6153 11277 8970
3 6154 8969 11855
3 6155 11280 10454
3 6156 10457 8966
3 6157 8971 11281
3 6158 10463 11856
3 6159 11857 8968
3 6160 8967 10464
3 6161 11267 11894
3 6162 11895 8976
3 6163 8975 11268
3 6164 11896 10458
3 6165 10461 8972
3 6166 8977 11897
3 6167 10455 11270
3 6168 11271 8974
3 6169 8973 10456
3 6170 11875 11898
3 6171 11899 8982
3 6172 8981 11876
3 6173 11900 10474
3 6174 10477 8978
3 6175 8983 11901
3 6176 10471 11878
3 6177 11879 8980
3 6178 8979 10472
3 6179 11902 11258
3 6180 11261 8988
3 6181 8987 11903
3 6182 11264 10466
3 6183 10469 8984
3 6184 8989 11265
3 6185 10475 11904
3 6186 11905 8986
3 6187 8985 10476
3 6188 11275 11882
3 6189 11883 8994
3 6190 8993 11276
3 6191 11884 10470
3 6192 10473 8990
3 6193 8995 11885
3 6194 10467 11278
3 6195 11279 8992
3 6196 8991 10468
3 6197 11906 11907
3 6198 11908 9000
3 6199 8999 11909
3 6200 11910 10486
3 6201 10489 8996
3 6202 9001 11911
3 6203 10483 11912
3 6204 11913 8998
3 6205 8997 10484
3 6206 11914 11266
3 6207 11269 9006
3 6208 9005 11915
3 6209 11272 10478
3 6210 10481 9002
3 6211 9007 11273
3 6212 10487 11916
3 6213 11917 9004
3 6214 9003 10488
3 6215 11259 11918
3 6216 11919 9012
3 6217 9011 11260
3 6218 11920 10482
3 6219 10485 9008
3 6220 9013 11921
3 6221 10479 11262
3 6222 11263 9010
3 6223 9009 10480
3 6224 11922 11890
3 6225 11891 9018
3 6226 9017 11923
3 6227 11892 10498
3 6228 10501 9014
3 6229 9019 11893
3 6230 10495 11924
3 6231 11925 9016
3 6232 9015 10496
3 6233 11894 11298
3 6234 11301 9024
3 6235 9023 11895
3 6236 11304 10490
3 6237 10493 9020
3 6238 9025 11305
3 6239 10499 11896
3 6240 11897 9022
3 6241 9021 10500
3 6242 11291 11926
3 6243 11927 9030
3 6244 9029 11292
3 6245 11928 10494
3 6246 10497 9026
3 6247 9031 11929
3 6248 10491 11294
3 6249 11295 9028
3 6250 9027 10492
3 6251 11907 11810
3 6252 11813 9036
3 6253 9035 11908
3 6254 11816 10510
3 6255 10513 9032
3 6256 9037 11817
3 6257 10507 11910
3 6258 11911 9034
3 6259 9033 10508
3 6260 11822 11282
3 6261 11285 9042
3 6262 9041 11823
3 6263 11288 10502
3 6264 10505 9038
3 6265 9043 11289
3 6266 10511 11824
3 6267 11825 9040
3 6268 9039 10512
3 6269 11299 11914
3 6270 11915 9048
3 6271 9047 11300
3 6272 11916 10506
3 6273 10509 9044
3 6274 9049 11917
3 6275 10503 11302
3 6276 11303 9046
3 6277 9045 10504
3 6278 11802 11930
3 6279 11931 9054
3 6280 9053 11803
3 6281 11932 10522
3 6282 10525 9050
3 6283 9055 11933
3 6284 10519 11804
3 6285 11805 9052
3 6286 9051 10520
3 6287 11934 11290
3 6288 11293 9060
3 6289 9059 11935
3 6290 11296 10514
3 6291 10517 9056
3 6292 9061 11297
3 6293 10523 11936
3 6294 11937 9058
3 6295 9057 10524
3 6296 11283 11806
3 6297 11807 9066
3 6298 9065 11284
3 6299 11808 10518
3 6300 10521 9062
3 6301 9067 11809
3 6302 10515 11286
3 6303 11287 9064
3 6304 9063 10516
3 6305 11843 11922
3 6306 11923 9072
3 6307 9071 11844
3 6308 11924 10534
3 6309 10537 9068
3 6310 9073 11925
3 6311 10531 11846
3 6312 11847 9070
3 6313 9069 10532
3 6314 11926 11322
3 6315 11325 9078
3 6316 9077 11927
3 6317 11328 10526
3 6318 10529 9074
3 6319 9079 11329
3 6320 10535 11928
3 6321 11929 9076
3 6322 9075 10536
3 6323 11315 11850
3 6324 11851 9084
3 6325 9083 11316
3 6326 11852 10530
3 6327 10533 9080
3 6328 9085 11853
3 6329 10527 11318
3 6330 11319 9082
3 6331 9081 10528
3 6332 11930 11938
3 6333 11939 9090
3 6334 9089 11931
3 6335 11940 10546
3 6336 10549 9086
3 6337 9091 11941
3 6338 10543 11932
3 6339 11933 9088
3 6340 9087 10544
3 6341 11942 11306
3 6342 11309 9096
3 6343 9095 11943
3 6344 11312 10538
3 6345 10541 9092
3 6346 9097 11313
3 6347 10547 11944
3 6348 11945 9094
3 6349 9093 10548
3 6350 11323 11934
3 6351 11935 9102
3 6352 9101 11324
3 6353 11936 10542
3 6354 10545 9098
3 6355 9103 11937
3 6356 10539 11326
3 6357 11327 9100
3 6358 9099 10540
3 6359 11946 11858
3 6360 11861 9108
3 6361 9107 11947
3 6362 11864 10558
3 6363 10561 9104
3 6364 9109 11865
3 6365 10555 11948
3 6366 11949 9106
3 6367 9105 10556
3 6368 11870 11314
3 6369 11317 9114
3 6370 9113 11871
3 6371 11320 10550
3 6372 10553 9110
3 6373 9115 11321
3 6374 10559 11872
3 6375 11873 9112
3 6376 9111 10560
3 6377 11307 11950
3 6378 11951 9120
3 6379 9119 11308
3 6380 11952 10554
3 6381 10557 9116
3 6382 9121 11953
3 6383 10551 11310
3 6384 11311 9118
3 6385 9117 10552
3 6386 11954 11955
3 6387 11956 9126
3 6388 9125 11957
3 6389 11958 10570
3 6390 10573 9122
3 6391 9127 11959
3 6392 10567 11960
3 6393 11961 9124
3 6394 9123 10568
3 6395 11962 11346
3 6396 11349 9132
3 6397 9131 11963
3 6398 11352 10562
3 6399 10565 9128
3 6400 9133 11353
3 6401 10571 11964
3 6402 11965 9130
3 6403 9129 10572
3 6404 11339 11966
3 6405 11967 9138
3 6406 9137 11340
3 6407 11968 10566
3 6408 10569 9134
3 6409 9139 11969
3 6410 10563 11342
3 6411 11343 9136
3 6412 9135 10564
3 6413 11970 11874
3 6414 11877 9144
3 6415 9143 11971
3 6416 11880 10582
3 6417 10585 9140
3 6418 9145 11881
3 6419 10579 11972
3 6420 11973 9142
3 6421 9141 10580
3 6422 11886 11330
3 6423 11333 9150
3 6424 9149 11887
3 6425 11336 10574
3 6426 10577 9146
3 6427 9151 11337
3 6428 10583 11888
3 6429 11889 9148
3 6430 9147 10584
3 6431 11347 11974
3 6432 11975 9156
3 6433 9155 11348
3 6434 11976 10578
3 6435 10581 9152
3 6436 9157 11977
3 6437 10575 11350
3 6438 11351 9154
3 6439 9153 10576
3 6440 11859 11978
3 6441 11979 9162
3 6442 9161 11860
3 6443 11980 10594
3 6444 10597 9158
3 6445 9163 11981
3 6446 10591 11862
3 6447 11863 9160
3 6448 9159 10592
3 6449 11982 11338
3 6450 11341 9168
3 6451 9167 11983
3 6452 11344 10586
3 6453 10589 9164
3 6454 9169 11345
3 6455 10595 11984
3 6456 11985 9166
3 6457 9165 10596
3 6458 11331 11866
3 6459 11867 9174
3 6460 9173 11332
3 6461 11868 10590
3 6462 10593 9170
3 6463 9175 11869
3 6464 10587 11334
3 6465 11335 9172
3 6466 9171 10588
3 6467 11986 11954
3 6468 11957 9180
3 6469 9179 11987
3 6470 11960 10606
3 6471 10609 9176
3 6472 9181 11961
3 6473 10603 11988
3 6474 11989 9178
3 6475 9177 10604
3 6476 11966 11370
3 6477 11373 9186
3 6478 9185 11967
3 6479 11376 10598
3 6480 10601 9182
3 6481 9187 11377
3 6482 10607 11968
3 6483 11969 9184
3 6484 9183 10608
3 6485 11363 11990
3 6486 11991 9192
3 6487 9191 11364
3 6488 11992 10602
3 6489 10605 9188
3 6490 9193 11993
3 6491 10599 11366
3 6492 11367 9190
3 6493 9189 10600
3 6494 11978 11994
3 6495 11995 9198
3 6496 9197 11979
3 6497 11996 10618
3 6498 10621 9194
3 6499 9199 11997
3 6500 10615 11980
3 6501 11981 9196
3 6502 9195 10616
3 6503 11998 11354
3 6504 11357 9204
3 6505 9203 11999
3 6506 11360 10610
3 6507 10613 9200
3 6508 9205 11361
3 6509 10619 12000
3 6510 12001 9202
3 6511 9201 10620
3 6512 11371 11982
3 6513 11983 9210
3 6514 9209 11372
3 6515 11984 10614
3 6516 10617 9206
3 6517 9211 11985
3 6518 10611 11374
3 6519 11375 9208
3 6520 9207 10612
3 6521 12002 12003
3 6522 12004 9216
3 6523 9215 12005
3 6524 12006 10630
3 6525 10633 9212
3 6526 9217 12007
3 6527 10627 12008
3 6528 12009 9214
3 6529 9213 10628
3 6530 12010 11362
3 6531 11365 9222
3 6532 9221 12011
3 6533 11368 10622
3 6534 10625 9218
3 6535 9223 11369
3 6536 10631 12012
3 6537 12013 9220
3 6538 9219 10632
3 6539 11355 12014
3 6540 12015 9228
3 6541 9227 11356
3 6542 12016 10626
3 6543 10629 9224
3 6544 9229 12017
3 6545 10623 11358
3 6546 11359 9226
3 6547 9225 10624
3 6548 12018 11986
3 6549 11987 9234
3 6550 9233 12019
3 6551 11988 10642
3 6552 10645 9230
3 6553 9235 11989
3 6554 10639 12020
3 6555 12021 9232
3 6556 9231 10640
3 6557 11990 11394
3 6558 11397 9240
3 6559 9239 11991
3 6560 11400 10634
3 6561 10637 9236
3 6562 9241 11401
3 6563 10643 11992
3 6564 11993 9238
3 6565 9237 10644
3 6566 11387 12022
3 6567 12023 9246
3 6568 9245 11388
3 6569 12024 10638
3 6570 10641 9242
3 6571 9247 12025
3 6572 10635 11390
3 6573 11391 9244
3 6574 9243 10636
3 6575 12003 12026
3 6576 12027 9252
3 6577 9251 12004
3 6578 12028 10654
3 6579 10657 9248
3 6580 9253 12029
3 6581 10651 12006
3 6582 12007 9250
3 6583 9249 10652
3 6584 12030 11378
3 6585 11381 9258
3 6586 9257 12031
3 6587 11384 10646
3 6588 10649 9254
3 6589 9259 11385
3 6590 10655 12032
3 6591 12033 9256
3 6592 9255 10656
3 6593 11395 12010
3 6594 12011 9264
3 6595 9263 11396
3 6596 12012 10650
3 6597 10653 9260
3 6598 9265 12013
3 6599 10647 11398
3 6600 11399 9262
3 6601 9261 10648
3 6602 12034 12035
3 6603 12036 9270
3 6604 9269 12037
3 6605 12038 10666
3 6606 10669 9266
3 6607 9271 12039
3 6608 10663 12040
3 6609 12041 9268
3 6610 9267 10664
3 6611 12042 11386
3 6612 11389 9276
3 6613 9275 12043
3 6614 11392 10658
3 6615 10661 9272
3 6616 9277 11393
3 6617 10667 12044
3 6618 12045 9274
3 6619 9273 10668
3 6620 11379 12046
3 6621 12047 9282
3 6622 9281 11380
3 6623 12048 10662
3 6624 10665 9278
3 6625 9283 12049
3 6626 10659 11382
3 6627 11383 9280
3 6628 9279 10660
3 6629 11955 12018
3 6630 12019 9288
3 6631 9287 11956
3 6632 12020 10678
3 6633 10681 9284
3 6634 9289 12021
3 6635 10675 11958
3 6636 11959 9286
3 6637 9285 10676
3 6638 12022 11418
3 6639 11421 9294
3 6640 9293 12023
3 6641 11424 10670
3 6642 10673 9290
3 6643 9295 11425
3 6644 10679 12024
3 6645 12025 9292
3 6646 9291 10680
3 6647 11411 11962
3 6648 11963 9300
3 6649 9299 11412
3 6650 11964 10674
3 6651 10677 9296
3 6652 9301 11965
3 6653 10671 11414
3 6654 11415 9298
3 6655 9297 10672
3 6656 12035 12050
3 6657 12051 9306
3 6658 9305 12036
3 6659 12052 10690
3 6660 10693 9302
3 6661 9307 12053
3 6662 10687 12038
3 6663 12039 9304
3 6664 9303 10688
3 6665 12054 11402
3 6666 11405 9312
3 6667 9311 12055
3 6668 11408 10682
3 6669 10685 9308
3 6670 9313 11409
3 6671 10691 12056
3 6672 12057 9310
3 6673 9309 10692
3 6674 11419 12042
3 6675 12043 9318
3 6676 9317 11420
3 6677 12044 10686
3 6678 10689 9314
3 6679 9319 12045
3 6680 10683 11422
3 6681 11423 9316
3 6682 9315 10684
3 6683 12058 11970
3 6684 11971 9324
3 6685 9323 12059
3 6686 11972 10702
3 6687 10705 9320
3 6688 9325 11973
3 6689 10699 12060
3 6690 12061 9322
3 6691 9321 10700
3 6692 11974 11410
3 6693 11413 9330
3 6694 9329 11975
3 6695 11416 10694
3 6696 10697 9326
3 6697 9331 11417
3 6698 10703 11976
3 6699 11977 9328
3 6700 9327 10704
3 6701 11403 12062
3 6702 12063 9336
3 6703 9335 11404
3 6704 12064 10698
3 6705 10701 9332
3 6706 9337 12065
3 6707 10695 11406
3 6708 11407 9334
3 6709 9333 10696
3 6710 12066 12067
3 6711 12068 9342
3 6712 9341 12069
3 6713 12070 10714
3 6714 10717 9338
3 6715 9343 12071
3 6716 10711 12072
3 6717 12073 9340
3 6718 9339 10712
3 6719 12074 11442
3 6720 11445 9348
3 6721 9347 12075
3 6722 11448 10706
3 6723 10709 9344
3 6724 9349 11449
3 6725 10715 12076
3 6726 12077 9346
3 6727 9345 10716
3 6728 11435 12078
3 6729 12079 9354
3 6730 9353 11436
3 6731 12080 10710
3 6732 10713 9350
3 6733 9355 12081
3 6734 10707 11438
3 6735 11439 9352
3 6736 9351 10708
3 6737 12082 11746
3 6738 11749 9360
3 6739 9359 12083
3 6740 11752 10726
3 6741 10729 9356
3 6742 9361 11753
3 6743 10723 12084
3 6744 12085 9358
3 6745 9357 10724
3 6746 11758 11426
3 6747 11429 9366
3 6748 9365 11759
3 6749 11432 10718
3 6750 10721 9362
3 6751 9367 11433
3 6752 10727 11760
3 6753 11761 9364
3 6754 9363 10728
3 6755 11443 12086
3 6756 12087 9372
3 6757 9371 11444
3 6758 12088 10722
3 6759 10725 9368
3 6760 9373 12089
3 6761 10719 11446
3 6762 11447 9370
3 6763 9369 10720
3 6764 11731 12090
3 6765 12091 9378
3 6766 9377 11732
3 6767 12092 10738
3 6768 10741 9374
3 6769 9379 12093
3 6770 10735 11734
3 6771 11735 9376
3 6772 9375 10736
3 6773 12094 11434
3 6774 11437 9384
3 6775 9383 12095
3 6776 11440 10730
3 6777 10733 9380
3 6778 9385 11441
3 6779 10739 12096
3 6780 12097 9382
3 6781 9381 10740
3 6782 11427 11738
3 6783 11739 9390
3 6784 9389 11428
3 6785 11740 10734
3 6786 10737 9386
3 6787 9391 11741
3 6788 10731 11430
3 6789 11431 9388
3 6790 9387 10732
3 6791 12098 12066
3 6792 12069 9396
3 6793 9395 12099
3 6794 12072 10750
3 6795 10753 9392
3 6796 9397 12073
3 6797 10747 12100
3 6798 12101 9394
3 6799 9393 10748
3 6800 12078 11466
3 6801 11469 9402
3 6802 9401 12079
3 6803 11472 10742
3 6804 10745 9398
3 6805 9403 11473
3 6806 10751 12080
3 6807 12081 9400
3 6808 9399 10752
3 6809 11459 12102
3 6810 12103 9408
3 6811 9407 11460
3 6812 12104 10746
3 6813 10749 9404
3 6814 9409 12105
3 6815 10743 11462
3 6816 11463 9406
3 6817 9405 10744
3 6818 12090 12106
3 6819 12107 9414
3 6820 9413 12091
3 6821 12108 10762
3 6822 10765 9410
3 6823 9415 12109
3 6824 10759 12092
3 6825 12093 9412
3 6826 9411 10760
3 6827 12110 11450
3 6828 11453 9420
3 6829 9419 12111
3 6830 11456 10754
3 6831 10757 9416
3 6832 9421 11457
3 6833 10763 12112
3 6834 12113 9418
3 6835 9417 10764
3 6836 11467 12094
3 6837 12095 9426
3 6838 9425 11468
3 6839 12096 10758
3 6840 10761 9422
3 6841 9427 12097
3 6842 10755 11470
3 6843 11471 9424
3 6844 9423 10756
3 6845 12114 12115
3 6846 12116 9432
3 6847 9431 12117
3 6848 12118 10774
3 6849 10777 9428
3 6850 9433 12119
3 6851 10771 12120
3 6852 12121 9430
3 6853 9429 10772
3 6854 12122 11458
3 6855 11461 9438
3 6856 9437 12123
3 6857 11464 10766
3 6858 10769 9434
3 6859 9439 11465
3 6860 10775 12124
3 6861 12125 9436
3 6862 9435 10776
3 6863 11451 12126
3 6864 12127 9444
3 6865 9443 11452
3 6866 12128 10770
3 6867 10773 9440
3 6868 9445 12129
3 6869 10767 11454
3 6870 11455 9442
3 6871 9441 10768
3 6872 12130 12098
3 6873 12099 9450
3 6874 9449 12131
3 6875 12100 10786
3 6876 10789 9446
3 6877 9451 12101
3 6878 10783 12132
3 6879 12133 9448
3 6880 9447 10784
3 6881 12102 11490
3 6882 11493 9456
3 6883 9455 12103
3 6884 11496 10778
3 6885 10781 9452
3 6886 9457 11497
3 6887 10787 12104
3 6888 12105 9454
3 6889 9453 10788
3 6890 11483 12134
3 6891 12135 9462
3 6892 9461 11484
3 6893 12136 10782
3 6894 10785 9458
3 6895 9463 12137
3 6896 10779 11486
3 6897 11487 9460
3 6898 9459 10780
3 6899 12115 12034
3 6900 12037 9468
3 6901 9467 12116
3 6902 12040 10798
3 6903 10801 9464
3 6904 9469 12041
3 6905 10795 12118
3 6906 12119 9466
3 6907 9465 10796
3 6908 12046 11474
3 6909 11477 9474
3 6910 9473 12047
3 6911 11480 10790
3 6912 10793 9470
3 6913 9475 11481
3 6914 10799 12048
3 6915 12049 9472
3 6916 9471 10800
3 6917 11491 12122
3 6918 12123 9480
3 6919 9479 11492
3 6920 12124 10794
3 6921 10797 9476
3 6922 9481 12125
3 6923 10791 11494
3 6924 11495 9478
3 6925 9477 10792
3 6926 12026 12138
3 6927 12139 9486
3 6928 9485 12027
3 6929 12140 10810
3 6930 10813 9482
3 6931 9487 12141
3 6932 10807 12028
3 6933 12029 9484
3 6934 9483 10808
3 6935 12142 11482
3 6936 11485 9492
3 6937 9491 12143
3 6938 11488 10802
3 6939 10805 9488
3 6940 9493 11489
3 6941 10811 12144
3 6942 12145 9490
3 6943 9489 10812
3 6944 11475 12030
3 6945 12031 9498
3 6946 9497 11476
3 6947 12032 10806
3 6948 10809 9494
3 6949 9499 12033
3 6950 10803 11478
3 6951 11479 9496
3 6952 9495 10804
3 6953 12067 12130
3 6954 12131 9504
3 6955 9503 12068
3 6956 12132 10822
3 6957 10825 9500
3 6958 9505 12133
3 6959 10819 12070
3 6960 12071 9502
3 6961 9501 10820
3 6962 12134 11514
3 6963 11517 9510
3 6964 9509 12135
3 6965 11520 10814
3 6966 10817 9506
3 6967 9511 11521
3 6968 10823 12136
3 6969 12137 9508
3 6970 9507 10824
3 6971 11507 12074
3 6972 12075 9516
3 6973 9515 11508
3 6974 12076 10818
3 6975 10821 9512
3 6976 9517 12077
3 6977 10815 11510
3 6978 11511 9514
3 6979 9513 10816
3 6980 12138 12146
3 6981 12147 9522
3 6982 9521 12139
3 6983 12148 10834
3 6984 10837 9518
3 6985 9523 12149
3 6986 10831 12140
3 6987 12141 9520
3 6988 9519 10832
3 6989 12150 11498
3 6990 11501 9528
3 6991 9527 12151
3 6992 11504 10826
3 6993 10829 9524
3 6994 9529 11505
3 6995 10835 12152
3 6996 12153 9526
3 6997 9525 10836
3 6998 11515 12142
3 6999 12143 9534
3 7000 9533 11516
3 7001 12144 10830
3 7002 10833 9530
3 7003 9535 12145
3 7004 10827 11518
3 7005 11519 9532
3 7006 9531 10828
3 7007 12154 12082
3 7008 12083 9540
3 7009 9539 12155
3 7010 12084 10846
3 7011 10849 9536
3 7012 9541 12085
3 7013 10843 12156
3 7014 12157 9538
3 7015 9537 10844
3 7016 12086 11506
3 7017 11509 9546
3 7018 9545 12087
3 7019 11512 10838
3 7020 10841 9542
3 7021 9547 11513
3 7022 10847 12088
3 7023 12089 9544
3 7024 9543 10848
3 7025 11499 12158
3 7026 12159 9552
3 7027 9551 11500
3 7028 12160 10842
3 7029 10845 9548
3 7030 9553 12161
3 7031 10839 11502
3 7032 11503 9550
3 7033 9549 10840
3 7034 12162 12163
3 7035 12164 9558
3 7036 9557 12165
3 7037 12166 10858
3 7038 10861 9554
3 7039 9559 12167
3 7040 10855 12168
3 7041 12169 9556
3 7042 9555 10856
3 7043 12170 11538
3 7044 11541 9564
3 7045 9563 12171
3 7046 11544 10850
3 7047 10853 9560
3 7048 9565 11545
3 7049 10859 12172
3 7050 12173 9562
3 7051 9561 10860
3 7052 11531 12174
3 7053 12175 9570
3 7054 9569 11532
3 7055 12176 10854
3 7056 10857 9566
3 7057 9571 12177
3 7058 10851 11534
3 7059 11535 9568
3 7060 9567 10852
3 7061 12178 12002
3 7062 12005 9576
3 7063 9575 12179
3 7064 12008 10870
3 7065 10873 9572
3 7066 9577 12009
3 7067 10867 12180
3 7068 12181 9574
3 7069 9573 10868
3 7070 12014 11522
3 7071 11525 9582
3 7072 9581 12015
3 7073 11528 10862
3 7074 10865 9578
3 7075 9583 11529
3 7076 10871 12016
3 7077 12017 9580
3 7078 9579 10872
3 7079 11539 12182
3 7080 12183 9588
3 7081 9587 11540
3 7082 12184 10866
3 7083 10869 9584
3 7084 9589 12185
3 7085 10863 11542
3 7086 11543 9586
3 7087 9585 10864
3 7088 11994 12186
3 7089 12187 9594
3 7090 9593 11995
3 7091 12188 10882
3 7092 10885 9590
3 7093 9595 12189
3 7094 10879 11996
3 7095 11997 9592
3 7096 9591 10880
3 7097 12190 11530
3 7098 11533 9600
3 7099 9599 12191
3 7100 11536 10874
3 7101 10877 9596
3 7102 9601 11537
3 7103 10883 12192
3 7104 12193 9598
3 7105 9597 10884
3 7106 11523 11998
3 7107 11999 9606
3 7108 9605 11524
3 7109 12000 10878
3 7110 10881 9602
3 7111 9607 12001
3 7112 10875 11526
3 7113 11527 9604
3 7114 9603 10876
3 7115 12194 12162
3 7116 12165 9612
3 7117 9611 12195
3 7118 12168 10894
3 7119 10897 9608
3 7120 9613 12169
3 7121 10891 12196
3 7122 12197 9610
3 7123 9609 10892
3 7124 12174 11562
3 7125 11565 9618
3 7126 9617 12175
3 7127 11568 10886
3 7128 10889 9614
3 7129 9619 11569
3 7130 10895 12176
3 7131 12177 9616
3 7132 9615 10896
3 7133 11555 12198
3 7134 12199 9624
3 7135 9623 11556
3 7136 12200 10890
3 7137 10893 9620
3 7138 9625 12201
3 7139 10887 11558
3 7140 11559 9622
3 7141 9621 10888
3 7142 12186 11946
3 7143 11947 9630
3 7144 9629 12187
3 7145 11948 10906
3 7146 10909 9626
3 7147 9631 11949
3 7148 10903 12188
3 7149 12189 9628
3 7150 9627 10904
3 7151 11950 11546
3 7152 11549 9636
3 7153 9635 11951
3 7154 11552 10898
3 7155 10901 9632
3 7156 9637 11553
3 7157 10907 11952
3 7158 11953 9634
3 7159 9633 10908
3 7160 11563 12190
3 7161 12191 9642
3 7162 9641 11564
3 7163 12192 10902
3 7164 10905 9638
3 7165 9643 12193
3 7166 10899 11566
3 7167 11567 9640
3 7168 9639 10900
3 7169 11938 12202
3 7170 12203 9648
3 7171 9647 11939
3 7172 12204 10918
3 7173 10921 9644
3 7174 9649 12205
3 7175 10915 11940
3 7176 11941 9646
3 7177 9645 10916
3 7178 12206 11554
3 7179 11557 9654
3 7180 9653 12207
3 7181 11560 10910
3 7182 10913 9650
3 7183 9655 11561
3 7184 10919 12208
3 7185 12209 9652
3 7186 9651 10920
3 7187 11547 11942
3 7188 11943 9660
3 7189 9659 11548
3 7190 11944 10914
3 7191 10917 9656
3 7192 9661 11945
3 7193 10911 11550
3 7194 11551 9658
3 7195 9657 10912
3 7196 12210 12194
3 7197 12195 9666
3 7198 9665 12211
3 7199 12196 10930
3 7200 10933 9662
3 7201 9667 12197
3 7202 10927 12212
3 7203 12213 9664
3 7204 9663 10928
3 7205 12198 11586
3 7206 11589 9672
3 7207 9671 12199
3 7208 11592 10922
3 7209 10925 9668
3 7210 9673 11593
3 7211 10931 12200
3 7212 12201 9670
3 7213 9669 10932
3 7214 11579 12214
3 7215 12215 9678
3 7216 9677 11580
3 7217 12216 10926
3 7218 10929 9674
3 7219 9679 12217
3 7220 10923 11582
3 7221 11583 9676
3 7222 9675 10924
3 7223 12202 11778
3 7224 11781 9684
3 7225 9683 12203
3 7226 11784 10942
3 7227 10945 9680
3 7228 9685 11785
3 7229 10939 12204
3 7230 12205 9682
3 7231 9681 10940
3 7232 11790 11570
3 7233 11573 9690
3 7234 9689 11791
3 7235 11576 10934
3 7236 10937 9686
3 7237 9691 11577
3 7238 10943 11792
3 7239 11793 9688
3 7240 9687 10944
3 7241 11587 12206
3 7242 12207 9696
3 7243 9695 11588
3 7244 12208 10938
3 7245 10941 9692
3 7246 9697 12209
3 7247 10935 11590
3 7248 11591 9694
3 7249 9693 10936
3 7250 11770 12218
3 7251 12219 9702
3 7252 9701 11771
3 7253 12220 10954
3 7254 10957 9698
3 7255 9703 12221
3 7256 10951 11772
3 7257 11773 9700
3 7258 9699 10952
3 7259 12222 11578
3 7260 11581 9708
3 7261 9707 12223
3 7262 11584 10946
3 7263 10949 9704
3 7264 9709 11585
3 7265 10955 12224
3 7266 12225 9706
3 7267 9705 10956
3 7268 11571 11774
3 7269 11775 9714
3 7270 9713 11572
3 7271 11776 10950
3 7272 10953 9710
3 7273 9715 11777
3 7274 10947 11574
3 7275 11575 9712
3 7276 9711 10948
3 7277 12163 12210
3 7278 12211 9720
3 7279 9719 12164
3 7280 12212 10966
3 7281 10969 9716
3 7282 9721 12213
3 7283 10963 12166
3 7284 12167 9718
3 7285 9717 10964
3 7286 12214 11610
3 7287 11613 9726
3 7288 9725 12215
3 7289 11616 10958
3 7290 10961 9722
3 7291 9727 11617
3 7292 10967 12216
3 7293 12217 9724
3 7294 9723 10968
3 7295 11603 12170
3 7296 12171 9732
3 7297 9731 11604
3 7298 12172 10962
3 7299 10965 9728
3 7300 9733 12173
3 7301 10959 11606
3 7302 11607 9730
3 7303 9729 10960
3 7304 12218 12154
3 7305 12155 9738
3 7306 9737 12219
3 7307 12156 10978
3 7308 10981 9734
3 7309 9739 12157
3 7310 10975 12220
3 7311 12221 9736
3 7312 9735 10976
3 7313 12158 11594
3 7314 11597 9744
3 7315 9743 12159
3 7316 11600 10970
3 7317 10973 9740
3 7318 9745 11601
3 7319 10979 12160
3 7320 12161 9742
3 7321 9741 10980
3 7322 11611 12222
3 7323 12223 9750
3 7324 9749 11612
3 7325 12224 10974
3 7326 10977 9746
3 7327 9751 12225
3 7328 10971 11614
3 7329 11615 9748
3 7330 9747 10972
3 7331 12146 12178
3 7332 12179 9756
3 7333 9755 12147
3 7334 12180 10990
3 7335 10993 9752
3 7336 9757 12181
3 7337 10987 12148
3 7338 12149 9754
3 7339 9753 10988
3 7340 12182 11602
3 7341 11605 9762
3 7342 9761 12183
3 7343 11608 10982
3 7344 10985 9758
3 7345 9763 11609
3 7346 10991 12184
3 7347 12185 9760
3 7348 9759 10992
3 7349 11595 12150
3 7350 12151 9768
3 7351 9767 11596
3 7352 12152 10986
3 7353 10989 9764
3 7354 9769 12153
3 7355 10983 11598
3 7356 11599 9766
3 7357 9765 10984
3 7358 12226 12227
3 7359 12228 9774
3 7360 9773 12229
3 7361 12230 11002
3 7362 11005 9770
3 7363 9775 12231
3 7364 10999 12232
3 7365 12233 9772
3 7366 9771 11000
3 7367 12234 11634
3 7368 11637 9780
3 7369 9779 12235
3 7370 11640 10994
3 7371 10997 9776
3 7372 9781 11641
3 7373 11003 12236
3 7374 12237 9778
3 7375 9777 11004
3 7376 11627 12238
3 7377 12239 9786
3 7378 9785 11628
3 7379 12240 10998
3 7380 11001 9782
3 7381 9787 12241
3 7382 10995 11630
3 7383 11631 9784
3 7384 9783 10996
3 7385 12242 11834
3 7386 11835 9792
3 7387 9791 12243
3 7388 11836 11014
3 7389 11017 9788
3 7390 9793 11837
3 7391 11011 12244
3 7392 12245 9790
3 7393 9789 11012
3 7394 11838 11618
3 7395 11621 9798
3 7396 9797 11839
3 7397 11624 11006
3 7398 11009 9794
3 7399 9799 11625
3 7400 11015 11840
3 7401 11841 9796
3 7402 9795 11016
3 7403 11635 12246
3 7404 12247 9804
3 7405 9803 11636
3 7406 12248 11010
3 7407 11013 9800
3 7408 9805 12249
3 7409 11007 11638
3 7410 11639 9802
3 7411 9801 11008
3 7412 11826 12250
3 7413 12251 9810
3 7414 9809 11827
3 7415 12252 11026
3 7416 11029 9806
3 7417 9811 12253
3 7418 11023 11828
3 7419 11829 9808
3 7420 9807 11024
3 7421 12254 11626
3 7422 11629 9816
3 7423 9815 12255
3 7424 11632 11018
3 7425 11021 9812
3 7426 9817 11633
3 7427 11027 12256
3 7428 12257 9814
3 7429 9813 11028
3 7430 11619 11830
3 7431 11831 9822
3 7432 9821 11620
3 7433 11832 11022
3 7434 11025 9818
3 7435 9823 11833
3 7436 11019 11622
3 7437 11623 9820
3 7438 9819 11020
3 7439 12258 12226
3 7440 12229 9828
3 7441 9827 12259
3 7442 12232 11038
3 7443 11041 9824
3 7444 9829 12233
3 7445 11035 12260
3 7446 12261 9826
3 7447 9825 11036
3 7448 12238 11658
3 7449 11661 9834
3 7450 9833 12239
3 7451 11664 11030
3 7452 11033 9830
3 7453 9835 11665
3 7454 11039 12240
3 7455 12241 9832
3 7456 9831 11040
3 7457 11651 12262
3 7458 12263 9840
3 7459 9839 11652
3 7460 12264 11034
3 7461 11037 9836
3 7462 9841 12265
3 7463 11031 11654
3 7464 11655 9838
3 7465 9837 11032
3 7466 12250 11906
3 7467 11909 9846
3 7468 9845 12251
3 7469 11912 11050
3 7470 11053 9842
3 7471 9847 11913
3 7472 11047 12252
3 7473 12253 9844
3 7474 9843 11048
3 7475 11918 11642
3 7476 11645 9852
3 7477 9851 11919
3 7478 11648 11042
3 7479 11045 9848
3 7480 9853 11649
3 7481 11051 11920
3 7482 11921 9850
3 7483 9849 11052
3 7484 11659 12254
3 7485 12255 9858
3 7486 9857 11660
3 7487 12256 11046
3 7488 11049 9854
3 7489 9859 12257
3 7490 11043 11662
3 7491 11663 9856
3 7492 9855 11044
3 7493 11898 12266
3 7494 12267 9864
3 7495 9863 11899
3 7496 12268 11062
3 7497 11065 9860
3 7498 9865 12269
3 7499 11059 11900
3 7500 11901 9862
3 7501 9861 11060
3 7502 12270 11650
3 7503 11653 9870
3 7504 9869 12271
3 7505 11656 11054
3 7506 11057 9866
3 7507 9871 11657
3 7508 11063 12272
3 7509 12273 9868
3 7510 9867 11064
3 7511 11643 11902
3 7512 11903 9876
3 7513 9875 11644
3 7514 11904 11058
3 7515 11061 9872
3 7516 9877 11905
3 7517 11055 11646
3 7518 11647 9874
3 7519 9873 11056
3 7520 12274 12258
3 7521 12259 9882
3 7522 9881 12275
3 7523 12260 11074
3 7524 11077 9878
3 7525 9883 12261
3 7526 11071 12276
3 7527 12277 9880
3 7528 9879 11072
3 7529 12262 11682
3 7530 11685 9888
3 7531 9887 12263
3 7532 11688 11066
3 7533 11069 9884
3 7534 9889 11689
3 7535 11075 12264
3 7536 12265 9886
3 7537 9885 11076
3 7538 11675 12278
3 7539 12279 9894
3 7540 9893 11676
3 7541 12280 11070
3 7542 11073 9890
3 7543 9895 12281
3 7544 11067 11678
3 7545 11679 9892
3 7546 9891 11068
3 7547 12266 12058
3 7548 12059 9900
3 7549 9899 12267
3 7550 12060 11086
3 7551 11089 9896
3 7552 9901 12061
3 7553 11083 12268
3 7554 12269 9898
3 7555 9897 11084
3 7556 12062 11666
3 7557 11669 9906
3 7558 9905 12063
3 7559 11672 11078
3 7560 11081 9902
3 7561 9907 11673
3 7562 11087 12064
3 7563 12065 9904
3 7564 9903 11088
3 7565 11683 12270
3 7566 12271 9912
3 7567 9911 11684
3 7568 12272 11082
3 7569 11085 9908
3 7570 9913 12273
3 7571 11079 11686
3 7572 11687 9910
3 7573 9909 11080
3 7574 12050 12282
3 7575 12283 9918
3 7576 9917 12051
3 7577 12284 11098
3 7578 11101 9914
3 7579 9919 12285
3 7580 11095 12052
3 7581 12053 9916
3 7582 9915 11096
3 7583 12286 11674
3 7584 11677 9924
3 7585 9923 12287
3 7586 11680 11090
3 7587 11093 9920
3 7588 9925 11681
3 7589 11099 12288
3 7590 12289 9922
3 7591 9921 11100
3 7592 11667 12054
3 7593 12055 9930
3 7594 9929 11668
3 7595 12056 11094
3 7596 11097 9926
3 7597 9931 12057
3 7598 11091 11670
3 7599 11671 9928
3 7600 9927 11092
3 7601 12227 12274
3 7602 12275 9936
3 7603 9935 12228
3 7604 12276 11110
3 7605 11113 9932
3 7606 9937 12277
3 7607 11107 12230
3 7608 12231 9934
3 7609 9933 11108
3 7610 12278 11706
3 7611 11709 9942
3 7612 9941 12279
3 7613 11712 11102
3 7614 11105 9938
3 7615 9943 11713
3 7616 11111 12280
3 7617 12281 9940
3 7618 9939 11112
3 7619 11699 12234
3 7620 12235 9948
3 7621 9947 11700
3 7622 12236 11106
3 7623 11109 9944
3 7624 9949 12237
3 7625 11103 11702
3 7626 11703 9946
3 7627 9945 11104
3 7628 12282 12114
3 7629 12117 9954
3 7630 9953 12283
3 7631 12120 11122
3 7632 11125 9950
3 7633 9955 12121
3 7634 11119 12284
3 7635 12285 9952
3 7636 9951 11120
3 7637 12126 11690
3 7638 11693 9960
3 7639 9959 12127
3 7640 11696 11114
3 7641 11117 9956
3 7642 9961 11697
3 7643 11123 12128
3 7644 12129 9958
3 7645 9957 11124
3 7646 11707 12286
3 7647 12287 9966
3 7648 9965 11708
3 7649 12288 11118
3 7650 11121 9962
3 7651 9967 12289
3 7652 11115 11710
3 7653 11711 9964
3 7654 9963 11116
3 7655 12106 12242
3 7656 12243 9972
3 7657 9971 12107
3 7658 12244 11134
3 7659 11137 9968
3 7660 9973 12245
3 7661 11131 12108
3 7662 12109 9970
3 7663 9969 11132
3 7664 12246 11698
3 7665 11701 9978
3 7666 9977 12247
3 7667 11704 11126
3 7668 11129 9974
3 7669 9979 11705
3 7670 11135 12248
3 7671 12249 9976
3 7672 9975 11136
3 7673 11691 12110
3 7674 12111 9984
3 7675 9983 11692
3 7676 12112 11130
3 7677 11133 9980
3 7678 9985 12113
3 7679 11127 11694
3 7680 11695 9982
3 7681 9981 11128
3 770 3076 3075
3 771 3074 3076
3 772 3075 3074
3 773 3079 3078
3 774 3077 3079
3 775 3078 3077
3 776 3082 3081
3 777 3080 3082
3 778 3081 3080
3 779 3085 3084
3 780 3083 3085
3 781 3084 3083
3 782 3088 3087
3 783 3086 3088
3 784 3087 3086
3 785 3091 3090
3 786 3089 3091
3 787 3090 3089
3 788 3094 3093
3 789 3092 3094
3 790 3093 3092
3 791 3097 3096
3 792 3095 3097
3 793 3096 3095
3 794 3100 3099
3 795 3098 3100
3 796 3099 3098
3 797 3103 3102
3 798 3101 3103
3 799 3102 3101
3 800 3106 3105
3 801 3104 3106
3 802 3105 3104
3 803 3109 3108
3 804 3107 3109
3 805 3108 3107
3 806 3112 3111
3 807 3110 3112
3 808 3111 3110
3 809 3115 3114
3 810 3113 3115
3 811 3114 3113
3 812 3118 3117
3 813 3116 3118
3 814 3117 3116
3 815 3121 3120
3 816 3119 3121
3 817 3120 3119
3 818 3124 3123
3 819 3122 3124
3 820 3123 3122
3 821 3127 3126
3 822 3125 3127
3 823 3126 3125
3 824 3130 3129
3 825 3128 3130
3 826 3129 3128
3 827 3133 3132
3 828 3131 3133
3 829 3132 3131
3 830 3136 3135
3 831 3134 3136
3 832 3135 3134
3 833 3139 3138
3 834 3137 3139
3 835 3138 3137
3 836 3142 3141
3 837 3140 3142
3 838 3141 3140
3 839 3145 3144
3 840 3143 3145
3 841 3144 3143
3 842 3148 3147
3 843 3146 3148
3 844 3147 3146
3 845 3151 3150
3 846 3149 3151
3 847 3150 3149
3 848 3154 3153
3 849 3152 3154
3 850 3153 3152
3 851 3157 3156
3 852 3155 3157
3 853 3156 3155
3 854 3160 3159
3 855 3158 3160
3 856 3159 3158
3 857 3163 3162
3 858 3161 3163
3 859 3162 3161
3 860 3166 3165
3 861 3164 3166
3 862 3165 3164
3 863 3169 3168
3 864 3167 3169
3 865 3168 3167
3 866 3172 3171
3 867 3170 3172
3 868 3171 3170
3 869 3175 3174
3 870 3173 3175
3 871 3174 3173
3 872 3178 3177
3 873 3176 3178
3 874 3177 3176
3 875 3181 3180
3 876 3179 3181
3 877 3180 3179
3 878 3184 3183
3 879 3182 3184
3 880 3183 3182
3 881 3187 3186
3 882 3185 3187
3 883 3186 3185
3 884 3190 3189
3 885 3188 3190
3 886 3189 3188
3 887 3193 3192
3 888 3191 3193
3 889 3192 3191
3 890 3196 3195
3 891 3194 3196
3 892 3195 3194
3 893 3199 3198
3 894 3197 3199
3 895 3198 3197
3 896 3202 3201
3 897 3200 3202
3 898 3201 3200
3 899 3205 3204
3 900 3203 3205
3 901 3204 3203
3 902 3208 3207
3 903 3206 3208
3 904 3207 3206
3 905 3211 3210
3 906 3209 3211
3 907 3210 3209
3 908 3214 3213
3 909 3212 3214
3 910 3213 3212
3 911 3217 3216
3 912 3215 3217
3 913 3216 3215
3 914 3220 3219
3 915 3218 3220
3 916 3219 3218
3 917 3223 3222
3 918 3221 3223
3 919 3222 3221
3 920 3226 3225
3 921 3224 3226
3 922 3225 3224
3 923 3229 3228
3 924 3227 3229
3 925 3228 3227
3 926 3232 3231
3 927 3230 3232
3 928 3231 3230
3 929 3235 3234
3 930 3233 3235
3 931 3234 3233
3 932 3238 3237
3 933 3236 3238
3 934 3237 3236
3 935 3241 3240
3 936 3239 3241
3 937 3240 3239
3 938 3244 3243
3 939 3242 3244
3 940 3243 3242
3 941 3247 3246
3 942 3245 3247
3 943 3246 3245
3 944 3250 3249
3 945 3248 3250
3 946 3249 3248
3 947 3253 3252
3 948 3251 3253
3 949 3252 3251
3 950 3256 3255
3 951 3254 3256
3 952 3255 3254
3 953 3259 3258
3 954 3257 3259
3 955 3258 3257
3 956 3262 3261
3 957 3260 3262
3 958 3261 3260
3 959 3265 3264
3 960 3263 3265
3 961 3264 3263
3 962 3268 3267
3 963 3266 3268
3 964 3267 3266
3 965 3271 3270
3 966 3269 3271
3 967 3270 3269
3 968 3274 3273
3 969 3272 3274
3 970 3273 3272
3 971 3277 3276
3 972 3275 3277
3 973 3276 3275
3 974 3280 3279
3 975 3278 3280
3 976 3279 3278
3 977 3283 3282
3 978 3281 3283
3 979 3282 3281
3 980 3286 3285
3 981 3284 3286
3 982 3285 3284
3 983 3289 3288
3 984 3287 3289
3 985 3288 3287
3 986 3292 3291
3 987 3290 3292
3 988 3291 3290
3 989 3295 3294
3 990 3293 3295
3 991 3294 3293
3 992 3298 3297
3 993 3296 3298
3 994 3297 3296
3 995 3301 3300
3 996 3299 3301
3 997 3300 3299
3 998 3304 3303
3 999 3302 3304
3 1000 3303 3302
3 1001 3307 3306
3 1002 3305 3307
3 1003 3306 3305
3 1004 3310 3309
3 1005 3308 3310
3 1006 3309 3308
3 1007 3313 3312
3 1008 3311 3313
3 1009 3312 3311
3 1010 3316 3315
3 1011 3314 3316
3 1012 3315 3314
3 1013 3319 3318
3 1014 3317 3319
3 1015 3318 3317
3 1016 3322 3321
3 1017 3320 3322
3 1018 3321 3320
3 1019 3325 3324
3 1020 3323 3325
3 1021 3324 3323
3 1022 3328 3327
3 1023 3326 3328
3 1024 3327 3326
3 1025 3331 3330
3 1026 3329 3331
3 1027 3330 3329
3 1028 3334 3333
3 1029 3332 3334
3 1030 3333 3332
3 1031 3337 3336
3 1032 3335 3337
3 1033 3336 3335
3 1034 3340 3339
3 1035 3338 3340
3 1036 3339 3338
3 1037 3343 3342
3 1038 3341 3343
3 1039 3342 3341
3 1040 3346 3345
3 1041 3344 3346
3 1042 3345 3344
3 1043 3349 3348
3 1044 3347 3349
3 1045 3348 3347
3 1046 3352 3351
3 1047 3350 3352
3 1048 3351 3350
3 1049 3355 3354
3 1050 3353 3355
3 1051 3354 3353
3 1052 3358 3357
3 1053 3356 3358
3 1054 3357 3356
3 1055 3361 3360
3 1056 3359 3361
3 1057 3360 3359
3 1058 3364 3363
3 1059 3362 3364
3 1060 3363 3362
3 1061 3367 3366
3 1062 3365 3367
3 1063 3366 3365
3 1064 3370 3369
3 1065 3368 3370
3 1066 3369 3368
3 1067 3373 3372
3 1068 3371 3373
3 1069 3372 3371
3 1070 3376 3375
3 1071 3374 3376
3 1072 3375 3374
3 1073 3379 3378
3 1074 3377 3379
3 1075 3378 3377
3 1076 3382 3381
3 1077 3380 3382
3 1078 3381 3380
3 1079 3385 3384
3 1080 3383 3385
3 1081 3384 3383
3 1082 3388 3387
3 1083 3386 3388
3 1084 3387 3386
3 1085 3391 3390
3 1086 3389 3391
3 1087 3390 3389
3 1088 3394 3393
3 1089 3392 3394
3 1090 3393 3392
3 1091 3397 3396
3 1092 3395 3397
3 1093 3396 3395
3 1094 3400 3399
3 1095 3398 3400
3 1096 3399 3398
3 1097 3403 3402
3 1098 3401 3403
3 1099 3402 3401
3 1100 3406 3405
3 1101 3404 3406
3 1102 3405 3404
3 1103 3409 3408
3 1104 3407 3409
3 1105 3408 3407
3 1106 3412 3411
3 1107 3410 3412
3 1108 3411 3410
3 1109 3415 3414
3 1110 3413 3415
3 1111 3414 3413
3 1112 3418 3417
3 1113 3416 3418
3 1114 3417 3416
3 1115 3421 3420
3 1116 3419 3421
3 1117 3420 3419
3 1118 3424 3423
3 1119 3422 3424
3 1120 3423 3422
3 1121 3427 3426
3 1122 3425 3427
3 1123 3426 3425
3 1124 3430 3429
3 1125 3428 3430
3 1126 3429 3428
3 1127 3433 3432
3 1128 3431 3433
3 1129 3432 3431
3 1130 3436 3435
3 1131 3434 3436
3 1132 3435 3434
3 1133 3439 3438
3 1134 3437 3439
3 1135 3438 3437
3 1136 3442 3441
3 1137 3440 3442
3 1138 3441 3440
3 1139 3445 3444
3 1140 3443 3445
3 1141 3444 3443
3 1142 3448 3447
3 1143 3446 3448
3 1144 3447 3446
3 1145 3451 3450
3 1146 3449 3451
3 1147 3450 3449
3 1148 3454 3453
3 1149 3452 3454
3 1150 3453 3452
3 1151 3457 3456
3 1152 3455 3457
3 1153 3456 3455
3 1154 3460 3459
3 1155 3458 3460
3 1156 3459 3458
3 1157 3463 3462
3 1158 3461 3463
3 1159 3462 3461
3 1160 3466 3465
3 1161 3464 3466
3 1162 3465 3464
3 1163 3469 3468
3 1164 3467 3469
3 1165 3468 3467
3 1166 3472 3471
3 1167 3470 3472
3 1168 3471 3470
3 1169 3475 3474
3 1170 3473 3475
3 1171 3474 3473
3 1172 3478 3477
3 1173 3476 3478
3 1174 3477 3476
3 1175 3481 3480
3 1176 3479 3481
3 1177 3480 3479
3 1178 3484 3483
3 1179 3482 3484
3 1180 3483 3482
3 1181 3487 3486
3 1182 3485 3487
3 1183 3486 3485
3 1184 3490 3489
3 1185 3488 3490
3 1186 3489 3488
3 1187 3493 3492
3 1188 3491 3493
3 1189 3492 3491
3 1190 3496 3495
3 1191 3494 3496
3 1192 3495 3494
3 1193 3499 3498
3 1194 3497 3499
3 1195 3498 3497
3 1196 3502 3501
3 1197 3500 3502
3 1198 3501 3500
3 1199 3505 3504
3 1200 3503 3505
3 1201 3504 3503
3 1202 3508 3507
3 1203 3506 3508
3 1204 3507 3506
3 1205 3511 3510
3 1206 3509 3511
3 1207 3510 3509
3 1208 3514 3513
3 1209 3512 3514
3 1210 3513 3512
3 1211 3517 3516
3 1212 3515 3517
3 1213 3516 3515
3 1214 3520 3519
3 1215 3518 3520
3 1216 3519 3518
3 1217 3523 3522
3 1218 3521 3523
3 1219 3522 3521
3 1220 3526 3525
3 1221 3524 3526
3 1222 3525 3524
3 1223 3529 3528
3 1224 3527 3529
3 1225 3528 3527
3 1226 3532 3531
3 1227 3530 3532
3 1228 3531 3530
3 1229 3535 3534
3 1230 3533 3535
3 1231 3534 3533
3 1232 3538 3537
3 1233 3536 3538
3 1234 3537 3536
3 1235 3541 3540
3 1236 3539 3541
3 1237 3540 3539
3 1238 3544 3543
3 1239 3542 3544
3 1240 3543 3542
3 1241 3547 3546
3 1242 3545 3547
3 1243 3546 3545
3 1244 3550 3549
3 1245 3548 3550
3 1246 3549 3548
3 1247 3553 3552
3 1248 3551 3553
3 1249 3552 3551
3 1250 3556 3555
3 1251 3554 3556
3 1252 3555 3554
3 1253 3559 3558
3 1254 3557 3559
3 1255 3558 3557
3 1256 3562 3561
3 1257 3560 3562
3 1258 3561 3560
3 1259 3565 3564
3 1260 3563 3565
3 1261 3564 3563
3 1262 3568 3567
3 1263 3566 3568
3 1264 3567 3566
3 1265 3571 3570
3 1266 3569 3571
3 1267 3570 3569
3 1268 3574 3573
3 1269 3572 3574
3 1270 3573 3572
3 1271 3577 3576
3 1272 3575 3577
3 1273 3576 3575
3 1274 3580 3579
3 1275 3578 3580
3 1276 3579 3578
3 1277 3583 3582
3 1278 3581 3583
3 1279 3582 3581
3 1280 3586 3585
3 1281 3584 3586
3 1282 3585 3584
3 1283 3589 3588
3 1284 3587 3589
3 1285 3588 3587
3 1286 3592 3591
3 1287 3590 3592
3 1288 3591 3590
3 1289 3595 3594
3 1290 3593 3595
3 1291 3594 3593
3 1292 3598 3597
3 1293 3596 3598
3 1294 3597 3596
3 1295 3601 3600
3 1296 3599 3601
3 1297 3600 3599
3 1298 3604 3603
3 1299 3602 3604
3 1300 3603 3602
3 1301 3607 3606
3 1302 3605 3607
3 1303 3606 3605
3 1304 3610 3609
3 1305 3608 3610
3 1306 3609 3608
3 1307 3613 3612
3 1308 3611 3613
3 1309 3612 3611
3 1310 3616 3615
3 1311 3614 3616
3 1312 3615 3614
3 1313 3619 3618
3 1314 3617 3619
3 1315 3618 3617
3 1316 3622 3621
3 1317 3620 3622
3 1318 3621 3620
3 1319 3625 3624
3 1320 3623 3625
3 1321 3624 3623
3 1322 3628 3627
3 1323 3626 3628
3 1324 3627 3626
3 1325 3631 3630
3 1326 3629 3631
3 1327 3630 3629
3 1328 3634 3633
3 1329 3632 3634
3 1330 3633 3632
3 1331 3637 3636
3 1332 3635 3637
3 1333 3636 3635
3 1334 3640 3639
3 1335 3638 3640
3 1336 3639 3638
3 1337 3643 3642
3 1338 3641 3643
3 1339 3642 3641
3 1340 3646 3645
3 1341 3644 3646
3 1342 3645 3644
3 1343 3649 3648
3 1344 3647 3649
3 1345 3648 3647
3 1346 3652 3651
3 1347 3650 3652
3 1348 3651 3650
3 1349 3655 3654
3 1350 3653 3655
3 1351 3654 3653
3 1352 3658 3657
3 1353 3656 3658
3 1354 3657 3656
3 1355 3661 3660
3 1356 3659 3661
3 1357 3660 3659
3 1358 3664 3663
3 1359 3662 3664
3 1360 3663 3662
3 1361 3667 3666
3 1362 3665 3667
3 1363 3666 3665
3 1364 3670 3669
3 1365 3668 3670
3 1366 3669 3668
3 1367 3673 3672
3 1368 3671 3673
3 1369 3672 3671
3 1370 3676 3675
3 1371 3674 3676
3 1372 3675 3674
3 1373 3679 3678
3 1374 3677 3679
3 1375 3678 3677
3 1376 3682 3681
3 1377 3680 3682
3 1378 3681 3680
3 1379 3685 3684
3 1380 3683 3685
3 1381 3684 3683
3 1382 3688 3687
3 1383 3686 3688
3 1384 3687 3686
3 1385 3691 3690
3 1386 3689 3691
3 1387 3690 3689
3 1388 3694 3693
3 1389 3692 3694
3 1390 3693 3692
3 1391 3697 3696
3 1392 3695 3697
3 1393 3696 3695
3 1394 3700 3699
3 1395 3698 3700
3 1396 3699 3698
3 1397 3703 3702
3 1398 3701 3703
3 1399 3702 3701
3 1400 3706 3705
3 1401 3704 3706
3 1402 3705 3704
3 1403 3709 3708
3 1404 3707 3709
3 1405 3708 3707
3 1406 3712 3711
3 1407 3710 3712
3 1408 3711 3710
3 1409 3715 3714
3 1410 3713 3715
3 1411 3714 3713
3 1412 3718 3717
3 1413 3716 3718
3 1414 3717 3716
3 1415 3721 3720
3 1416 3719 3721
3 1417 3720 3719
3 1418 3724 3723
3 1419 3722 3724
3 1420 3723 3722
3 1421 3727 3726
3 1422 3725 3727
3 1423 3726 3725
3 1424 3730 3729
3 1425 3728 3730
3 1426 3729 3728
3 1427 3733 3732
3 1428 3731 3733
3 1429 3732 3731
3 1430 3736 3735
3 1431 3734 3736
3 1432 3735 3734
3 1433 3739 3738
3 1434 3737 3739
3 1435 3738 3737
3 1436 3742 3741
3 1437 3740 3742
3 1438 3741 3740
3 1439 3745 3744
3 1440 3743 3745
3 1441 3744 3743
3 1442 3748 3747
3 1443 3746 3748
3 1444 3747 3746
3 1445 3751 3750
3 1446 3749 3751
3 1447 3750 3749
3 1448 3754 3753
3 1449 3752 3754
3 1450 3753 3752
3 1451 3757 3756
3 1452 3755 3757
3 1453 3756 3755
3 1454 3760 3759
3 1455 3758 3760
3 1456 3759 3758
3 1457 3763 3762
3 1458 3761 3763
3 1459 3762 3761
3 1460 3766 3765
3 1461 3764 3766
3 1462 3765 3764
3 1463 3769 3768
3 1464 3767 3769
3 1465 3768 3767
3 1466 3772 3771
3 1467 3770 3772
3 1468 3771 3770
3 1469 3775 3774
3 1470 3773 3775
3 1471 3774 3773
3 1472 3778 3777
3 1473 3776 3778
3 1474 3777 3776
3 1475 3781 3780
3 1476 3779 3781
3 1477 3780 3779
3 1478 3784 3783
3 1479 3782 3784
3 1480 3783 3782
3 1481 3787 3786
3 1482 3785 3787
3 1483 3786 3785
3 1484 3790 3789
3 1485 3788 3790
3 1486 3789 3788
3 1487 3793 3792
3 1488 3791 3793
3 1489 3792 3791
3 1490 3796 3795
3 1491 3794 3796
3 1492 3795 3794
3 1493 3799 3798
3 1494 3797 3799
3 1495 3798 3797
3 1496 3802 3801
3 1497 3800 3802
3 1498 3801 3800
3 1499 3805 3804
3 1500 3803 3805
3 1501 3804 3803
3 1502 3808 3807
3 1503 3806 3808
3 1504 3807 3806
3 1505 3811 3810
3 1506 3809 3811
3 1507 3810 3809
3 1508 3814 3813
3 1509 3812 3814
3 1510 3813 3812
3 1511 3817 3816
3 1512 3815 3817
3 1513 3816 3815
3 1514 3820 3819
3 1515 3818 3820
3 1516 3819 3818
3 1517 3823 3822
3 1518 3821 3823
3 1519 3822 3821
3 1520 3826 3825
3 1521 3824 3826
3 1522 3825 3824
3 1523 3829 3828
3 1524 3827 3829
3 1525 3828 3827
3 1526 3832 3831
3 1527 3830 3832
3 1528 3831 3830
3 1529 3835 3834
3 1530 3833 3835
3 1531 3834 3833
3 1532 3838 3837
3 1533 3836 3838
3 1534 3837 3836
3 1535 3841 3840
3 1536 3839 3841
3 1537 3840 3839
3 1538 3844 3843
3 1539 3842 3844
3 1540 3843 3842
3 1541 3847 3846
3 1542 3845 3847
3 1543 3846 3845
3 1544 3850 3849
3 1545 3848 3850
3 1546 3849 3848
3 1547 3853 3852
3 1548 3851 3853
3 1549 3852 3851
3 1550 3856 3855
3 1551 3854 3856
3 1552 3855 3854
3 1553 3859 3858
3 1554 3857 3859
3 1555 3858 3857
3 1556 3862 3861
3 1557 3860 3862
3 1558 3861 3860
3 1559 3865 3864
3 1560 3863 3865
3 1561 3864 3863
3 1562 3868 3867
3 1563 3866 3868
3 1564 3867 3866
3 1565 3871 3870
3 1566 3869 3871
3 1567 3870 3869
3 1568 3874 3873
3 1569 3872 3874
3 1570 3873 3872
3 1571 3877 3876
3 1572 3875 3877
3 1573 3876 3875
3 1574 3880 3879
3 1575 3878 3880
3 1576 3879 3878
3 1577 3883 3882
3 1578 3881 3883
3 1579 3882 3881
3 1580 3886 3885
3 1581 3884 3886
3 1582 3885 3884
3 1583 3889 3888
3 1584 3887 3889
3 1585 3888 3887
3 1586 3892 3891
3 1587 3890 3892
3 1588 3891 3890
3 1589 3895 3894
3 1590 3893 3895
3 1591 3894 3893
3 1592 3898 3897
3 1593 3896 3898
3 1594 3897 3896
3 1595 3901 3900
3 1596 3899 3901
3 1597 3900 3899
3 1598 3904 3903
3 1599 3902 3904
3 1600 3903 3902
3 1601 3907 3906
3 1602 3905 3907
3 1603 3906 3905
3 1604 3910 3909
3 1605 3908 3910
3 1606 3909 3908
3 1607 3913 3912
3 1608 3911 3913
3 1609 3912 3911
3 1610 3916 3915
3 1611 3914 3916
3 1612 3915 3914
3 1613 3919 3918
3 1614 3917 3919
3 1615 3918 3917
3 1616 3922 3921
3 1617 3920 3922
3 1618 3921 3920
3 1619 3925 3924
3 1620 3923 3925
3 1621 3924 3923
3 1622 3928 3927
3 1623 3926 3928
3 1624 3927 3926
3 1625 3931 3930
3 1626 3929 3931
3 1627 3930 3929
3 1628 3934 3933
3 1629 3932 3934
3 1630 3933 3932
3 1631 3937 3936
3 1632 3935 3937
3 1633 3936 3935
3 1634 3940 3939
3 1635 3938 3940
3 1636 3939 3938
3 1637 3943 3942
3 1638 3941 3943
3 1639 3942 3941
3 1640 3946 3945
3 1641 3944 3946
3 1642 3945 3944
3 1643 3949 3948
3 1644 3947 3949
3 1645 3948 3947
3 1646 3952 3951
3 1647 3950 3952
3 1648 3951 3950
3 1649 3955 3954
3 1650 3953 3955
3 1651 3954 3953
3 1652 3958 3957
3 1653 3956 3958
3 1654 3957 3956
3 1655 3961 3960
3 1656 3959 3961
3 1657 3960 3959
3 1658 3964 3963
3 1659 3962 3964
3 1660 3963 3962
3 1661 3967 3966
3 1662 3965 3967
3 1663 3966 3965
3 1664 3970 3969
3 1665 3968 3970
3 1666 3969 3968
3 1667 3973 3972
3 1668 3971 3973
3 1669 3972 3971
3 1670 3976 3975
3 1671 3974 3976
3 1672 3975 3974
3 1673 3979 3978
3 1674 3977 3979
3 1675 3978 3977
3 1676 3982 3981
3 1677 3980 3982
3 1678 3981 3980
3 1679 3985 3984
3 1680 3983 3985
3 1681 3984 3983
3 1682 3988 3987
3 1683 3986 3988
3 1684 3987 3986
3 1685 3991 3990
3 1686 3989 3991
3 1687 3990 3989
3 1688 3994 3993
3 1689 3992 3994
3 1690 3993 3992
3 1691 3997 3996
3 1692 3995 3997
3 1693 3996 3995
3 1694 4000 3999
3 1695 3998 4000
3 1696 3999 3998
3 1697 4003 4002
3 1698 4001 4003
3 1699 4002 4001
3 1700 4006 4005
3 1701 4004 4006
3 1702 4005 4004
3 1703 4009 4008
3 1704 4007 4009
3 1705 4008 4007
3 1706 4012 4011
3 1707 4010 4012
3 1708 4011 4010
3 1709 4015 4014
3 1710 4013 4015
3 1711 4014 4013
3 1712 4018 4017
3 1713 4016 4018
3 1714 4017 4016
3 1715 4021 4020
3 1716 4019 4021
3 1717 4020 4019
3 1718 4024 4023
3 1719 4022 4024
3 1720 4023 4022
3 1721 4027 4026
3 1722 4025 4027
3 1723 4026 4025
3 1724 4030 4029
3 1725 4028 4030
3 1726 4029 4028
3 1727 4033 4032
3 1728 4031 4033
3 1729 4032 4031
3 1730 4036 4035
3 1731 4034 4036
3 1732 4035 4034
3 1733 4039 4038
3 1734 4037 4039
3 1735 4038 4037
3 1736 4042 4041
3 1737 4040 4042
3 1738 4041 4040
3 1739 4045 4044
3 1740 4043 4045
3 1741 4044 4043
3 1742 4048 4047
3 1743 4046 4048
3 1744 4047 4046
3 1745 4051 4050
3 1746 4049 4051
3 1747 4050 4049
3 1748 4054 4053
3 1749 4052 4054
3 1750 4053 4052
3 1751 4057 4056
3 1752 4055 4057
3 1753 4056 4055
3 1754 4060 4059
3 1755 4058 4060
3 1756 4059 4058
3 1757 4063 4062
3 1758 4061 4063
3 1759 4062 4061
3 1760 4066 4065
3 1761 4064 4066
3 1762 4065 4064
3 1763 4069 4068
3 1764 4067 4069
3 1765 4068 4067
3 1766 4072 4071
3 1767 4070 4072
3 1768 4071 4070
3 1769 4075 4074
3 1770 4073 4075
3 1771 4074 4073
3 1772 4078 4077
3 1773 4076 4078
3 1774 4077 4076
3 1775 4081 4080
3 1776 4079 4081
3 1777 4080 4079
3 1778 4084 4083
3 1779 4082 4084
3 1780 4083 4082
3 1781 4087 4086
3 1782 4085 4087
3 1783 4086 4085
3 1784 4090 4089
3 1785 4088 4090
3 1786 4089 4088
3 1787 4093 4092
3 1788 4091 4093
3 1789 4092 4091
3 1790 4096 4095
3 1791 4094 4096
3 1792 4095 4094
3 1793 4099 4098
3 1794 4097 4099
3 1795 4098 4097
3 1796 4102 4101
3 1797 4100 4102
3 1798 4101 4100
3 1799 4105 4104
3 1800 4103 4105
3 1801 4104 4103
3 1802 4108 4107
3 1803 4106 4108
3 1804 4107 4106
3 1805 4111 4110
3 1806 4109 4111
3 1807 4110 4109
3 1808 4114 4113
3 1809 4112 4114
3 1810 4113 4112
3 1811 4117 4116
3 1812 4115 4117
3 1813 4116 4115
3 1814 4120 4119
3 1815 4118 4120
3 1816 4119 4118
3 1817 4123 4122
3 1818 4121 4123
3 1819 4122 4121
3 1820 4126 4125
3 1821 4124 4126
3 1822 4125 4124
3 1823 4129 4128
3 1824 4127 4129
3 1825 4128 4127
3 1826 4132 4131
3 1827 4130 4132
3 1828 4131 4130
3 1829 4135 4134
3 1830 4133 4135
3 1831 4134 4133
3 1832 4138 4137
3 1833 4136 4138
3 1834 4137 4136
3 1835 4141 4140
3 1836 4139 4141
3 1837 4140 4139
3 1838 4144 4143
3 1839 4142 4144
3 1840 4143 4142
3 1841 4147 4146
3 1842 4145 4147
3 1843 4146 4145
3 1844 4150 4149
3 1845 4148 4150
3 1846 4149 4148
3 1847 4153 4152
3 1848 4151 4153
3 1849 4152 4151
3 1850 4156 4155
3 1851 4154 4156
3 1852 4155 4154
3 1853 4159 4158
3 1854 4157 4159
3 1855 4158 4157
3 1856 4162 4161
3 1857 4160 4162
3 1858 4161 4160
3 1859 4165 4164
3 1860 4163 4165
3 1861 4164 4163
3 1862 4168 4167
3 1863 4166 4168
3 1864 4167 4166
3 1865 4171 4170
3 1866 4169 4171
3 1867 4170 4169
3 1868 4174 4173
3 1869 4172 4174
3 1870 4173 4172
3 1871 4177 4176
3 1872 4175 4177
3 1873 4176 4175
3 1874 4180 4179
3 1875 4178 4180
3 1876 4179 4178
3 1877 4183 4182
3 1878 4181 4183
3 1879 4182 4181
3 1880 4186 4185
3 1881 4184 4186
3 1882 4185 4184
3 1883 4189 4188
3 1884 4187 4189
3 1885 4188 4187
3 1886 4192 4191
3 1887 4190 4192
3 1888 4191 4190
3 1889 4195 4194
3 1890 4193 4195
3 1891 4194 4193
3 1892 4198 4197
3 1893 4196 4198
3 1894 4197 4196
3 1895 4201 4200
3 1896 4199 4201
3 1897 4200 4199
3 1898 4204 4203
3 1899 4202 4204
3 1900 4203 4202
3 1901 4207 4206
3 1902 4205 4207
3 1903 4206 4205
3 1904 4210 4209
3 1905 4208 4210
3 1906 4209 4208
3 1907 4213 4212
3 1908 4211 4213
3 1909 4212 4211
3 1910 4216 4215
3 1911 4214 4216
3 1912 4215 4214
3 1913 4219 4218
3 1914 4217 4219
3 1915 4218 4217
3 1916 4222 4221
3 1917 4220 4222
3 1918 4221 4220
3 1919 4225 4224
3 1920 4223 4225
3 1921 4224 4223
3 770 4228 4227
3 1922 4226 4228
3 1923 4227 4226
3 771 4231 4230
3 1924 4229 4231
3 1925 4230 4229
3 772 4234 4233
3 1926 4232 4234
3 1927 4233 4232
3 773 4237 4236
3 1928 4235 4237
3 1929 4236 4235
3 774 4240 4239
3 1930 4238 4240
3 1931 4239 4238
3 775 4243 4242
3 1932 4241 4243
3 1933 4242 4241
3 776 4246 4245
3 1934 4244 4246
3 1935 4245 4244
3 777 4249 4248
3 1936 4247 4249
3 1937 4248 4247
3 778 4252 4251
3 1938 4250 4252
3 1939 4251 4250
3 779 4255 4254
3 1940 4253 4255
3 1941 4254 4253
3 780 4258 4257
3 1942 4256 4258
3 1943 4257 4256
3 781 4261 4260
3 1944 4259 4261
3 1945 4260 4259
3 782 4264 4263
3 1946 4262 4264
3 1947 4263 4262
3 783 4267 4266
3 1948 4265 4267
3 1949 4266 4265
3 784 4270 4269
3 1950 4268 4270
3 1951 4269 4268
3 785 4273 4272
3 1952 4271 4273
3 1953 4272 4271
3 786 4276 4275
3 1954 4274 4276
3 1955 4275 4274
3 787 4279 4278
3 1956 4277 4279
3 1957 4278 4277
3 788 4282 4281
3 1958 4280 4282
3 1959 4281 4280
3 789 4285 4284
3 1960 4283 4285
3 1961 4284 4283
3 790 4288 4287
3 1962 4286 4288
3 1963 4287 4286
3 791 4291 4290
3 1964 4289 4291
3 1965 4290 4289
3 792 4294 4293
3 1966 4292 4294
3 1967 4293 4292
3 793 4297 4296
3 1968 4295 4297
3 1969 4296 4295
3 794 4300 4299
3 1970 4298 4300
3 1971 4299 4298
3 795 4303 4302
3 1972 4301 4303
3 1973 4302 4301
3 796 4306 4305
3 1974 4304 4306
3 1975 4305 4304
3 797 4309 4308
3 1976 4307 4309
3 1977 4308 4307
3 798 4312 4311
3 1978 4310 4312
3 1979 4311 4310
3 799 4315 4314
3 1980 4313 4315
3 1981 4314 4313
3 800 4318 4317
3 1982 4316 4318
3 1983 4317 4316
3 801 4321 4320
3 1984 4319 4321
3 1985 4320 4319
3 802 4324 4323
3 1986 4322 4324
3 1987 4323 4322
3 803 4327 4326
3 1988 4325 4327
3 1989 4326 4325
3 804 4330 4329
3 1990 4328 4330
3 1991 4329 4328
3 805 4333 4332
3 1992 4331 4333
3 1993 4332 4331
3 806 4336 4335
3 1994 4334 4336
3 1995 4335 4334
3 807 4339 4338
3 1996 4337 4339
3 1997 4338 4337
3 808 4342 4341
3 1998 4340 4342
3 1999 4341 4340
3 809 4345 4344
3 2000 4343 4345
3 2001 4344 4343
3 810 4348 4347
3 2002 4346 4348
3 2003 4347 4346
3 811 4351 4350
3 2004 4349 4351
3 2005 4350 4349
3 812 4354 4353
3 2006 4352 4354
3 2007 4353 4352
3 813 4357 4356
3 2008 4355 4357
3 2009 4356 4355
3 814 4360 4359
3 2010 4358 4360
3 2011 4359 4358
3 815 4363 4362
3 2012 4361 4363
3 2013 4362 4361
3 816 4366 4365
3 2014 4364 4366
3 2015 4365 4364
3 817 4369 4368
3 2016 4367 4369
3 2017 4368 4367
3 818 4372 4371
3 2018 4370 4372
3 2019 4371 4370
3 819 4375 4374
3 2020 4373 4375
3 2021 4374 4373
3 820 4378 4377
3 2022 4376 4378
3 2023 4377 4376
3 821 4381 4380
3 2024 4379 4381
3 2025 4380 4379
3 822 4384 4383
3 2026 4382 4384
3 2027 4383 4382
3 823 4387 4386
3 2028 4385 4387
3 2029 4386 4385
3 824 4390 4389
3 2030 4388 4390
3 2031 4389 4388
3 825 4393 4392
3 2032 4391 4393
3 2033 4392 4391
3 826 4396 4395
3 2034 4394 4396
3 2035 4395 4394
3 827 4399 4398
3 2036 4397 4399
3 2037 4398 4397
3 828 4402 4401
3 2038 4400 4402
3 2039 4401 4400
3 829 4405 4404
3 2040 4403 4405
3 2041 4404 4403
3 830 4408 4407
3 2042 4406 4408
3 2043 4407 4406
3 831 4411 4410
3 2044 4409 4411
3 2045 4410 4409
3 832 4414 4413
3 2046 4412 4414
3 2047 4413 4412
3 833 4417 4416
3 2048 4415 4417
3 2049 4416 4415
3 834 4420 4419
3 2050 4418 4420
3 2051 4419 4418
3 835 4423 4422
3 2052 4421 4423
3 2053 4422 4421
3 836 4426 4425
3 2054 4424 4426
3 2055 4425 4424
3 837 4429 4428
3 2056 4427 4429
3 2057 4428 4427
3 838 4432 4431
3 2058 4430 4432
3 2059 4431 4430
3 839 4435 4434
3 2060 4433 4435
3 2061 4434 4433
3 840 4438 4437
3 2062 4436 4438
3 2063 4437 4436
3 841 4441 4440
3 2064 4439 4441
3 2065 4440 4439
3 842 4444 4443
3 2066 4442 4444
3 2067 4443 4442
3 843 4447 4446
3 2068 4445 4447
3 2069 4446 4445
3 844 4450 4449
3 2070 4448 4450
3 2071 4449 4448
3 845 4453 4452
3 2072 4451 4453
3 2073 4452 4451
3 846 4456 4455
3 2074 4454 4456
3 2075 4455 4454
3 847 4459 4458
3 2076 4457 4459
3 2077 4458 4457
3 848 4462 4461
3 2078 4460 4462
3 2079 4461 4460
3 849 4465 4464
3 2080 4463 4465
3 2081 4464 4463
3 850 4468 4467
3 2082 4466 4468
3 2083 4467 4466
3 851 4471 4470
3 2084 4469 4471
3 2085 4470 4469
3 852 4474 4473
3 2086 4472 4474
3 2087 4473 4472
3 853 4477 4476
3 2088 4475 4477
3 2089 4476 4475
3 854 4480 4479
3 2090 4478 4480
3 2091 4479 4478
3 855 4483 4482
3 2092 4481 4483
3 2093 4482 4481
3 856 4486 4485
3 2094 4484 4486
3 2095 4485 4484
3 857 4489 4488
3 2096 4487 4489
3 2097 4488 4487
3 858 4492 4491
3 2098 4490 4492
3 2099 4491 4490
3 859 4495 4494
3 2100 4493 4495
3 2101 4494 4493
3 860 4498 4497
3 2102 4496 4498
3 2103 4497 4496
3 861 4501 4500
3 2104 4499 4501
3 2105 4500 4499
3 862 4504 4503
3 2106 4502 4504
3 2107 4503 4502
3 863 4507 4506
3 2108 4505 4507
3 2109 4506 4505
3 864 4510 4509
3 2110 4508 4510
3 2111 4509 4508
3 865 4513 4512
3 2112 4511 4513
3 2113 4512 4511
3 866 4516 4515
3 2114 4514 4516
3 2115 4515 4514
3 867 4519 4518
3 2116 4517 4519
3 2117 4518 4517
3 868 4522 4521
3 2118 4520 4522
3 2119 4521 4520
3 869 4525 4524
3 2120 4523 4525
3 2121 4524 4523
3 870 4528 4527
3 2122 4526 4528
3 2123 4527 4526
3 871 4531 4530
3 2124 4529 4531
3 2125 4530 4529
3 872 4534 4533
3 2126 4532 4534
3 2127 4533 4532
3 873 4537 4536
3 2128 4535 4537
3 2129 4536 4535
3 874 4540 4539
3 2130 4538 4540
3 2131 4539 4538
3 875 4543 4542
3 2132 4541 4543
3 2133 4542 4541
3 876 4546 4545
3 2134 4544 4546
3 2135 4545 4544
3 877 4549 4548
3 2136 4547 4549
3 2137 4548 4547
3 878 4552 4551
3 2138 4550 4552
3 2139 4551 4550
3 879 4555 4554
3 2140 4553 4555
3 2141 4554 4553
3 880 4558 4557
3 2142 4556 4558
3 2143 4557 4556
3 881 4561 4560
3 2144 4559 4561
3 2145 4560 4559
3 882 4564 4563
3 2146 4562 4564
3 2147 4563 4562
3 883 4567 4566
3 2148 4565 4567
3 2149 4566 4565
3 884 4570 4569
3 2150 4568 4570
3 2151 4569 4568
3 885 4573 4572
3 2152 4571 4573
3 2153 4572 4571
3 886 4576 4575
3 2154 4574 4576
3 2155 4575 4574
3 887 4579 4578
3 2156 4577 4579
3 2157 4578 4577
3 888 4582 4581
3 2158 4580 4582
3 2159 4581 4580
3 889 4585 4584
3 2160 4583 4585
3 2161 4584 4583
3 890 4588 4587
3 2162 4586 4588
3 2163 4587 4586
3 891 4591 4590
3 2164 4589 4591
3 2165 4590 4589
3 892 4594 4593
3 2166 4592 4594
3 2167 4593 4592
3 893 4597 4596
3 2168 4595 4597
3 2169 4596 4595
3 894 4600 4599
3 2170 4598 4600
3 2171 4599 4598
3 895 4603 4602
3 2172 4601 4603
3 2173 4602 4601
3 896 4606 4605
3 2174 4604 4606
3 2175 4605 4604
3 897 4609 4608
3 2176 4607 4609
3 2177 4608 4607
3 898 4612 4611
3 2178 4610 4612
3 2179 4611 4610
3 899 4615 4614
3 2180 4613 4615
3 2181 4614 4613
3 900 4618 4617
3 2182 4616 4618
3 2183 4617 4616
3 901 4621 4620
3 2184 4619 4621
3 2185 4620 4619
3 902 4624 4623
3 2186 4622 4624
3 2187 4623 4622
3 903 4627 4626
3 2188 4625 4627
3 2189 4626 4625
3 904 4630 4629
3 2190 4628 4630
3 2191 4629 4628
3 905 4633 4632
3 2192 4631 4633
3 2193 4632 4631
3 906 4636 4635
3 2194 4634 4636
3 2195 4635 4634
3 907 4639 4638
3 2196 4637 4639
3 2197 4638 4637
3 908 4642 4641
3 2198 4640 4642
3 2199 4641 4640
3 909 4645 4644
3 2200 4643 4645
3 2201 4644 4643
3 910 4648 4647
3 2202 4646 4648
3 2203 4647 4646
3 911 4651 4650
3 2204 4649 4651
3 2205 4650 4649
3 912 4654 4653
3 2206 4652 4654
3 2207 4653 4652
3 913 4657 4656
3 2208 4655 4657
3 2209 4656 4655
3 914 4660 4659
3 2210 4658 4660
3 2211 4659 4658
3 915 4663 4662
3 2212 4661 4663
3 2213 4662 4661
3 916 4666 4665
3 2214 4664 4666
3 2215 4665 4664
3 917 4669 4668
3 2216 4667 4669
3 2217 4668 4667
3 918 4672 4671
3 2218 4670 4672
3 2219 4671 4670
3 919 4675 4674
3 2220 4673 4675
3 2221 4674 4673
3 920 4678 4677
3 2222 4676 4678
3 2223 4677 4676
3 921 4681 4680
3 2224 4679 4681
3 2225 4680 4679
3 922 4684 4683
3 2226 4682 4684
3 2227 4683 4682
3 923 4687 4686
3 2228 4685 4687
3 2229 4686 4685
3 924 4690 4689
3 2230 4688 4690
3 2231 4689 4688
3 925 4693 4692
3 2232 4691 4693
3 2233 4692 4691
3 926 4696 4695
3 2234 4694 4696
3 2235 4695 4694
3 927 4699 4698
3 2236 4697 4699
3 2237 4698 4697
3 928 4702 4701
3 2238 4700 4702
3 2239 4701 4700
3 929 4705 4704
3 2240 4703 4705
3 2241 4704 4703
3 930 4708 4707
3 2242 4706 4708
3 2243 4707 4706
3 931 4711 4710
3 2244 4709 4711
3 2245 4710 4709
3 932 4714 4713
3 2246 4712 4714
3 2247 4713 4712
3 933 4717 4716
3 2248 4715 4717
3 2249 4716 4715
3 934 4720 4719
3 2250 4718 4720
3 2251 4719 4718
3 935 4723 4722
3 2252 4721 4723
3 2253 4722 4721
3 936 4726 4725
3 2254 4724 4726
3 2255 4725 4724
3 937 4729 4728
3 2256 4727 4729
3 2257 4728 4727
3 938 4732 4731
3 2258 4730 4732
3 2259 4731 4730
3 939 4735 4734
3 2260 4733 4735
3 2261 4734 4733
3 940 4738 4737
3 2262 4736 4738
3 2263 4737 4736
3 941 4741 4740
3 2264 4739 4741
3 2265 4740 4739
3 942 4744 4743
3 2266 4742 4744
3 2267 4743 4742
3 943 4747 4746
3 2268 4745 4747
3 2269 4746 4745
3 944 4750 4749
3 2270 4748 4750
3 2271 4749 4748
3 945 4753 4752
3 2272 4751 4753
3 2273 4752 4751
3 946 4756 4755
3 2274 4754 4756
3 2275 4755 4754
3 947 4759 4758
3 2276 4757 4759
3 2277 4758 4757
3 948 4762 4761
3 2278 4760 4762
3 2279 4761 4760
3 949 4765 4764
3 2280 4763 4765
3 2281 4764 4763
3 950 4768 4767
3 2282 4766 4768
3 2283 4767 4766
3 951 4771 4770
3 2284 4769 4771
3 2285 4770 4769
3 952 4774 4773
3 2286 4772 4774
3 2287 4773 4772
3 953 4777 4776
3 2288 4775 4777
3 2289 4776 4775
3 954 4780 4779
3 2290 4778 4780
3 2291 4779 4778
3 955 4783 4782
3 2292 4781 4783
3 2293 4782 4781
3 956 4786 4785
3 2294 4784 4786
3 2295 4785 4784
3 957 4789 4788
3 2296 4787 4789
3 2297 4788 4787
3 958 4792 4791
3 2298 4790 4792
3 2299 4791 4790
3 959 4795 4794
3 2300 4793 4795
3 2301 4794 4793
3 960 4798 4797
3 2302 4796 4798
3 2303 4797 4796
3 961 4801 4800
3 2304 4799 4801
3 2305 4800 4799
3 962 4804 4803
3 2306 4802 4804
3 2307 4803 4802
3 963 4807 4806
3 2308 4805 4807
3 2309 4806 4805
3 964 4810 4809
3 2310 4808 4810
3 2311 4809 4808
3 965 4813 4812
3 2312 4811 4813
3 2313 4812 4811
3 966 4816 4815
3 2314 4814 4816
3 2315 4815 4814
3 967 4819 4818
3 2316 4817 4819
3 2317 4818 4817
3 968 4822 4821
3 2318 4820 4822
3 2319 4821 4820
3 969 4825 4824
3 2320 4823 4825
3 2321 4824 4823
3 970 4828 4827
3 2322 4826 4828
3 2323 4827 4826
3 971 4831 4830
3 2324 4829 4831
3 2325 4830 4829
3 972 4834 4833
3 2326 4832 4834
3 2327 4833 4832
3 973 4837 4836
3 2328 4835 4837
3 2329 4836 4835
3 974 4840 4839
3 2330 4838 4840
3 2331 4839 4838
3 975 4843 4842
3 2332 4841 4843
3 2333 4842 4841
3 976 4846 4845
3 2334 4844 4846
3 2335 4845 4844
3 977 4849 4848
3 2336 4847 4849
3 2337 4848 4847
3 978 4852 4851
3 2338 4850 4852
3 2339 4851 4850
3 979 4855 4854
3 2340 4853 4855
3 2341 4854 4853
3 980 4858 4857
3 2342 4856 4858
3 2343 4857 4856
3 981 4861 4860
3 2344 4859 4861
3 2345 4860 4859
3 982 4864 4863
3 2346 4862 4864
3 2347 4863 4862
3 983 4867 4866
3 2348 4865 4867
3 2349 4866 4865
3 984 4870 4869
3 2350 4868 4870
3 2351 4869 4868
3 985 4873 4872
3 2352 4871 4873
3 2353 4872 4871
3 986 4876 4875
3 2354 4874 4876
3 2355 4875 4874
3 987 4879 4878
3 2356 4877 4879
3 2357 4878 4877
3 988 4882 4881
3 2358 4880 4882
3 2359 4881 4880
3 989 4885 4884
3 2360 4883 4885
3 2361 4884 4883
3 990 4888 4887
3 2362 4886 4888
3 2363 4887 4886
3 991 4891 4890
3 2364 4889 4891
3 2365 4890 4889
3 992 4894 4893
3 2366 4892 4894
3 2367 4893 4892
3 993 4897 4896
3 2368 4895 4897
3 2369 4896 4895
3 994 4900 4899
3 2370 4898 4900
3 2371 4899 4898
3 995 4903 4902
3 2372 4901 4903
3 2373 4902 4901
3 996 4906 4905
3 2374 4904 4906
3 2375 4905 4904
3 997 4909 4908
3 2376 4907 4909
3 2377 4908 4907
3 998 4912 4911
3 2378 4910 4912
3 2379 4911 4910
3 999 4915 4914
3 2380 4913 4915
3 2381 4914 4913
3 1000 4918 4917
3 2382 4916 4918
3 2383 4917 4916
3 1001 4921 4920
3 2384 4919 4921
3 2385 4920 4919
3 1002 4924 4923
3 2386 4922 4924
3 2387 4923 4922
3 1003 4927 4926
3 2388 4925 4927
3 2389 4926 4925
3 1004 4930 4929
3 2390 4928 4930
3 2391 4929 4928
3 1005 4933 4932
3 2392 4931 4933
3 2393 4932 4931
3 1006 4936 4935
3 2394 4934 4936
3 2395 4935 4934
3 1007 4939 4938
3 2396 4937 4939
3 2397 4938 4937
3 1008 4942 4941
3 2398 4940 4942
3 2399 4941 4940
3 1009 4945 4944
3 2400 4943 4945
3 2401 4944 4943
3 1010 4948 4947
3 2402 4946 4948
3 2403 4947 4946
3 1011 4951 4950
3 2404 4949 4951
3 2405 4950 4949
3 1012 4954 4953
3 2406 4952 4954
3 2407 4953 4952
3 1013 4957 4956
3 2408 4955 4957
3 2409 4956 4955
3 1014 4960 4959
3 2410 4958 4960
3 2411 4959 4958
3 1015 4963 4962
3 2412 4961 4963
3 2413 4962 4961
3 1016 4966 4965
3 2414 4964 4966
3 2415 4965 4964
3 1017 4969 4968
3 2416 4967 4969
3 2417 4968 4967
3 1018 4972 4971
3 2418 4970 4972
3 2419 4971 4970
3 1019 4975 4974
3 2420 4973 4975
3 2421 4974 4973
3 1020 4978 4977
3 2422 4976 4978
3 2423 4977 4976
3 1021 4981 4980
3 2424 4979 4981
3 2425 4980 4979
3 1022 4984 4983
3 2426 4982 4984
3 2427 4983 4982
3 1023 4987 4986
3 2428 4985 4987
3 2429 4986 4985
3 1024 4990 4989
3 2430 4988 4990
3 2431 4989 4988
3 1025 4993 4992
3 2432 4991 4993
3 2433 4992 4991
3 1026 4996 4995
3 2434 4994 4996
3 2435 4995 4994
3 1027 4999 4998
3 2436 4997 4999
3 2437 4998 4997
3 1028 5002 5001
3 2438 5000 5002
3 2439 5001 5000
3 1029 5005 5004
3 2440 5003 5005
3 2441 5004 5003
3 1030 5008 5007
3 2442 5006 5008
3 2443 5007 5006
3 1031 5011 5010
3 2444 5009 5011
3 2445 5010 5009
3 1032 5014 5013
3 2446 5012 5014
3 2447 5013 5012
3 1033 5017 5016
3 2448 5015 5017
3 2449 5016 5015
3 1034 5020 5019
3 2450 5018 5020
3 2451 5019 5018
3 1035 5023 5022
3 2452 5021 5023
3 2453 5022 5021
3 1036 5026 5025
3 2454 5024 5026
3 2455 5025 5024
3 1037 5029 5028
3 2456 5027 5029
3 2457 5028 5027
3 1038 5032 5031
3 2458 5030 5032
3 2459 5031 5030
3 1039 5035 5034
3 2460 5033 5035
3 2461 5034 5033
3 1040 5038 5037
3 2462 5036 5038
3 2463 5037 5036
3 1041 5041 5040
3 2464 5039 5041
3 2465 5040 5039
3 1042 5044 5043
3 2466 5042 5044
3 2467 5043 5042
3 1043 5047 5046
3 2468 5045 5047
3 2469 5046 5045
3 1044 5050 5049
3 2470 5048 5050
3 2471 5049 5048
3 1045 5053 5052
3 2472 5051 5053
3 2473 5052 5051
3 1046 5056 5055
3 2474 5054 5056
3 2475 5055 5054
3 1047 5059 5058
3 2476 5057 5059
3 2477 5058 5057
3 1048 5062 5061
3 2478 5060 5062
3 2479 5061 5060
3 1049 5065 5064
3 2480 5063 5065
3 2481 5064 5063
3 1050 5068 5067
3 2482 5066 5068
3 2483 5067 5066
3 1051 5071 5070
3 2484 5069 5071
3 2485 5070 5069
3 1052 5074 5073
3 2486 5072 5074
3 2487 5073 5072
3 1053 5077 5076
3 2488 5075 5077
3 2489 5076 5075
3 1054 5080 5079
3 2490 5078 5080
3 2491 5079 5078
3 1055 5083 5082
3 2492 5081 5083
3 2493 5082 5081
3 1056 5086 5085
3 2494 5084 5086
3 2495 5085 5084
3 1057 5089 5088
3 2496 5087 5089
3 2497 5088 5087
3 1058 5092 5091
3 2498 5090 5092
3 2499 5091 5090
3 1059 5095 5094
3 2500 5093 5095
3 1926 5094 5093
3 1060 5098 5097
3 1925 5096 5098
3 2501 5097 5096
3 1061 5101 5100
3 2502 5099 5101
3 2503 5100 5099
3 1062 5104 5103
3 2504 5102 5104
3 1922 5103 5102
3 1063 5107 5106
3 1927 5105 5107
3 2505 5106 5105
3 1064 5110 5109
3 2506 5108 5110
3 2507 5109 5108
3 1065 5113 5112
3 2508 5111 5113
3 1924 5112 5111
3 1066 5116 5115
3 1923 5114 5116
3 2509 5115 5114
3 1067 5119 5118
3 2510 5117 5119
3 2511 5118 5117
3 1068 5122 5121
3 2512 5120 5122
3 1932 5121 5120
3 1069 5125 5124
3 1931 5123 5125
3 2513 5124 5123
3 1070 5128 5127
3 2514 5126 5128
3 2515 5127 5126
3 1071 5131 5130
3 2516 5129 5131
3 1928 5130 5129
3 1072 5134 5133
3 1933 5132 5134
3 2517 5133 5132
3 1073 5137 5136
3 2518 5135 5137
3 2519 5136 5135
3 1074 5140 5139
3 2520 5138 5140
3 1930 5139 5138
3 1075 5143 5142
3 1929 5141 5143
3 2521 5142 5141
3 1076 5146 5145
3 2522 5144 5146
3 2523 5145 5144
3 1077 5149 5148
3 2524 5147 5149
3 1938 5148 5147
3 1078 5152 5151
3 1937 5150 5152
3 2525 5151 5150
3 1079 5155 5154
3 2526 5153 5155
3 2527 5154 5153
3 1080 5158 5157
3 2528 5156 5158
3 1934 5157 5156
3 1081 5161 5160
3 1939 5159 5161
3 2529 5160 5159
3 1082 5164 5163
3 2530 5162 5164
3 2531 5163 5162
3 1083 5167 5166
3 2532 5165 5167
3 1936 5166 5165
3 1084 5170 5169
3 1935 5168 5170
3 2533 5169 5168
3 1085 5173 5172
3 2534 5171 5173
3 2535 5172 5171
3 1086 5176 5175
3 2536 5174 5176
3 1944 5175 5174
3 1087 5179 5178
3 1943 5177 5179
3 2537 5178 5177
3 1088 5182 5181
3 2538 5180 5182
3 2539 5181 5180
3 1089 5185 5184
3 2540 5183 5185
3 1940 5184 5183
3 1090 5188 5187
3 1945 5186 5188
3 2541 5187 5186
3 1091 5191 5190
3 2542 5189 5191
3 2543 5190 5189
3 1092 5194 5193
3 2544 5192 5194
3 1942 5193 5192
3 1093 5197 5196
3 1941 5195 5197
3 2545 5196 5195
3 1094 5200 5199
3 2546 5198 5200
3 2547 5199 5198
3 1095 5203 5202
3 2548 5201 5203
3 1950 5202 5201
3 1096 5206 5205
3 1949 5204 5206
3 2549 5205 5204
3 1097 5209 5208
3 2550 5207 5209
3 2551 5208 5207
3 1098 5212 5211
3 2552 5210 5212
3 1946 5211 5210
3 1099 5215 5214
3 1951 5213 5215
3 2553 5214 5213
3 1100 5218 5217
3 2554 5216 5218
3 2555 5217 5216
3 1101 5221 5220
3 2556 5219 5221
3 1948 5220 5219
3 1102 5224 5223
3 1947 5222 5224
3 2557 5223 5222
3 1103 5227 5226
3 2558 5225 5227
3 2559 5226 5225
3 1104 5230 5229
3 2560 5228 5230
3 1956 5229 5228
3 1105 5233 5232
3 1955 5231 5233
3 2561 5232 5231
3 1106 5236 5235
3 2562 5234 5236
3 2563 5235 5234
3 1107 5239 5238
3 2564 5237 5239
3 1952 5238 5237
3 1108 5242 5241
3 1957 5240 5242
3 2565 5241 5240
3 1109 5245 5244
3 2566 5243 5245
3 2567 5244 5243
3 1110 5248 5247
3 2568 5246 5248
3 1954 5247 5246
3 1111 5251 5250
3 1953 5249 5251
3 2569 5250 5249
3 1112 5254 5253
3 2570 5252 5254
3 2571 5253 5252
3 1113 5257 5256
3 2572 5255 5257
3 1962 5256 5255
3 1114 5260 5259
3 1961 5258 5260
3 2573 5259 5258
3 1115 5263 5262
3 2574 5261 5263
3 2575 5262 5261
3 1116 5266 5265
3 2576 5264 5266
3 1958 5265 5264
3 1117 5269 5268
3 1963 5267 5269
3 2577 5268 5267
3 1118 5272 5271
3 2578 5270 5272
3 2579 5271 5270
3 1119 5275 5274
3 2580 5273 5275
3 1960 5274 5273
3 1120 5278 5277
3 1959 5276 5278
3 2581 5277 5276
3 1121 5281 5280
3 2582 5279 5281
3 2583 5280 5279
3 1122 5284 5283
3 2584 5282 5284
3 1968 5283 5282
3 1123 5287 5286
3 1967 5285 5287
3 2585 5286 5285
3 1124 5290 5289
3 2586 5288 5290
3 2587 5289 5288
3 1125 5293 5292
3 2588 5291 5293
3 1964 5292 5291
3 1126 5296 5295
3 1969 5294 5296
3 2589 5295 5294
3 1127 5299 5298
3 2590 5297 5299
3 2591 5298 5297
3 1128 5302 5301
3 2592 5300 5302
3 1966 5301 5300
3 1129 5305 5304
3 1965 5303 5305
3 2593 5304 5303
3 1130 5308 5307
3 2594 5306 5308
3 2595 5307 5306
3 1131 5311 5310
3 2596 5309 5311
3 1974 5310 5309
3 1132 5314 5313
3 1973 5312 5314
3 2597 5313 5312
3 1133 5317 5316
3 2598 5315 5317
3 2599 5316 5315
3 1134 5320 5319
3 2600 5318 5320
3 1970 5319 5318
3 1135 5323 5322
3 1975 5321 5323
3 2601 5322 5321
3 1136 5326 5325
3 2602 5324 5326
3 2603 5325 5324
3 1137 5329 5328
3 2604 5327 5329
3 1972 5328 5327
3 1138 5332 5331
3 1971 5330 5332
3 2605 5331 5330
3 1139 5335 5334
3 2606 5333 5335
3 2607 5334 5333
3 1140 5338 5337
3 2608 5336 5338
3 1980 5337 5336
3 1141 5341 5340
3 1979 5339 5341
3 2609 5340 5339
3 1142 5344 5343
3 2610 5342 5344
3 2611 5343 5342
3 1143 5347 5346
3 2612 5345 5347
3 1976 5346 5345
3 1144 5350 5349
3 1981 5348 5350
3 2613 5349 5348
3 1145 5353 5352
3 2614 5351 5353
3 2615 5352 5351
3 1146 5356 5355
3 2616 5354 5356
3 1978 5355 5354
3 1147 5359 5358
3 1977 5357 5359
3 2617 5358 5357
3 1148 5362 5361
3 2618 5360 5362
3 2619 5361 5360
3 1149 5365 5364
3 2620 5363 5365
3 1986 5364 5363
3 1150 5368 5367
3 1985 5366 5368
3 2621 5367 5366
3 1151 5371 5370
3 2622 5369 5371
3 2623 5370 5369
3 1152 5374 5373
3 2624 5372 5374
3 1982 5373 5372
3 1153 5377 5376
3 1987 5375 5377
3 2625 5376 5375
3 1154 5380 5379
3 2626 5378 5380
3 2627 5379 5378
3 1155 5383 5382
3 2628 5381 5383
3 1984 5382 5381
3 1156 5386 5385
3 1983 5384 5386
3 2629 5385 5384
3 1157 5389 5388
3 2630 5387 5389
3 2631 5388 5387
3 1158 5392 5391
3 2632 5390 5392
3 1992 5391 5390
3 1159 5395 5394
3 1991 5393 5395
3 2633 5394 5393
3 1160 5398 5397
3 2634 5396 5398
3 2635 5397 5396
3 1161 5401 5400
3 2636 5399 5401
3 1988 5400 5399
3 1162 5404 5403
3 1993 5402 5404
3 2637 5403 5402
3 1163 5407 5406
3 2638 5405 5407
3 2639 5406 5405
3 1164 5410 5409
3 2640 5408 5410
3 1990 5409 5408
3 1165 5413 5412
3 1989 5411 5413
3 2641 5412 5411
3 1166 5416 5415
3 2642 5414 5416
3 2643 5415 5414
3 1167 5419 5418
3 2644 5417 5419
3 1998 5418 5417
3 1168 5422 5421
3 1997 5420 5422
3 2645 5421 5420
3 1169 5425 5424
3 2646 5423 5425
3 2647 5424 5423
3 1170 5428 5427
3 2648 5426 5428
3 1994 5427 5426
3 1171 5431 5430
3 1999 5429 5431
3 2649 5430 5429
3 1172 5434 5433
3 2650 5432 5434
3 2651 5433 5432
3 1173 5437 5436
3 2652 5435 5437
3 1996 5436 5435
3 1174 5440 5439
3 1995 5438 5440
3 2653 5439 5438
3 1175 5443 5442
3 2654 5441 5443
3 2655 5442 5441
3 1176 5446 5445
3 2656 5444 5446
3 2004 5445 5444
3 1177 5449 5448
3 2003 5447 5449
3 2657 5448 5447
3 1178 5452 5451
3 2658 5450 5452
3 2659 5451 5450
3 1179 5455 5454
3 2660 5453 5455
3 2000 5454 5453
3 1180 5458 5457
3 2005 5456 5458
3 2661 5457 5456
3 1181 5461 5460
3 2662 5459 5461
3 2663 5460 5459
3 1182 5464 5463
3 2664 5462 5464
3 2002 5463 5462
3 1183 5467 5466
3 2001 5465 5467
3 2665 5466 5465
3 1184 5470 5469
3 2666 5468 5470
3 2667 5469 5468
3 1185 5473 5472
3 2668 5471 5473
3 2010 5472 5471
3 1186 5476 5475
3 2009 5474 5476
3 2669 5475 5474
3 1187 5479 5478
3 2670 5477 5479
3 2671 5478 5477
3 1188 5482 5481
3 2672 5480 5482
3 2006 5481 5480
3 1189 5485 5484
3 2011 5483 5485
3 2673 5484 5483
3 1190 5488 5487
3 2674 5486 5488
3 2675 5487 5486
3 1191 5491 5490
3 2676 5489 5491
3 2008 5490 5489
3 1192 5494 5493
3 2007 5492 5494
3 2677 5493 5492
3 1193 5497 5496
3 2678 5495 5497
3 2679 5496 5495
3 1194 5500 5499
3 2680 5498 5500
3 2016 5499 5498
3 1195 5503 5502
3 2015 5501 5503
3 2681 5502 5501
3 1196 5506 5505
3 2682 5504 5506
3 2683 5505 5504
3 1197 5509 5508
3 2684 5507 5509
3 2012 5508 5507
3 1198 5512 5511
3 2017 5510 5512
3 2685 5511 5510
3 1199 5515 5514
3 2686 5513 5515
3 2687 5514 5513
3 1200 5518 5517
3 2688 5516 5518
3 2014 5517 5516
3 1201 5521 5520
3 2013 5519 5521
3 2689 5520 5519
3 1202 5524 5523
3 2690 5522 5524
3 2691 5523 5522
3 1203 5527 5526
3 2692 5525 5527
3 2022 5526 5525
3 1204 5530 5529
3 2021 5528 5530
3 2693 5529 5528
3 1205 5533 5532
3 2694 5531 5533
3 2695 5532 5531
3 1206 5536 5535
3 2696 5534 5536
3 2018 5535 5534
3 1207 5539 5538
3 2023 5537 5539
3 2697 5538 5537
3 1208 5542 5541
3 2698 5540 5542
3 2699 5541 5540
3 1209 5545 5544
3 2700 5543 5545
3 2020 5544 5543
3 1210 5548 5547
3 2019 5546 5548
3 2701 5547 5546
3 1211 5551 5550
3 2702 5549 5551
3 2703 5550 5549
3 1212 5554 5553
3 2704 5552 5554
3 2028 5553 5552
3 1213 5557 5556
3 2027 5555 5557
3 2705 5556 5555
3 1214 5560 5559
3 2706 5558 5560
3 2707 5559 5558
3 1215 5563 5562
3 2708 5561 5563
3 2024 5562 5561
3 1216 5566 5565
3 2029 5564 5566
3 2709 5565 5564
3 1217 5569 5568
3 2710 5567 5569
3 2711 5568 5567
3 1218 5572 5571
3 2712 5570 5572
3 2026 5571 5570
3 1219 5575 5574
3 2025 5573 5575
3 2713 5574 5573
3 1220 5578 5577
3 2714 5576 5578
3 2715 5577 5576
3 1221 5581 5580
3 2716 5579 5581
3 2034 5580 5579
3 1222 5584 5583
3 2033 5582 5584
3 2717 5583 5582
3 1223 5587 5586
3 2718 5585 5587
3 2719 5586 5585
3 1224 5590 5589
3 2720 5588 5590
3 2030 5589 5588
3 1225 5593 5592
3 2035 5591 5593
3 2721 5592 5591
3 1226 5596 5595
3 2722 5594 5596
3 2723 5595 5594
3 1227 5599 5598
3 2724 5597 5599
3 2032 5598 5597
3 1228 5602 5601
3 2031 5600 5602
3 2725 5601 5600
3 1229 5605 5604
3 2726 5603 5605
3 2727 5604 5603
3 1230 5608 5607
3 2728 5606 5608
3 2040 5607 5606
3 1231 5611 5610
3 2039 5609 5611
3 2729 5610 5609
3 1232 5614 5613
3 2730 5612 5614
3 2731 5613 5612
3 1233 5617 5616
3 2732 5615 5617
3 2036 5616 5615
3 1234 5620 5619
3 2041 5618 5620
3 2733 5619 5618
3 1235 5623 5622
3 2734 5621 5623
3 2735 5622 5621
3 1236 5626 5625
3 2736 5624 5626
3 2038 5625 5624
3 1237 5629 5628
3 2037 5627 5629
3 2737 5628 5627
3 1238 5632 5631
3 2738 5630 5632
3 2739 5631 5630
3 1239 5635 5634
3 2740 5633 5635
3 2046 5634 5633
3 1240 5638 5637
3 2045 5636 5638
3 2741 5637 5636
3 1241 5641 5640
3 2742 5639 5641
3 2743 5640 5639
3 1242 5644 5643
3 2744 5642 5644
3 2042 5643 5642
3 1243 5647 5646
3 2047 5645 5647
3 2745 5646 5645
3 1244 5650 5649
3 2746 5648 5650
3 2747 5649 5648
3 1245 5653 5652
3 2748 5651 5653
3 2044 5652 5651
3 1246 5656 5655
3 2043 5654 5656
3 2749 5655 5654
3 1247 5659 5658
3 2750 5657 5659
3 2751 5658 5657
3 1248 5662 5661
3 2752 5660 5662
3 2052 5661 5660
3 1249 5665 5664
3 2051 5663 5665
3 2753 5664 5663
3 1250 5668 5667
3 2754 5666 5668
3 2755 5667 5666
3 1251 5671 5670
3 2756 5669 5671
3 2048 5670 5669
3 1252 5674 5673
3 2053 5672 5674
3 2757 5673 5672
3 1253 5677 5676
3 2758 5675 5677
3 2759 5676 5675
3 1254 5680 5679
3 2760 5678 5680
3 2050 5679 5678
3 1255 5683 5682
3 2049 5681 5683
3 2761 5682 5681
3 1256 5686 5685
3 2762 5684 5686
3 2763 5685 5684
3 1257 5689 5688
3 2764 5687 5689
3 2058 5688 5687
3 1258 5692 5691
3 2057 5690 5692
3 2765 5691 5690
3 1259 5695 5694
3 2766 5693 5695
3 2767 5694 5693
3 1260 5698 5697
3 2768 5696 5698
3 2054 5697 5696
3 1261 5701 5700
3 2059 5699 5701
3 2769 5700 5699
3 1262 5704 5703
3 2770 5702 5704
3 2771 5703 5702
3 1263 5707 5706
3 2772 5705 5707
3 2056 5706 5705
3 1264 5710 5709
3 2055 5708 5710
3 2773 5709 5708
3 1265 5713 5712
3 2774 5711 5713
3 2775 5712 5711
3 1266 5716 5715
3 2776 5714 5716
3 2064 5715 5714
3 1267 5719 5718
3 2063 5717 5719
3 2777 5718 5717
3 1268 5722 5721
3 2778 5720 5722
3 2779 5721 5720
3 1269 5725 5724
3 2780 5723 5725
3 2060 5724 5723
3 1270 5728 5727
3 2065 5726 5728
3 2781 5727 5726
3 1271 5731 5730
3 2782 5729 5731
3 2783 5730 5729
3 1272 5734 5733
3 2784 5732 5734
3 2062 5733 5732
3 1273 5737 5736
3 2061 5735 5737
3 2785 5736 5735
3 1274 5740 5739
3 2786 5738 5740
3 2787 5739 5738
3 1275 5743 5742
3 2788 5741 5743
3 2070 5742 5741
3 1276 5746 5745
3 2069 5744 5746
3 2789 5745 5744
3 1277 5749 5748
3 2790 5747 5749
3 2506 5748 5747
3 1278 5752 5751
3 2509 5750 5752
3 2066 5751 5750
3 1279 5755 5754
3 2071 5753 5755
3 2791 5754 5753
3 1280 5758 5757
3 2503 5756 5758
3 2792 5757 5756
3 1281 5761 5760
3 2793 5759 5761
3 2068 5760 5759
3 1282 5764 5763
3 2067 5762 5764
3 2504 5763 5762
3 1283 5767 5766
3 2794 5765 5767
3 2795 5766 5765
3 1284 5770 5769
3 2796 5768 5770
3 2076 5769 5768
3 1285 5773 5772
3 2075 5771 5773
3 2797 5772 5771
3 1286 5776 5775
3 2798 5774 5776
3 2498 5775 5774
3 1287 5779 5778
3 2501 5777 5779
3 2072 5778 5777
3 1288 5782 5781
3 2077 5780 5782
3 2799 5781 5780
3 1289 5785 5784
3 2507 5783 5785
3 2800 5784 5783
3 1290 5788 5787
3 2801 5786 5788
3 2074 5787 5786
3 1291 5791 5790
3 2073 5789 5791
3 2508 5790 5789
3 1292 5794 5793
3 2802 5792 5794
3 2803 5793 5792
3 1293 5797 5796
3 2804 5795 5797
3 2082 5796 5795
3 1294 5800 5799
3 2081 5798 5800
3 2805 5799 5798
3 1295 5803 5802
3 2806 5801 5803
3 2502 5802 5801
3 1296 5806 5805
3 2505 5804 5806
3 2078 5805 5804
3 1297 5809 5808
3 2083 5807 5809
3 2807 5808 5807
3 1298 5812 5811
3 2499 5810 5812
3 2808 5811 5810
3 1299 5815 5814
3 2809 5813 5815
3 2080 5814 5813
3 1300 5818 5817
3 2079 5816 5818
3 2500 5817 5816
3 1301 5821 5820
3 2810 5819 5821
3 2786 5820 5819
3 1302 5824 5823
3 2789 5822 5824
3 2088 5823 5822
3 1303 5827 5826
3 2087 5825 5827
3 2811 5826 5825
3 1304 5830 5829
3 2792 5828 5830
3 2518 5829 5828
3 1305 5833 5832
3 2521 5831 5833
3 2084 5832 5831
3 1306 5836 5835
3 2089 5834 5836
3 2793 5835 5834
3 1307 5839 5838
3 2515 5837 5839
3 2812 5838 5837
3 1308 5842 5841
3 2813 5840 5842
3 2086 5841 5840
3 1309 5845 5844
3 2085 5843 5845
3 2516 5844 5843
3 1310 5848 5847
3 2803 5846 5848
3 2814 5847 5846
3 1311 5851 5850
3 2815 5849 5851
3 2094 5850 5849
3 1312 5854 5853
3 2093 5852 5854
3 2804 5853 5852
3 1313 5857 5856
3 2816 5855 5857
3 2510 5856 5855
3 1314 5860 5859
3 2513 5858 5860
3 2090 5859 5858
3 1315 5863 5862
3 2095 5861 5863
3 2817 5862 5861
3 1316 5866 5865
3 2519 5864 5866
3 2806 5865 5864
3 1317 5869 5868
3 2807 5867 5869
3 2092 5868 5867
3 1318 5872 5871
3 2091 5870 5872
3 2520 5871 5870
3 1319 5875 5874
3 2818 5873 5875
3 2819 5874 5873
3 1320 5878 5877
3 2820 5876 5878
3 2100 5877 5876
3 1321 5881 5880
3 2099 5879 5881
3 2821 5880 5879
3 1322 5884 5883
3 2822 5882 5884
3 2514 5883 5882
3 1323 5887 5886
3 2517 5885 5887
3 2096 5886 5885
3 1324 5890 5889
3 2101 5888 5890
3 2823 5889 5888
3 1325 5893 5892
3 2511 5891 5893
3 2824 5892 5891
3 1326 5896 5895
3 2825 5894 5896
3 2098 5895 5894
3 1327 5899 5898
3 2097 5897 5899
3 2512 5898 5897
3 1328 5902 5901
3 2826 5900 5902
3 2810 5901 5900
3 1329 5905 5904
3 2811 5903 5905
3 2106 5904 5903
3 1330 5908 5907
3 2105 5906 5908
3 2827 5907 5906
3 1331 5911 5910
3 2812 5909 5911
3 2530 5910 5909
3 1332 5914 5913
3 2533 5912 5914
3 2102 5913 5912
3 1333 5917 5916
3 2107 5915 5917
3 2813 5916 5915
3 1334 5920 5919
3 2527 5918 5920
3 2828 5919 5918
3 1335 5923 5922
3 2829 5921 5923
3 2104 5922 5921
3 1336 5926 5925
3 2103 5924 5926
3 2528 5925 5924
3 1337 5929 5928
3 2819 5927 5929
3 2830 5928 5927
3 1338 5932 5931
3 2831 5930 5932
3 2112 5931 5930
3 1339 5935 5934
3 2111 5933 5935
3 2820 5934 5933
3 1340 5938 5937
3 2832 5936 5938
3 2522 5937 5936
3 1341 5941 5940
3 2525 5939 5941
3 2108 5940 5939
3 1342 5944 5943
3 2113 5942 5944
3 2833 5943 5942
3 1343 5947 5946
3 2531 5945 5947
3 2822 5946 5945
3 1344 5950 5949
3 2823 5948 5950
3 2110 5949 5948
3 1345 5953 5952
3 2109 5951 5953
3 2532 5952 5951
3 1346 5956 5955
3 2834 5954 5956
3 2835 5955 5954
3 1347 5959 5958
3 2836 5957 5959
3 2118 5958 5957
3 1348 5962 5961
3 2117 5960 5962
3 2837 5961 5960
3 1349 5965 5964
3 2838 5963 5965
3 2526 5964 5963
3 1350 5968 5967
3 2529 5966 5968
3 2114 5967 5966
3 1351 5971 5970
3 2119 5969 5971
3 2839 5970 5969
3 1352 5974 5973
3 2523 5972 5974
3 2840 5973 5972
3 1353 5977 5976
3 2841 5975 5977
3 2116 5976 5975
3 1354 5980 5979
3 2115 5978 5980
3 2524 5979 5978
3 1355 5983 5982
3 2787 5981 5983
3 2826 5982 5981
3 1356 5986 5985
3 2827 5984 5986
3 2124 5985 5984
3 1357 5989 5988
3 2123 5987 5989
3 2788 5988 5987
3 1358 5992 5991
3 2828 5990 5992
3 2542 5991 5990
3 1359 5995 5994
3 2545 5993 5995
3 2120 5994 5993
3 1360 5998 5997
3 2125 5996 5998
3 2829 5997 5996
3 1361 6001 6000
3 2539 5999 6001
3 2790 6000 5999
3 1362 6004 6003
3 2791 6002 6004
3 2122 6003 6002
3 1363 6007 6006
3 2121 6005 6007
3 2540 6006 6005
3 1364 6010 6009
3 2835 6008 6010
3 2842 6009 6008
3 1365 6013 6012
3 2843 6011 6013
3 2130 6012 6011
3 1366 6016 6015
3 2129 6014 6016
3 2836 6015 6014
3 1367 6019 6018
3 2844 6017 6019
3 2534 6018 6017
3 1368 6022 6021
3 2537 6020 6022
3 2126 6021 6020
3 1369 6025 6024
3 2131 6023 6025
3 2845 6024 6023
3 1370 6028 6027
3 2543 6026 6028
3 2838 6027 6026
3 1371 6031 6030
3 2839 6029 6031
3 2128 6030 6029
3 1372 6034 6033
3 2127 6032 6034
3 2544 6033 6032
3 1373 6037 6036
3 2846 6035 6037
3 2794 6036 6035
3 1374 6040 6039
3 2797 6038 6040
3 2136 6039 6038
3 1375 6043 6042
3 2135 6041 6043
3 2847 6042 6041
3 1376 6046 6045
3 2800 6044 6046
3 2538 6045 6044
3 1377 6049 6048
3 2541 6047 6049
3 2132 6048 6047
3 1378 6052 6051
3 2137 6050 6052
3 2801 6051 6050
3 1379 6055 6054
3 2535 6053 6055
3 2848 6054 6053
3 1380 6058 6057
3 2849 6056 6058
3 2134 6057 6056
3 1381 6061 6060
3 2133 6059 6061
3 2536 6060 6059
3 1382 6064 6063
3 2850 6062 6064
3 2851 6063 6062
3 1383 6067 6066
3 2852 6065 6067
3 2142 6066 6065
3 1384 6070 6069
3 2141 6068 6070
3 2853 6069 6068
3 1385 6073 6072
3 2854 6071 6073
3 2554 6072 6071
3 1386 6076 6075
3 2557 6074 6076
3 2138 6075 6074
3 1387 6079 6078
3 2143 6077 6079
3 2855 6078 6077
3 1388 6082 6081
3 2551 6080 6082
3 2856 6081 6080
3 1389 6085 6084
3 2857 6083 6085
3 2140 6084 6083
3 1390 6088 6087
3 2139 6086 6088
3 2552 6087 6086
3 1391 6091 6090
3 2858 6089 6091
3 2859 6090 6089
3 1392 6094 6093
3 2860 6092 6094
3 2148 6093 6092
3 1393 6097 6096
3 2147 6095 6097
3 2861 6096 6095
3 1394 6100 6099
3 2862 6098 6100
3 2546 6099 6098
3 1395 6103 6102
3 2549 6101 6103
3 2144 6102 6101
3 1396 6106 6105
3 2149 6104 6106
3 2863 6105 6104
3 1397 6109 6108
3 2555 6107 6109
3 2864 6108 6107
3 1398 6112 6111
3 2865 6110 6112
3 2146 6111 6110
3 1399 6115 6114
3 2145 6113 6115
3 2556 6114 6113
3 1400 6118 6117
3 2866 6116 6118
3 2867 6117 6116
3 1401 6121 6120
3 2868 6119 6121
3 2154 6120 6119
3 1402 6124 6123
3 2153 6122 6124
3 2869 6123 6122
3 1403 6127 6126
3 2870 6125 6127
3 2550 6126 6125
3 1404 6130 6129
3 2553 6128 6130
3 2150 6129 6128
3 1405 6133 6132
3 2155 6131 6133
3 2871 6132 6131
3 1406 6136 6135
3 2547 6134 6136
3 2872 6135 6134
3 1407 6139 6138
3 2873 6137 6139
3 2152 6138 6137
3 1408 6142 6141
3 2151 6140 6142
3 2548 6141 6140
3 1409 6145 6144
3 2874 6143 6145
3 2850 6144 6143
3 1410 6148 6147
3 2853 6146 6148
3 2160 6147 6146
3 1411 6151 6150
3 2159 6149 6151
3 2875 6150 6149
3 1412 6154 6153
3 2856 6152 6154
3 2566 6153 6152
3 1413 6157 6156
3 2569 6155 6157
3 2156 6156 6155
3 1414 6160 6159
3 2161 6158 6160
3 2857 6159 6158
3 1415 6163 6162
3 2563 6161 6163
3 2876 6162 6161
3 1416 6166 6165
3 2877 6164 6166
3 2158 6165 6164
3 1417 6169 6168
3 2157 6167 6169
3 2564 6168 6167
3 1418 6172 6171
3 2867 6170 6172
3 2878 6171 6170
3 1419 6175 6174
3 2879 6173 6175
3 2166 6174 6173
3 1420 6178 6177
3 2165 6176 6178
3 2868 6177 6176
3 1421 6181 6180
3 2880 6179 6181
3 2558 6180 6179
3 1422 6184 6183
3 2561 6182 6184
3 2162 6183 6182
3 1423 6187 6186
3 2167 6185 6187
3 2881 6186 6185
3 1424 6190 6189
3 2567 6188 6190
3 2870 6189 6188
3 1425 6193 6192
3 2871 6191 6193
3 2164 6192 6191
3 1426 6196 6195
3 2163 6194 6196
3 2568 6195 6194
3 1427 6199 6198
3 2882 6197 6199
3 2883 6198 6197
3 1428 6202 6201
3 2884 6200 6202
3 2172 6201 6200
3 1429 6205 6204
3 2171 6203 6205
3 2885 6204 6203
3 1430 6208 6207
3 2886 6206 6208
3 2562 6207 6206
3 1431 6211 6210
3 2565 6209 6211
3 2168 6210 6209
3 1432 6214 6213
3 2173 6212 6214
3 2887 6213 6212
3 1433 6217 6216
3 2559 6215 6217
3 2888 6216 6215
3 1434 6220 6219
3 2889 6218 6220
3 2170 6219 6218
3 1435 6223 6222
3 2169 6221 6223
3 2560 6222 6221
3 1436 6226 6225
3 2890 6224 6226
3 2874 6225 6224
3 1437 6229 6228
3 2875 6227 6229
3 2178 6228 6227
3 1438 6232 6231
3 2177 6230 6232
3 2891 6231 6230
3 1439 6235 6234
3 2876 6233 6235
3 2578 6234 6233
3 1440 6238 6237
3 2581 6236 6238
3 2174 6237 6236
3 1441 6241 6240
3 2179 6239 6241
3 2877 6240 6239
3 1442 6244 6243
3 2575 6242 6244
3 2892 6243 6242
3 1443 6247 6246
3 2893 6245 6247
3 2176 6246 6245
3 1444 6250 6249
3 2175 6248 6250
3 2576 6249 6248
3 1445 6253 6252
3 2883 6251 6253
3 2834 6252 6251
3 1446 6256 6255
3 2837 6254 6256
3 2184 6255 6254
3 1447 6259 6258
3 2183 6257 6259
3 2884 6258 6257
3 1448 6262 6261
3 2840 6260 6262
3 2570 6261 6260
3 1449 6265 6264
3 2573 6263 6265
3 2180 6264 6263
3 1450 6268 6267
3 2185 6266 6268
3 2841 6267 6266
3 1451 6271 6270
3 2579 6269 6271
3 2886 6270 6269
3 1452 6274 6273
3 2887 6272 6274
3 2182 6273 6272
3 1453 6277 6276
3 2181 6275 6277
3 2580 6276 6275
3 1454 6280 6279
3 2830 6278 6280
3 2894 6279 6278
3 1455 6283 6282
3 2895 6281 6283
3 2190 6282 6281
3 1456 6286 6285
3 2189 6284 6286
3 2831 6285 6284
3 1457 6289 6288
3 2896 6287 6289
3 2574 6288 6287
3 1458 6292 6291
3 2577 6290 6292
3 2186 6291 6290
3 1459 6295 6294
3 2191 6293 6295
3 2897 6294 6293
3 1460 6298 6297
3 2571 6296 6298
3 2832 6297 6296
3 1461 6301 6300
3 2833 6299 6301
3 2188 6300 6299
3 1462 6304 6303
3 2187 6302 6304
3 2572 6303 6302
3 1463 6307 6306
3 2851 6305 6307
3 2890 6306 6305
3 1464 6310 6309
3 2891 6308 6310
3 2196 6309 6308
3 1465 6313 6312
3 2195 6311 6313
3 2852 6312 6311
3 1466 6316 6315
3 2892 6314 6316
3 2590 6315 6314
3 1467 6319 6318
3 2593 6317 6319
3 2192 6318 6317
3 1468 6322 6321
3 2197 6320 6322
3 2893 6321 6320
3 1469 6325 6324
3 2587 6323 6325
3 2854 6324 6323
3 1470 6328 6327
3 2855 6326 6328
3 2194 6327 6326
3 1471 6331 6330
3 2193 6329 6331
3 2588 6330 6329
3 1472 6334 6333
3 2894 6332 6334
3 2898 6333 6332
3 1473 6337 6336
3 2899 6335 6337
3 2202 6336 6335
3 1474 6340 6339
3 2201 6338 6340
3 2895 6339 6338
3 1475 6343 6342
3 2900 6341 6343
3 2582 6342 6341
3 1476 6346 6345
3 2585 6344 6346
3 2198 6345 6344
3 1477 6349 6348
3 2203 6347 6349
3 2901 6348 6347
3 1478 6352 6351
3 2591 6350 6352
3 2896 6351 6350
3 1479 6355 6354
3 2897 6353 6355
3 2200 6354 6353
3 1480 6358 6357
3 2199 6356 6358
3 2592 6357 6356
3 1481 6361 6360
3 2902 6359 6361
3 2858 6360 6359
3 1482 6364 6363
3 2861 6362 6364
3 2208 6363 6362
3 1483 6367 6366
3 2207 6365 6367
3 2903 6366 6365
3 1484 6370 6369
3 2864 6368 6370
3 2586 6369 6368
3 1485 6373 6372
3 2589 6371 6373
3 2204 6372 6371
3 1486 6376 6375
3 2209 6374 6376
3 2865 6375 6374
3 1487 6379 6378
3 2583 6377 6379
3 2904 6378 6377
3 1488 6382 6381
3 2905 6380 6382
3 2206 6381 6380
3 1489 6385 6384
3 2205 6383 6385
3 2584 6384 6383
3 1490 6388 6387
3 2906 6386 6388
3 2907 6387 6386
3 1491 6391 6390
3 2908 6389 6391
3 2214 6390 6389
3 1492 6394 6393
3 2213 6392 6394
3 2909 6393 6392
3 1493 6397 6396
3 2910 6395 6397
3 2602 6396 6395
3 1494 6400 6399
3 2605 6398 6400
3 2210 6399 6398
3 1495 6403 6402
3 2215 6401 6403
3 2911 6402 6401
3 1496 6406 6405
3 2599 6404 6406
3 2912 6405 6404
3 1497 6409 6408
3 2913 6407 6409
3 2212 6408 6407
3 1498 6412 6411
3 2211 6410 6412
3 2600 6411 6410
3 1499 6415 6414
3 2914 6413 6415
3 2866 6414 6413
3 1500 6418 6417
3 2869 6416 6418
3 2220 6417 6416
3 1501 6421 6420
3 2219 6419 6421
3 2915 6420 6419
3 1502 6424 6423
3 2872 6422 6424
3 2594 6423 6422
3 1503 6427 6426
3 2597 6425 6427
3 2216 6426 6425
3 1504 6430 6429
3 2221 6428 6430
3 2873 6429 6428
3 1505 6433 6432
3 2603 6431 6433
3 2916 6432 6431
3 1506 6436 6435
3 2917 6434 6436
3 2218 6435 6434
3 1507 6439 6438
3 2217 6437 6439
3 2604 6438 6437
3 1508 6442 6441
3 2859 6440 6442
3 2918 6441 6440
3 1509 6445 6444
3 2919 6443 6445
3 2226 6444 6443
3 1510 6448 6447
3 2225 6446 6448
3 2860 6447 6446
3 1511 6451 6450
3 2920 6449 6451
3 2598 6450 6449
3 1512 6454 6453
3 2601 6452 6454
3 2222 6453 6452
3 1513 6457 6456
3 2227 6455 6457
3 2921 6456 6455
3 1514 6460 6459
3 2595 6458 6460
3 2862 6459 6458
3 1515 6463 6462
3 2863 6461 6463
3 2224 6462 6461
3 1516 6466 6465
3 2223 6464 6466
3 2596 6465 6464
3 1517 6469 6468
3 2922 6467 6469
3 2906 6468 6467
3 1518 6472 6471
3 2909 6470 6472
3 2232 6471 6470
3 1519 6475 6474
3 2231 6473 6475
3 2923 6474 6473
3 1520 6478 6477
3 2912 6476 6478
3 2614 6477 6476
3 1521 6481 6480
3 2617 6479 6481
3 2228 6480 6479
3 1522 6484 6483
3 2233 6482 6484
3 2913 6483 6482
3 1523 6487 6486
3 2611 6485 6487
3 2924 6486 6485
3 1524 6490 6489
3 2925 6488 6490
3 2230 6489 6488
3 1525 6493 6492
3 2229 6491 6493
3 2612 6492 6491
3 1526 6496 6495
3 2918 6494 6496
3 2926 6495 6494
3 1527 6499 6498
3 2927 6497 6499
3 2238 6498 6497
3 1528 6502 6501
3 2237 6500 6502
3 2919 6501 6500
3 1529 6505 6504
3 2928 6503 6505
3 2606 6504 6503
3 1530 6508 6507
3 2609 6506 6508
3 2234 6507 6506
3 1531 6511 6510
3 2239 6509 6511
3 2929 6510 6509
3 1532 6514 6513
3 2615 6512 6514
3 2920 6513 6512
3 1533 6517 6516
3 2921 6515 6517
3 2236 6516 6515
3 1534 6520 6519
3 2235 6518 6520
3 2616 6519 6518
3 1535 6523 6522
3 2930 6521 6523
3 2931 6522 6521
3 1536 6526 6525
3 2932 6524 6526
3 2244 6525 6524
3 1537 6529 6528
3 2243 6527 6529
3 2933 6528 6527
3 1538 6532 6531
3 2934 6530 6532
3 2610 6531 6530
3 1539 6535 6534
3 2613 6533 6535
3 2240 6534 6533
3 1540 6538 6537
3 2245 6536 6538
3 2935 6537 6536
3 1541 6541 6540
3 2607 6539 6541
3 2936 6540 6539
3 1542 6544 6543
3 2937 6542 6544
3 2242 6543 6542
3 1543 6547 6546
3 2241 6545 6547
3 2608 6546 6545
3 1544 6550 6549
3 2938 6548 6550
3 2922 6549 6548
3 1545 6553 6552
3 2923 6551 6553
3 2250 6552 6551
3 1546 6556 6555
3 2249 6554 6556
3 2939 6555 6554
3 1547 6559 6558
3 2924 6557 6559
3 2626 6558 6557
3 1548 6562 6561
3 2629 6560 6562
3 2246 6561 6560
3 1549 6565 6564
3 2251 6563 6565
3 2925 6564 6563
3 1550 6568 6567
3 2623 6566 6568
3 2940 6567 6566
3 1551 6571 6570
3 2941 6569 6571
3 2248 6570 6569
3 1552 6574 6573
3 2247 6572 6574
3 2624 6573 6572
3 1553 6577 6576
3 2931 6575 6577
3 2942 6576 6575
3 1554 6580 6579
3 2943 6578 6580
3 2256 6579 6578
3 1555 6583 6582
3 2255 6581 6583
3 2932 6582 6581
3 1556 6586 6585
3 2944 6584 6586
3 2618 6585 6584
3 1557 6589 6588
3 2621 6587 6589
3 2252 6588 6587
3 1558 6592 6591
3 2257 6590 6592
3 2945 6591 6590
3 1559 6595 6594
3 2627 6593 6595
3 2934 6594 6593
3 1560 6598 6597
3 2935 6596 6598
3 2254 6597 6596
3 1561 6601 6600
3 2253 6599 6601
3 2628 6600 6599
3 1562 6604 6603
3 2946 6602 6604
3 2947 6603 6602
3 1563 6607 6606
3 2948 6605 6607
3 2262 6606 6605
3 1564 6610 6609
3 2261 6608 6610
3 2949 6609 6608
3 1565 6613 6612
3 2950 6611 6613
3 2622 6612 6611
3 1566 6616 6615
3 2625 6614 6616
3 2258 6615 6614
3 1567 6619 6618
3 2263 6617 6619
3 2951 6618 6617
3 1568 6622 6621
3 2619 6620 6622
3 2952 6621 6620
3 1569 6625 6624
3 2953 6623 6625
3 2260 6624 6623
3 1570 6628 6627
3 2259 6626 6628
3 2620 6627 6626
3 1571 6631 6630
3 2907 6629 6631
3 2938 6630 6629
3 1572 6634 6633
3 2939 6632 6634
3 2268 6633 6632
3 1573 6637 6636
3 2267 6635 6637
3 2908 6636 6635
3 1574 6640 6639
3 2940 6638 6640
3 2638 6639 6638
3 1575 6643 6642
3 2641 6641 6643
3 2264 6642 6641
3 1576 6646 6645
3 2269 6644 6646
3 2941 6645 6644
3 1577 6649 6648
3 2635 6647 6649
3 2910 6648 6647
3 1578 6652 6651
3 2911 6650 6652
3 2266 6651 6650
3 1579 6655 6654
3 2265 6653 6655
3 2636 6654 6653
3 1580 6658 6657
3 2947 6656 6658
3 2954 6657 6656
3 1581 6661 6660
3 2955 6659 6661
3 2274 6660 6659
3 1582 6664 6663
3 2273 6662 6664
3 2948 6663 6662
3 1583 6667 6666
3 2956 6665 6667
3 2630 6666 6665
3 1584 6670 6669
3 2633 6668 6670
3 2270 6669 6668
3 1585 6673 6672
3 2275 6671 6673
3 2957 6672 6671
3 1586 6676 6675
3 2639 6674 6676
3 2950 6675 6674
3 1587 6679 6678
3 2951 6677 6679
3 2272 6678 6677
3 1588 6682 6681
3 2271 6680 6682
3 2640 6681 6680
3 1589 6685 6684
3 2958 6683 6685
3 2914 6684 6683
3 1590 6688 6687
3 2915 6686 6688
3 2280 6687 6686
3 1591 6691 6690
3 2279 6689 6691
3 2959 6690 6689
3 1592 6694 6693
3 2916 6692 6694
3 2634 6693 6692
3 1593 6697 6696
3 2637 6695 6697
3 2276 6696 6695
3 1594 6700 6699
3 2281 6698 6700
3 2917 6699 6698
3 1595 6703 6702
3 2631 6701 6703
3 2960 6702 6701
3 1596 6706 6705
3 2961 6704 6706
3 2278 6705 6704
3 1597 6709 6708
3 2277 6707 6709
3 2632 6708 6707
3 1598 6712 6711
3 2962 6710 6712
3 2963 6711 6710
3 1599 6715 6714
3 2964 6713 6715
3 2286 6714 6713
3 1600 6718 6717
3 2285 6716 6718
3 2965 6717 6716
3 1601 6721 6720
3 2966 6719 6721
3 2650 6720 6719
3 1602 6724 6723
3 2653 6722 6724
3 2282 6723 6722
3 1603 6727 6726
3 2287 6725 6727
3 2967 6726 6725
3 1604 6730 6729
3 2647 6728 6730
3 2968 6729 6728
3 1605 6733 6732
3 2969 6731 6733
3 2284 6732 6731
3 1606 6736 6735
3 2283 6734 6736
3 2648 6735 6734
3 1607 6739 6738
3 2970 6737 6739
3 2802 6738 6737
3 1608 6742 6741
3 2805 6740 6742
3 2292 6741 6740
3 1609 6745 6744
3 2291 6743 6745
3 2971 6744 6743
3 1610 6748 6747
3 2808 6746 6748
3 2642 6747 6746
3 1611 6751 6750
3 2645 6749 6751
3 2288 6750 6749
3 1612 6754 6753
3 2293 6752 6754
3 2809 6753 6752
3 1613 6757 6756
3 2651 6755 6757
3 2972 6756 6755
3 1614 6760 6759
3 2973 6758 6760
3 2290 6759 6758
3 1615 6763 6762
3 2289 6761 6763
3 2652 6762 6761
3 1616 6766 6765
3 2795 6764 6766
3 2974 6765 6764
3 1617 6769 6768
3 2975 6767 6769
3 2298 6768 6767
3 1618 6772 6771
3 2297 6770 6772
3 2796 6771 6770
3 1619 6775 6774
3 2976 6773 6775
3 2646 6774 6773
3 1620 6778 6777
3 2649 6776 6778
3 2294 6777 6776
3 1621 6781 6780
3 2299 6779 6781
3 2977 6780 6779
3 1622 6784 6783
3 2643 6782 6784
3 2798 6783 6782
3 1623 6787 6786
3 2799 6785 6787
3 2296 6786 6785
3 1624 6790 6789
3 2295 6788 6790
3 2644 6789 6788
3 1625 6793 6792
3 2978 6791 6793
3 2962 6792 6791
3 1626 6796 6795
3 2965 6794 6796
3 2304 6795 6794
3 1627 6799 6798
3 2303 6797 6799
3 2979 6798 6797
3 1628 6802 6801
3 2968 6800 6802
3 2662 6801 6800
3 1629 6805 6804
3 2665 6803 6805
3 2300 6804 6803
3 1630 6808 6807
3 2305 6806 6808
3 2969 6807 6806
3 1631 6811 6810
3 2659 6809 6811
3 2980 6810 6809
3 1632 6814 6813
3 2981 6812 6814
3 2302 6813 6812
3 1633 6817 6816
3 2301 6815 6817
3 2660 6816 6815
3 1634 6820 6819
3 2974 6818 6820
3 2982 6819 6818
3 1635 6823 6822
3 2983 6821 6823
3 2310 6822 6821
3 1636 6826 6825
3 2309 6824 6826
3 2975 6825 6824
3 1637 6829 6828
3 2984 6827 6829
3 2654 6828 6827
3 1638 6832 6831
3 2657 6830 6832
3 2306 6831 6830
3 1639 6835 6834
3 2311 6833 6835
3 2985 6834 6833
3 1640 6838 6837
3 2663 6836 6838
3 2976 6837 6836
3 1641 6841 6840
3 2977 6839 6841
3 2308 6840 6839
3 1642 6844 6843
3 2307 6842 6844
3 2664 6843 6842
3 1643 6847 6846
3 2986 6845 6847
3 2987 6846 6845
3 1644 6850 6849
3 2988 6848 6850
3 2316 6849 6848
3 1645 6853 6852
3 2315 6851 6853
3 2989 6852 6851
3 1646 6856 6855
3 2990 6854 6856
3 2658 6855 6854
3 1647 6859 6858
3 2661 6857 6859
3 2312 6858 6857
3 1648 6862 6861
3 2317 6860 6862
3 2991 6861 6860
3 1649 6865 6864
3 2655 6863 6865
3 2992 6864 6863
3 1650 6868 6867
3 2993 6866 6868
3 2314 6867 6866
3 1651 6871 6870
3 2313 6869 6871
3 2656 6870 6869
3 1652 6874 6873
3 2994 6872 6874
3 2978 6873 6872
3 1653 6877 6876
3 2979 6875 6877
3 2322 6876 6875
3 1654 6880 6879
3 2321 6878 6880
3 2995 6879 6878
3 1655 6883 6882
3 2980 6881 6883
3 2674 6882 6881
3 1656 6886 6885
3 2677 6884 6886
3 2318 6885 6884
3 1657 6889 6888
3 2323 6887 6889
3 2981 6888 6887
3 1658 6892 6891
3 2671 6890 6892
3 2996 6891 6890
3 1659 6895 6894
3 2997 6893 6895
3 2320 6894 6893
3 1660 6898 6897
3 2319 6896 6898
3 2672 6897 6896
3 1661 6901 6900
3 2987 6899 6901
3 2946 6900 6899
3 1662 6904 6903
3 2949 6902 6904
3 2328 6903 6902
3 1663 6907 6906
3 2327 6905 6907
3 2988 6906 6905
3 1664 6910 6909
3 2952 6908 6910
3 2666 6909 6908
3 1665 6913 6912
3 2669 6911 6913
3 2324 6912 6911
3 1666 6916 6915
3 2329 6914 6916
3 2953 6915 6914
3 1667 6919 6918
3 2675 6917 6919
3 2990 6918 6917
3 1668 6922 6921
3 2991 6920 6922
3 2326 6921 6920
3 1669 6925 6924
3 2325 6923 6925
3 2676 6924 6923
3 1670 6928 6927
3 2942 6926 6928
3 2998 6927 6926
3 1671 6931 6930
3 2999 6929 6931
3 2334 6930 6929
3 1672 6934 6933
3 2333 6932 6934
3 2943 6933 6932
3 1673 6937 6936
3 3000 6935 6937
3 2670 6936 6935
3 1674 6940 6939
3 2673 6938 6940
3 2330 6939 6938
3 1675 6943 6942
3 2335 6941 6943
3 3001 6942 6941
3 1676 6946 6945
3 2667 6944 6946
3 2944 6945 6944
3 1677 6949 6948
3 2945 6947 6949
3 2332 6948 6947
3 1678 6952 6951
3 2331 6950 6952
3 2668 6951 6950
3 1679 6955 6954
3 2963 6953 6955
3 2994 6954 6953
3 1680 6958 6957
3 2995 6956 6958
3 2340 6957 6956
3 1681 6961 6960
3 2339 6959 6961
3 2964 6960 6959
3 1682 6964 6963
3 2996 6962 6964
3 2686 6963 6962
3 1683 6967 6966
3 2689 6965 6967
3 2336 6966 6965
3 1684 6970 6969
3 2341 6968 6970
3 2997 6969 6968
3 1685 6973 6972
3 2683 6971 6973
3 2966 6972 6971
3 1686 6976 6975
3 2967 6974 6976
3 2338 6975 6974
3 1687 6979 6978
3 2337 6977 6979
3 2684 6978 6977
3 1688 6982 6981
3 2998 6980 6982
3 3002 6981 6980
3 1689 6985 6984
3 3003 6983 6985
3 2346 6984 6983
3 1690 6988 6987
3 2345 6986 6988
3 2999 6987 6986
3 1691 6991 6990
3 3004 6989 6991
3 2678 6990 6989
3 1692 6994 6993
3 2681 6992 6994
3 2342 6993 6992
3 1693 6997 6996
3 2347 6995 6997
3 3005 6996 6995
3 1694 7000 6999
3 2687 6998 7000
3 3000 6999 6998
3 1695 7003 7002
3 3001 7001 7003
3 2344 7002 7001
3 1696 7006 7005
3 2343 7004 7006
3 2688 7005 7004
3 1697 7009 7008
3 3006 7007 7009
3 2970 7008 7007
3 1698 7012 7011
3 2971 7010 7012
3 2352 7011 7010
3 1699 7015 7014
3 2351 7013 7015
3 3007 7014 7013
3 1700 7018 7017
3 2972 7016 7018
3 2682 7017 7016
3 1701 7021 7020
3 2685 7019 7021
3 2348 7020 7019
3 1702 7024 7023
3 2353 7022 7024
3 2973 7023 7022
3 1703 7027 7026
3 2679 7025 7027
3 3008 7026 7025
3 1704 7030 7029
3 3009 7028 7030
3 2350 7029 7028
3 1705 7033 7032
3 2349 7031 7033
3 2680 7032 7031
3 1706 7036 7035
3 3010 7034 7036
3 3011 7035 7034
3 1707 7039 7038
3 3012 7037 7039
3 2358 7038 7037
3 1708 7042 7041
3 2357 7040 7042
3 3013 7041 7040
3 1709 7045 7044
3 3014 7043 7045
3 2698 7044 7043
3 1710 7048 7047
3 2701 7046 7048
3 2354 7047 7046
3 1711 7051 7050
3 2359 7049 7051
3 3015 7050 7049
3 1712 7054 7053
3 2695 7052 7054
3 3016 7053 7052
3 1713 7057 7056
3 3017 7055 7057
3 2356 7056 7055
3 1714 7060 7059
3 2355 7058 7060
3 2696 7059 7058
3 1715 7063 7062
3 3018 7061 7063
3 2930 7062 7061
3 1716 7066 7065
3 2933 7064 7066
3 2364 7065 7064
3 1717 7069 7068
3 2363 7067 7069
3 3019 7068 7067
3 1718 7072 7071
3 2936 7070 7072
3 2690 7071 7070
3 1719 7075 7074
3 2693 7073 7075
3 2360 7074 7073
3 1720 7078 7077
3 2365 7076 7078
3 2937 7077 7076
3 1721 7081 7080
3 2699 7079 7081
3 3020 7080 7079
3 1722 7084 7083
3 3021 7082 7084
3 2362 7083 7082
3 1723 7087 7086
3 2361 7085 7087
3 2700 7086 7085
3 1724 7090 7089
3 2926 7088 7090
3 3022 7089 7088
3 1725 7093 7092
3 3023 7091 7093
3 2370 7092 7091
3 1726 7096 7095
3 2369 7094 7096
3 2927 7095 7094
3 1727 7099 7098
3 3024 7097 7099
3 2694 7098 7097
3 1728 7102 7101
3 2697 7100 7102
3 2366 7101 7100
3 1729 7105 7104
3 2371 7103 7105
3 3025 7104 7103
3 1730 7108 7107
3 2691 7106 7108
3 2928 7107 7106
3 1731 7111 7110
3 2929 7109 7111
3 2368 7110 7109
3 1732 7114 7113
3 2367 7112 7114
3 2692 7113 7112
3 1733 7117 7116
3 3026 7115 7117
3 3010 7116 7115
3 1734 7120 7119
3 3013 7118 7120
3 2376 7119 7118
3 1735 7123 7122
3 2375 7121 7123
3 3027 7122 7121
3 1736 7126 7125
3 3016 7124 7126
3 2710 7125 7124
3 1737 7129 7128
3 2713 7127 7129
3 2372 7128 7127
3 1738 7132 7131
3 2377 7130 7132
3 3017 7131 7130
3 1739 7135 7134
3 2707 7133 7135
3 3028 7134 7133
3 1740 7138 7137
3 3029 7136 7138
3 2374 7137 7136
3 1741 7141 7140
3 2373 7139 7141
3 2708 7140 7139
3 1742 7144 7143
3 3022 7142 7144
3 2902 7143 7142
3 1743 7147 7146
3 2903 7145 7147
3 2382 7146 7145
3 1744 7150 7149
3 2381 7148 7150
3 3023 7149 7148
3 1745 7153 7152
3 2904 7151 7153
3 2702 7152 7151
3 1746 7156 7155
3 2705 7154 7156
3 2378 7155 7154
3 1747 7159 7158
3 2383 7157 7159
3 2905 7158 7157
3 1748 7162 7161
3 2711 7160 7162
3 3024 7161 7160
3 1749 7165 7164
3 3025 7163 7165
3 2380 7164 7163
3 1750 7168 7167
3 2379 7166 7168
3 2712 7167 7166
3 1751 7171 7170
3 2898 7169 7171
3 3030 7170 7169
3 1752 7174 7173
3 3031 7172 7174
3 2388 7173 7172
3 1753 7177 7176
3 2387 7175 7177
3 2899 7176 7175
3 1754 7180 7179
3 3032 7178 7180
3 2706 7179 7178
3 1755 7183 7182
3 2709 7181 7183
3 2384 7182 7181
3 1756 7186 7185
3 2389 7184 7186
3 3033 7185 7184
3 1757 7189 7188
3 2703 7187 7189
3 2900 7188 7187
3 1758 7192 7191
3 2901 7190 7192
3 2386 7191 7190
3 1759 7195 7194
3 2385 7193 7195
3 2704 7194 7193
3 1760 7198 7197
3 3034 7196 7198
3 3026 7197 7196
3 1761 7201 7200
3 3027 7199 7201
3 2394 7200 7199
3 1762 7204 7203
3 2393 7202 7204
3 3035 7203 7202
3 1763 7207 7206
3 3028 7205 7207
3 2722 7206 7205
3 1764 7210 7209
3 2725 7208 7210
3 2390 7209 7208
3 1765 7213 7212
3 2395 7211 7213
3 3029 7212 7211
3 1766 7216 7215
3 2719 7214 7216
3 3036 7215 7214
3 1767 7219 7218
3 3037 7217 7219
3 2392 7218 7217
3 1768 7222 7221
3 2391 7220 7222
3 2720 7221 7220
3 1769 7225 7224
3 3030 7223 7225
3 2818 7224 7223
3 1770 7228 7227
3 2821 7226 7228
3 2400 7227 7226
3 1771 7231 7230
3 2399 7229 7231
3 3031 7230 7229
3 1772 7234 7233
3 2824 7232 7234
3 2714 7233 7232
3 1773 7237 7236
3 2717 7235 7237
3 2396 7236 7235
3 1774 7240 7239
3 2401 7238 7240
3 2825 7239 7238
3 1775 7243 7242
3 2723 7241 7243
3 3032 7242 7241
3 1776 7246 7245
3 3033 7244 7246
3 2398 7245 7244
3 1777 7249 7248
3 2397 7247 7249
3 2724 7248 7247
3 1778 7252 7251
3 2814 7250 7252
3 3038 7251 7250
3 1779 7255 7254
3 3039 7253 7255
3 2406 7254 7253
3 1780 7258 7257
3 2405 7256 7258
3 2815 7257 7256
3 1781 7261 7260
3 3040 7259 7261
3 2718 7260 7259
3 1782 7264 7263
3 2721 7262 7264
3 2402 7263 7262
3 1783 7267 7266
3 2407 7265 7267
3 3041 7266 7265
3 1784 7270 7269
3 2715 7268 7270
3 2816 7269 7268
3 1785 7273 7272
3 2817 7271 7273
3 2404 7272 7271
3 1786 7276 7275
3 2403 7274 7276
3 2716 7275 7274
3 1787 7279 7278
3 3011 7277 7279
3 3034 7278 7277
3 1788 7282 7281
3 3035 7280 7282
3 2412 7281 7280
3 1789 7285 7284
3 2411 7283 7285
3 3012 7284 7283
3 1790 7288 7287
3 3036 7286 7288
3 2734 7287 7286
3 1791 7291 7290
3 2737 7289 7291
3 2408 7290 7289
3 1792 7294 7293
3 2413 7292 7294
3 3037 7293 7292
3 1793 7297 7296
3 2731 7295 7297
3 3014 7296 7295
3 1794 7300 7299
3 3015 7298 7300
3 2410 7299 7298
3 1795 7303 7302
3 2409 7301 7303
3 2732 7302 7301
3 1796 7306 7305
3 3038 7304 7306
3 3006 7305 7304
3 1797 7309 7308
3 3007 7307 7309
3 2418 7308 7307
3 1798 7312 7311
3 2417 7310 7312
3 3039 7311 7310
3 1799 7315 7314
3 3008 7313 7315
3 2726 7314 7313
3 1800 7318 7317
3 2729 7316 7318
3 2414 7317 7316
3 1801 7321 7320
3 2419 7319 7321
3 3009 7320 7319
3 1802 7324 7323
3 2735 7322 7324
3 3040 7323 7322
3 1803 7327 7326
3 3041 7325 7327
3 2416 7326 7325
3 1804 7330 7329
3 2415 7328 7330
3 2736 7329 7328
3 1805 7333 7332
3 3002 7331 7333
3 3018 7332 7331
3 1806 7336 7335
3 3019 7334 7336
3 2424 7335 7334
3 1807 7339 7338
3 2423 7337 7339
3 3003 7338 7337
3 1808 7342 7341
3 3020 7340 7342
3 2730 7341 7340
3 1809 7345 7344
3 2733 7343 7345
3 2420 7344 7343
3 1810 7348 7347
3 2425 7346 7348
3 3021 7347 7346
3 1811 7351 7350
3 2727 7349 7351
3 3004 7350 7349
3 1812 7354 7353
3 3005 7352 7354
3 2422 7353 7352
3 1813 7357 7356
3 2421 7355 7357
3 2728 7356 7355
3 1814 7360 7359
3 3042 7358 7360
3 3043 7359 7358
3 1815 7363 7362
3 3044 7361 7363
3 2430 7362 7361
3 1816 7366 7365
3 2429 7364 7366
3 3045 7365 7364
3 1817 7369 7368
3 3046 7367 7369
3 2746 7368 7367
3 1818 7372 7371
3 2749 7370 7372
3 2426 7371 7370
3 1819 7375 7374
3 2431 7373 7375
3 3047 7374 7373
3 1820 7378 7377
3 2743 7376 7378
3 3048 7377 7376
3 1821 7381 7380
3 3049 7379 7381
3 2428 7380 7379
3 1822 7384 7383
3 2427 7382 7384
3 2744 7383 7382
3 1823 7387 7386
3 3050 7385 7387
3 2846 7386 7385
3 1824 7390 7389
3 2847 7388 7390
3 2436 7389 7388
3 1825 7393 7392
3 2435 7391 7393
3 3051 7392 7391
3 1826 7396 7395
3 2848 7394 7396
3 2738 7395 7394
3 1827 7399 7398
3 2741 7397 7399
3 2432 7398 7397
3 1828 7402 7401
3 2437 7400 7402
3 2849 7401 7400
3 1829 7405 7404
3 2747 7403 7405
3 3052 7404 7403
3 1830 7408 7407
3 3053 7406 7408
3 2434 7407 7406
3 1831 7411 7410
3 2433 7409 7411
3 2748 7410 7409
3 1832 7414 7413
3 2842 7412 7414
3 3054 7413 7412
3 1833 7417 7416
3 3055 7415 7417
3 2442 7416 7415
3 1834 7420 7419
3 2441 7418 7420
3 2843 7419 7418
3 1835 7423 7422
3 3056 7421 7423
3 2742 7422 7421
3 1836 7426 7425
3 2745 7424 7426
3 2438 7425 7424
3 1837 7429 7428
3 2443 7427 7429
3 3057 7428 7427
3 1838 7432 7431
3 2739 7430 7432
3 2844 7431 7430
3 1839 7435 7434
3 2845 7433 7435
3 2440 7434 7433
3 1840 7438 7437
3 2439 7436 7438
3 2740 7437 7436
3 1841 7441 7440
3 3058 7439 7441
3 3042 7440 7439
3 1842 7444 7443
3 3045 7442 7444
3 2448 7443 7442
3 1843 7447 7446
3 2447 7445 7447
3 3059 7446 7445
3 1844 7450 7449
3 3048 7448 7450
3 2758 7449 7448
3 1845 7453 7452
3 2761 7451 7453
3 2444 7452 7451
3 1846 7456 7455
3 2449 7454 7456
3 3049 7455 7454
3 1847 7459 7458
3 2755 7457 7459
3 3060 7458 7457
3 1848 7462 7461
3 3061 7460 7462
3 2446 7461 7460
3 1849 7465 7464
3 2445 7463 7465
3 2756 7464 7463
3 1850 7468 7467
3 3054 7466 7468
3 2882 7467 7466
3 1851 7471 7470
3 2885 7469 7471
3 2454 7470 7469
3 1852 7474 7473
3 2453 7472 7474
3 3055 7473 7472
3 1853 7477 7476
3 2888 7475 7477
3 2750 7476 7475
3 1854 7480 7479
3 2753 7478 7480
3 2450 7479 7478
3 1855 7483 7482
3 2455 7481 7483
3 2889 7482 7481
3 1856 7486 7485
3 2759 7484 7486
3 3056 7485 7484
3 1857 7489 7488
3 3057 7487 7489
3 2452 7488 7487
3 1858 7492 7491
3 2451 7490 7492
3 2760 7491 7490
3 1859 7495 7494
3 2878 7493 7495
3 3062 7494 7493
3 1860 7498 7497
3 3063 7496 7498
3 2460 7497 7496
3 1861 7501 7500
3 2459 7499 7501
3 2879 7500 7499
3 1862 7504 7503
3 3064 7502 7504
3 2754 7503 7502
3 1863 7507 7506
3 2757 7505 7507
3 2456 7506 7505
3 1864 7510 7509
3 2461 7508 7510
3 3065 7509 7508
3 1865 7513 7512
3 2751 7511 7513
3 2880 7512 7511
3 1866 7516 7515
3 2881 7514 7516
3 2458 7515 7514
3 1867 7519 7518
3 2457 7517 7519
3 2752 7518 7517
3 1868 7522 7521
3 3066 7520 7522
3 3058 7521 7520
3 1869 7525 7524
3 3059 7523 7525
3 2466 7524 7523
3 1870 7528 7527
3 2465 7526 7528
3 3067 7527 7526
3 1871 7531 7530
3 3060 7529 7531
3 2770 7530 7529
3 1872 7534 7533
3 2773 7532 7534
3 2462 7533 7532
3 1873 7537 7536
3 2467 7535 7537
3 3061 7536 7535
3 1874 7540 7539
3 2767 7538 7540
3 3068 7539 7538
3 1875 7543 7542
3 3069 7541 7543
3 2464 7542 7541
3 1876 7546 7545
3 2463 7544 7546
3 2768 7545 7544
3 1877 7549 7548
3 3062 7547 7549
3 2958 7548 7547
3 1878 7552 7551
3 2959 7550 7552
3 2472 7551 7550
3 1879 7555 7554
3 2471 7553 7555
3 3063 7554 7553
3 1880 7558 7557
3 2960 7556 7558
3 2762 7557 7556
3 1881 7561 7560
3 2765 7559 7561
3 2468 7560 7559
3 1882 7564 7563
3 2473 7562 7564
3 2961 7563 7562
3 1883 7567 7566
3 2771 7565 7567
3 3064 7566 7565
3 1884 7570 7569
3 3065 7568 7570
3 2470 7569 7568
3 1885 7573 7572
3 2469 7571 7573
3 2772 7572 7571
3 1886 7576 7575
3 2954 7574 7576
3 3070 7575 7574
3 1887 7579 7578
3 3071 7577 7579
3 2478 7578 7577
3 1888 7582 7581
3 2477 7580 7582
3 2955 7581 7580
3 1889 7585 7584
3 3072 7583 7585
3 2766 7584 7583
3 1890 7588 7587
3 2769 7586 7588
3 2474 7587 7586
3 1891 7591 7590
3 2479 7589 7591
3 3073 7590 7589
3 1892 7594 7593
3 2763 7592 7594
3 2956 7593 7592
3 1893 7597 7596
3 2957 7595 7597
3 2476 7596 7595
3 1894 7600 7599
3 2475 7598 7600
3 2764 7599 7598
3 1895 7603 7602
3 3043 7601 7603
3 3066 7602 7601
3 1896 7606 7605
3 3067 7604 7606
3 2484 7605 7604
3 1897 7609 7608
3 2483 7607 7609
3 3044 7608 7607
3 1898 7612 7611
3 3068 7610 7612
3 2782 7611 7610
3 1899 7615 7614
3 2785 7613 7615
3 2480 7614 7613
3 1900 7618 7617
3 2485 7616 7618
3 3069 7617 7616
3 1901 7621 7620
3 2779 7619 7621
3 3046 7620 7619
3 1902 7624 7623
3 3047 7622 7624
3 2482 7623 7622
3 1903 7627 7626
3 2481 7625 7627
3 2780 7626 7625
3 1904 7630 7629
3 3070 7628 7630
3 2986 7629 7628
3 1905 7633 7632
3 2989 7631 7633
3 2490 7632 7631
3 1906 7636 7635
3 2489 7634 7636
3 3071 7635 7634
3 1907 7639 7638
3 2992 7637 7639
3 2774 7638 7637
3 1908 7642 7641
3 2777 7640 7642
3 2486 7641 7640
3 1909 7645 7644
3 2491 7643 7645
3 2993 7644 7643
3 1910 7648 7647
3 2783 7646 7648
3 3072 7647 7646
3 1911 7651 7650
3 3073 7649 7651
3 2488 7650 7649
3 1912 7654 7653
3 2487 7652 7654
3 2784 7653 7652
3 1913 7657 7656
3 2982 7655 7657
3 3050 7656 7655
3 1914 7660 7659
3 3051 7658 7660
3 2496 7659 7658
3 1915 7663 7662
3 2495 7661 7663
3 2983 7662 7661
3 1916 7666 7665
3 3052 7664 7666
3 2778 7665 7664
3 1917 7669 7668
3 2781 7667 7669
3 2492 7668 7667
3 1918 7672 7671
3 2497 7670 7672
3 3053 7671 7670
3 1919 7675 7674
3 2775 7673 7675
3 2984 7674 7673
3 1920 7678 7677
3 2985 7676 7678
3 2494 7677 7676
3 1921 7681 7680
3 2493 7679 7681
3 2776 7680 7679
3 194 7683 7682
3 772 3074 7683
3 771 7682 3074
3 195 7685 7684
3 770 3075 7685
3 772 7684 3075
3 196 7687 7686
3 771 3076 7687
3 770 7686 3076
3 197 7689 7688
3 775 3077 7689
3 774 7688 3077
3 198 7691 7690
3 773 3078 7691
3 775 7690 3078
3 199 7693 7692
3 774 3079 7693
3 773 7692 3079
3 200 7695 7694
3 778 3080 7695
3 777 7694 3080
3 201 7697 7696
3 776 3081 7697
3 778 7696 3081
3 202 7699 7698
3 777 3082 7699
3 776 7698 3082
3 203 7701 7700
3 781 3083 7701
3 780 7700 3083
3 204 7703 7702
3 779 3084 7703
3 781 7702 3084
3 205 7705 7704
3 780 3085 7705
3 779 7704 3085
3 206 7707 7706
3 784 3086 7707
3 783 7706 3086
3 207 7709 7708
3 782 3087 7709
3 784 7708 3087
3 208 7711 7710
3 783 3088 7711
3 782 7710 3088
3 209 7713 7712
3 787 3089 7713
3 786 7712 3089
3 210 7715 7714
3 785 3090 7715
3 787 7714 3090
3 211 7717 7716
3 786 3091 7717
3 785 7716 3091
3 212 7719 7718
3 790 3092 7719
3 789 7718 3092
3 213 7721 7720
3 788 3093 7721
3 790 7720 3093
3 214 7723 7722
3 789 3094 7723
3 788 7722 3094
3 215 7725 7724
3 793 3095 7725
3 792 7724 3095
3 216 7727 7726
3 791 3096 7727
3 793 7726 3096
3 217 7729 7728
3 792 3097 7729
3 791 7728 3097
3 218 7731 7730
3 796 3098 7731
3 795 7730 3098
3 219 7733 7732
3 794 3099 7733
3 796 7732 3099
3 220 7735 7734
3 795 3100 7735
3 794 7734 3100
3 221 7737 7736
3 799 3101 7737
3 798 7736 3101
3 222 7739 7738
3 797 3102 7739
3 799 7738 3102
3 223 7741 7740
3 798 3103 7741
3 797 7740 3103
3 224 7743 7742
3 802 3104 7743
3 801 7742 3104
3 225 7745 7744
3 800 3105 7745
3 802 7744 3105
3 226 7747 7746
3 801 3106 7747
3 800 7746 3106
3 227 7749 7748
3 805 3107 7749
3 804 7748 3107
3 228 7751 7750
3 803 3108 7751
3 805 7750 3108
3 229 7753 7752
3 804 3109 7753
3 803 7752 3109
3 230 7755 7754
3 808 3110 7755
3 807 7754 3110
3 231 7757 7756
3 806 3111 7757
3 808 7756 3111
3 232 7759 7758
3 807 3112 7759
3 806 7758 3112
3 233 7761 7760
3 811 3113 7761
3 810 7760 3113
3 234 7763 7762
3 809 3114 7763
3 811 7762 3114
3 235 7765 7764
3 810 3115 7765
3 809 7764 3115
3 236 7767 7766
3 814 3116 7767
3 813 7766 3116
3 237 7769 7768
3 812 3117 7769
3 814 7768 3117
3 238 7771 7770
3 813 3118 7771
3 812 7770 3118
3 239 7773 7772
3 817 3119 7773
3 816 7772 3119
3 240 7775 7774
3 815 3120 7775
3 817 7774 3120
3 241 7777 7776
3 816 3121 7777
3 815 7776 3121
3 242 7779 7778
3 820 3122 7779
3 819 7778 3122
3 243 7781 7780
3 818 3123 7781
3 820 7780 3123
3 244 7783 7782
3 819 3124 7783
3 818 7782 3124
3 245 7785 7784
3 823 3125 7785
3 822 7784 3125
3 246 7787 7786
3 821 3126 7787
3 823 7786 3126
3 247 7789 7788
3 822 3127 7789
3 821 7788 3127
3 248 7791 7790
3 826 3128 7791
3 825 7790 3128
3 249 7793 7792
3 824 3129 7793
3 826 7792 3129
3 250 7795 7794
3 825 3130 7795
3 824 7794 3130
3 251 7797 7796
3 829 3131 7797
3 828 7796 3131
3 252 7799 7798
3 827 3132 7799
3 829 7798 3132
3 253 7801 7800
3 828 3133 7801
3 827 7800 3133
3 254 7803 7802
3 832 3134 7803
3 831 7802 3134
3 255 7805 7804
3 830 3135 7805
3 832 7804 3135
3 256 7807 7806
3 831 3136 7807
3 830 7806 3136
3 257 7809 7808
3 835 3137 7809
3 834 7808 3137
3 258 7811 7810
3 833 3138 7811
3 835 7810 3138
3 259 7813 7812
3 834 3139 7813
3 833 7812 3139
3 260 7815 7814
3 838 3140 7815
3 837 7814 3140
3 261 7817 7816
3 836 3141 7817
3 838 7816 3141
3 262 7819 7818
3 837 3142 7819
3 836 7818 3142
3 263 7821 7820
3 841 3143 7821
3 840 7820 3143
3 264 7823 7822
3 839 3144 7823
3 841 7822 3144
3 265 7825 7824
3 840 3145 7825
3 839 7824 3145
3 266 7827 7826
3 844 3146 7827
3 843 7826 3146
3 267 7829 7828
3 842 3147 7829
3 844 7828 3147
3 268 7831 7830
3 843 3148 7831
3 842 7830 3148
3 269 7833 7832
3 847 3149 7833
3 846 7832 3149
3 270 7835 7834
3 845 3150 7835
3 847 7834 3150
3 271 7837 7836
3 846 3151 7837
3 845 7836 3151
3 272 7839 7838
3 850 3152 7839
3 849 7838 3152
3 273 7841 7840
3 848 3153 7841
3 850 7840 3153
3 274 7843 7842
3 849 3154 7843
3 848 7842 3154
3 275 7845 7844
3 853 3155 7845
3 852 7844 3155
3 276 7847 7846
3 851 3156 7847
3 853 7846 3156
3 277 7849 7848
3 852 3157 7849
3 851 7848 3157
3 278 7851 7850
3 856 3158 7851
3 855 7850 3158
3 279 7853 7852
3 854 3159 7853
3 856 7852 3159
3 280 7855 7854
3 855 3160 7855
3 854 7854 3160
3 281 7857 7856
3 859 3161 7857
3 858 7856 3161
3 282 7859 7858
3 857 3162 7859
3 859 7858 3162
3 283 7861 7860
3 858 3163 7861
3 857 7860 3163
3 284 7863 7862
3 862 3164 7863
3 861 7862 3164
3 285 7865 7864
3 860 3165 7865
3 862 7864 3165
3 286 7867 7866
3 861 3166 7867
3 860 7866 3166
3 287 7869 7868
3 865 3167 7869
3 864 7868 3167
3 288 7871 7870
3 863 3168 7871
3 865 7870 3168
3 289 7873 7872
3 864 3169 7873
3 863 7872 3169
3 290 7875 7874
3 868 3170 7875
3 867 7874 3170
3 291 7877 7876
3 866 3171 7877
3 868 7876 3171
3 292 7879 7878
3 867 3172 7879
3 866 7878 3172
3 293 7881 7880
3 871 3173 7881
3 870 7880 3173
3 294 7883 7882
3 869 3174 7883
3 871 7882 3174
3 295 7885 7884
3 870 3175 7885
3 869 7884 3175
3 296 7887 7886
3 874 3176 7887
3 873 7886 3176
3 297 7889 7888
3 872 3177 7889
3 874 7888 3177
3 298 7891 7890
3 873 3178 7891
3 872 7890 3178
3 299 7893 7892
3 877 3179 7893
3 876 7892 3179
3 300 7895 7894
3 875 3180 7895
3 877 7894 3180
3 301 7897 7896
3 876 3181 7897
3 875 7896 3181
3 302 7899 7898
3 880 3182 7899
3 879 7898 3182
3 303 7901 7900
3 878 3183 7901
3 880 7900 3183
3 304 7903 7902
3 879 3184 7903
3 878 7902 3184
3 305 7905 7904
3 883 3185 7905
3 882 7904 3185
3 306 7907 7906
3 881 3186 7907
3 883 7906 3186
3 307 7909 7908
3 882 3187 7909
3 881 7908 3187
3 308 7911 7910
3 886 3188 7911
3 885 7910 3188
3 309 7913 7912
3 884 3189 7913
3 886 7912 3189
3 310 7915 7914
3 885 3190 7915
3 884 7914 3190
3 311 7917 7916
3 889 3191 7917
3 888 7916 3191
3 312 7919 7918
3 887 3192 7919
3 889 7918 3192
3 313 7921 7920
3 888 3193 7921
3 887 7920 3193
3 314 7923 7922
3 892 3194 7923
3 891 7922 3194
3 315 7925 7924
3 890 3195 7925
3 892 7924 3195
3 316 7927 7926
3 891 3196 7927
3 890 7926 3196
3 317 7929 7928
3 895 3197 7929
3 894 7928 3197
3 318 7931 7930
3 893 3198 7931
3 895 7930 3198
3 319 7933 7932
3 894 3199 7933
3 893 7932 3199
3 320 7935 7934
3 898 3200 7935
3 897 7934 3200
3 321 7937 7936
3 896 3201 7937
3 898 7936 3201
3 322 7939 7938
3 897 3202 7939
3 896 7938 3202
3 323 7941 7940
3 901 3203 7941
3 900 7940 3203
3 324 7943 7942
3 899 3204 7943
3 901 7942 3204
3 325 7945 7944
3 900 3205 7945
3 899 7944 3205
3 326 7947 7946
3 904 3206 7947
3 903 7946 3206
3 327 7949 7948
3 902 3207 7949
3 904 7948 3207
3 328 7951 7950
3 903 3208 7951
3 902 7950 3208
3 329 7953 7952
3 907 3209 7953
3 906 7952 3209
3 330 7955 7954
3 905 3210 7955
3 907 7954 3210
3 331 7957 7956
3 906 3211 7957
3 905 7956 3211
3 332 7959 7958
3 910 3212 7959
3 909 7958 3212
3 333 7961 7960
3 908 3213 7961
3 910 7960 3213
3 334 7963 7962
3 909 3214 7963
3 908 7962 3214
3 335 7965 7964
3 913 3215 7965
3 912 7964 3215
3 336 7967 7966
3 911 3216 7967
3 913 7966 3216
3 337 7969 7968
3 912 3217 7969
3 911 7968 3217
3 338 7971 7970
3 916 3218 7971
3 915 7970 3218
3 339 7973 7972
3 914 3219 7973
3 916 7972 3219
3 340 7975 7974
3 915 3220 7975
3 914 7974 3220
3 341 7977 7976
3 919 3221 7977
3 918 7976 3221
3 342 7979 7978
3 917 3222 7979
3 919 7978 3222
3 343 7981 7980
3 918 3223 7981
3 917 7980 3223
3 344 7983 7982
3 922 3224 7983
3 921 7982 3224
3 345 7985 7984
3 920 3225 7985
3 922 7984 3225
3 346 7987 7986
3 921 3226 7987
3 920 7986 3226
3 347 7989 7988
3 925 3227 7989
3 924 7988 3227
3 348 7991 7990
3 923 3228 7991
3 925 7990 3228
3 349 7993 7992
3 924 3229 7993
3 923 7992 3229
3 350 7995 7994
3 928 3230 7995
3 927 7994 3230
3 351 7997 7996
3 926 3231 7997
3 928 7996 3231
3 352 7999 7998
3 927 3232 7999
3 926 7998 3232
3 353 8001 8000
3 931 3233 8001
3 930 8000 3233
3 354 8003 8002
3 929 3234 8003
3 931 8002 3234
3 355 8005 8004
3 930 3235 8005
3 929 8004 3235
3 356 8007 8006
3 934 3236 8007
3 933 8006 3236
3 357 8009 8008
3 932 3237 8009
3 934 8008 3237
3 358 8011 8010
3 933 3238 8011
3 932 8010 3238
3 359 8013 8012
3 937 3239 8013
3 936 8012 3239
3 360 8015 8014
3 935 3240 8015
3 937 8014 3240
3 361 8017 8016
3 936 3241 8017
3 935 8016 3241
3 362 8019 8018
3 940 3242 8019
3 939 8018 3242
3 363 8021 8020
3 938 3243 8021
3 940 8020 3243
3 364 8023 8022
3 939 3244 8023
3 938 8022 3244
3 365 8025 8024
3 943 3245 8025
3 942 8024 3245
3 366 8027 8026
3 941 3246 8027
3 943 8026 3246
3 367 8029 8028
3 942 3247 8029
3 941 8028 3247
3 368 8031 8030
3 946 3248 8031
3 945 8030 3248
3 369 8033 8032
3 944 3249 8033
3 946 8032 3249
3 370 8035 8034
3 945 3250 8035
3 944 8034 3250
3 371 8037 8036
3 949 3251 8037
3 948 8036 3251
3 372 8039 8038
3 947 3252 8039
3 949 8038 3252
3 373 8041 8040
3 948 3253 8041
3 947 8040 3253
3 374 8043 8042
3 952 3254 8043
3 951 8042 3254
3 375 8045 8044
3 950 3255 8045
3 952 8044 3255
3 376 8047 8046
3 951 3256 8047
3 950 8046 3256
3 377 8049 8048
3 955 3257 8049
3 954 8048 3257
3 378 8051 8050
3 953 3258 8051
3 955 8050 3258
3 379 8053 8052
3 954 3259 8053
3 953 8052 3259
3 380 8055 8054
3 958 3260 8055
3 957 8054 3260
3 381 8057 8056
3 956 3261 8057
3 958 8056 3261
3 382 8059 8058
3 957 3262 8059
3 956 8058 3262
3 383 8061 8060
3 961 3263 8061
3 960 8060 3263
3 384 8063 8062
3 959 3264 8063
3 961 8062 3264
3 385 8065 8064
3 960 3265 8065
3 959 8064 3265
3 386 8067 8066
3 964 3266 8067
3 963 8066 3266
3 387 8069 8068
3 962 3267 8069
3 964 8068 3267
3 388 8071 8070
3 963 3268 8071
3 962 8070 3268
3 389 8073 8072
3 967 3269 8073
3 966 8072 3269
3 390 8075 8074
3 965 3270 8075
3 967 8074 3270
3 391 8077 8076
3 966 3271 8077
3 965 8076 3271
3 392 8079 8078
3 970 3272 8079
3 969 8078 3272
3 393 8081 8080
3 968 3273 8081
3 970 8080 3273
3 394 8083 8082
3 969 3274 8083
3 968 8082 3274
3 395 8085 8084
3 973 3275 8085
3 972 8084 3275
3 396 8087 8086
3 971 3276 8087
3 973 8086 3276
3 397 8089 8088
3 972 3277 8089
3 971 8088 3277
3 398 8091 8090
3 976 3278 8091
3 975 8090 3278
3 399 8093 8092
3 974 3279 8093
3 976 8092 3279
3 400 8095 8094
3 975 3280 8095
3 974 8094 3280
3 401 8097 8096
3 979 3281 8097
3 978 8096 3281
3 402 8099 8098
3 977 3282 8099
3 979 8098 3282
3 403 8101 8100
3 978 3283 8101
3 977 8100 3283
3 404 8103 8102
3 982 3284 8103
3 981 8102 3284
3 405 8105 8104
3 980 3285 8105
3 982 8104 3285
3 406 8107 8106
3 981 3286 8107
3 980 8106 3286
3 407 8109 8108
3 985 3287 8109
3 984 8108 3287
3 408 8111 8110
3 983 3288 8111
3 985 8110 3288
3 409 8113 8112
3 984 3289 8113
3 983 8112 3289
3 410 8115 8114
3 988 3290 8115
3 987 8114 3290
3 411 8117 8116
3 986 3291 8117
3 988 8116 3291
3 412 8119 8118
3 987 3292 8119
3 986 8118 3292
3 413 8121 8120
3 991 3293 8121
3 990 8120 3293
3 414 8123 8122
3 989 3294 8123
3 991 8122 3294
3 415 8125 8124
3 990 3295 8125
3 989 8124 3295
3 416 8127 8126
3 994 3296 8127
3 993 8126 3296
3 417 8129 8128
3 992 3297 8129
3 994 8128 3297
3 418 8131 8130
3 993 3298 8131
3 992 8130 3298
3 419 8133 8132
3 997 3299 8133
3 996 8132 3299
3 420 8135 8134
3 995 3300 8135
3 997 8134 3300
3 421 8137 8136
3 996 3301 8137
3 995 8136 3301
3 422 8139 8138
3 1000 3302 8139
3 999 8138 3302
3 423 8141 8140
3 998 3303 8141
3 1000 8140 3303
3 424 8143 8142
3 999 3304 8143
3 998 8142 3304
3 425 8145 8144
3 1003 3305 8145
3 1002 8144 3305
3 426 8147 8146
3 1001 3306 8147
3 1003 8146 3306
3 427 8149 8148
3 1002 3307 8149
3 1001 8148 3307
3 428 8151 8150
3 1006 3308 8151
3 1005 8150 3308
3 429 8153 8152
3 1004 3309 8153
3 1006 8152 3309
3 430 8155 8154
3 1005 3310 8155
3 1004 8154 3310
3 431 8157 8156
3 1009 3311 8157
3 1008 8156 3311
3 432 8159 8158
3 1007 3312 8159
3 1009 8158 3312
3 433 8161 8160
3 1008 3313 8161
3 1007 8160 3313
3 434 8163 8162
3 1012 3314 8163
3 1011 8162 3314
3 435 8165 8164
3 1010 3315 8165
3 1012 8164 3315
3 436 8167 8166
3 1011 3316 8167
3 1010 8166 3316
3 437 8169 8168
3 1015 3317 8169
3 1014 8168 3317
3 438 8171 8170
3 1013 3318 8171
3 1015 8170 3318
3 439 8173 8172
3 1014 3319 8173
3 1013 8172 3319
3 440 8175 8174
3 1018 3320 8175
3 1017 8174 3320
3 441 8177 8176
3 1016 3321 8177
3 1018 8176 3321
3 442 8179 8178
3 1017 3322 8179
3 1016 8178 3322
3 443 8181 8180
3 1021 3323 8181
3 1020 8180 3323
3 444 8183 8182
3 1019 3324 8183
3 1021 8182 3324
3 445 8185 8184
3 1020 3325 8185
3 1019 8184 3325
3 446 8187 8186
3 1024 3326 8187
3 1023 8186 3326
3 447 8189 8188
3 1022 3327 8189
3 1024 8188 3327
3 448 8191 8190
3 1023 3328 8191
3 1022 8190 3328
3 449 8193 8192
3 1027 3329 8193
3 1026 8192 3329
3 450 8195 8194
3 1025 3330 8195
3 1027 8194 3330
3 451 8197 8196
3 1026 3331 8197
3 1025 8196 3331
3 452 8199 8198
3 1030 3332 8199
3 1029 8198 3332
3 453 8201 8200
3 1028 3333 8201
3 1030 8200 3333
3 454 8203 8202
3 1029 3334 8203
3 1028 8202 3334
3 455 8205 8204
3 1033 3335 8205
3 1032 8204 3335
3 456 8207 8206
3 1031 3336 8207
3 1033 8206 3336
3 457 8209 8208
3 1032 3337 8209
3 1031 8208 3337
3 458 8211 8210
3 1036 3338 8211
3 1035 8210 3338
3 459 8213 8212
3 1034 3339 8213
3 1036 8212 3339
3 460 8215 8214
3 1035 3340 8215
3 1034 8214 3340
3 461 8217 8216
3 1039 3341 8217
3 1038 8216 3341
3 462 8219 8218
3 1037 3342 8219
3 1039 8218 3342
3 463 8221 8220
3 1038 3343 8221
3 1037 8220 3343
3 464 8223 8222
3 1042 3344 8223
3 1041 8222 3344
3 465 8225 8224
3 1040 3345 8225
3 1042 8224 3345
3 466 8227 8226
3 1041 3346 8227
3 1040 8226 3346
3 467 8229 8228
3 1045 3347 8229
3 1044 8228 3347
3 468 8231 8230
3 1043 3348 8231
3 1045 8230 3348
3 469 8233 8232
3 1044 3349 8233
3 1043 8232 3349
3 470 8235 8234
3 1048 3350 8235
3 1047 8234 3350
3 471 8237 8236
3 1046 3351 8237
3 1048 8236 3351
3 472 8239 8238
3 1047 3352 8239
3 1046 8238 3352
3 473 8241 8240
3 1051 3353 8241
3 1050 8240 3353
3 474 8243 8242
3 1049 3354 8243
3 1051 8242 3354
3 475 8245 8244
3 1050 3355 8245
3 1049 8244 3355
3 476 8247 8246
3 1054 3356 8247
3 1053 8246 3356
3 477 8249 8248
3 1052 3357 8249
3 1054 8248 3357
3 478 8251 8250
3 1053 3358 8251
3 1052 8250 3358
3 479 8253 8252
3 1057 3359 8253
3 1056 8252 3359
3 480 8255 8254
3 1055 3360 8255
3 1057 8254 3360
3 481 8257 8256
3 1056 3361 8257
3 1055 8256 3361
3 194 8259 8258
3 1060 3362 8259
3 1059 8258 3362
3 482 8261 8260
3 1058 3363 8261
3 1060 8260 3363
3 483 8263 8262
3 1059 3364 8263
3 1058 8262 3364
3 195 8265 8264
3 1063 3365 8265
3 1062 8264 3365
3 484 8267 8266
3 1061 3366 8267
3 1063 8266 3366
3 485 8269 8268
3 1062 3367 8269
3 1061 8268 3367
3 196 8271 8270
3 1066 3368 8271
3 1065 8270 3368
3 486 8273 8272
3 1064 3369 8273
3 1066 8272 3369
3 487 8275 8274
3 1065 3370 8275
3 1064 8274 3370
3 197 8277 8276
3 1069 3371 8277
3 1068 8276 3371
3 488 8279 8278
3 1067 3372 8279
3 1069 8278 3372
3 489 8281 8280
3 1068 3373 8281
3 1067 8280 3373
3 198 8283 8282
3 1072 3374 8283
3 1071 8282 3374
3 490 8285 8284
3 1070 3375 8285
3 1072 8284 3375
3 491 8287 8286
3 1071 3376 8287
3 1070 8286 3376
3 199 8289 8288
3 1075 3377 8289
3 1074 8288 3377
3 492 8291 8290
3 1073 3378 8291
3 1075 8290 3378
3 493 8293 8292
3 1074 3379 8293
3 1073 8292 3379
3 200 8295 8294
3 1078 3380 8295
3 1077 8294 3380
3 494 8297 8296
3 1076 3381 8297
3 1078 8296 3381
3 495 8299 8298
3 1077 3382 8299
3 1076 8298 3382
3 201 8301 8300
3 1081 3383 8301
3 1080 8300 3383
3 496 8303 8302
3 1079 3384 8303
3 1081 8302 3384
3 497 8305 8304
3 1080 3385 8305
3 1079 8304 3385
3 202 8307 8306
3 1084 3386 8307
3 1083 8306 3386
3 498 8309 8308
3 1082 3387 8309
3 1084 8308 3387
3 499 8311 8310
3 1083 3388 8311
3 1082 8310 3388
3 203 8313 8312
3 1087 3389 8313
3 1086 8312 3389
3 500 8315 8314
3 1085 3390 8315
3 1087 8314 3390
3 501 8317 8316
3 1086 3391 8317
3 1085 8316 3391
3 204 8319 8318
3 1090 3392 8319
3 1089 8318 3392
3 502 8321 8320
3 1088 3393 8321
3 1090 8320 3393
3 503 8323 8322
3 1089 3394 8323
3 1088 8322 3394
3 205 8325 8324
3 1093 3395 8325
3 1092 8324 3395
3 504 8327 8326
3 1091 3396 8327
3 1093 8326 3396
3 505 8329 8328
3 1092 3397 8329
3 1091 8328 3397
3 206 8331 8330
3 1096 3398 8331
3 1095 8330 3398
3 506 8333 8332
3 1094 3399 8333
3 1096 8332 3399
3 507 8335 8334
3 1095 3400 8335
3 1094 8334 3400
3 207 8337 8336
3 1099 3401 8337
3 1098 8336 3401
3 508 8339 8338
3 1097 3402 8339
3 1099 8338 3402
3 509 8341 8340
3 1098 3403 8341
3 1097 8340 3403
3 208 8343 8342
3 1102 3404 8343
3 1101 8342 3404
3 510 8345 8344
3 1100 3405 8345
3 1102 8344 3405
3 511 8347 8346
3 1101 3406 8347
3 1100 8346 3406
3 209 8349 8348
3 1105 3407 8349
3 1104 8348 3407
3 512 8351 8350
3 1103 3408 8351
3 1105 8350 3408
3 513 8353 8352
3 1104 3409 8353
3 1103 8352 3409
3 210 8355 8354
3 1108 3410 8355
3 1107 8354 3410
3 514 8357 8356
3 1106 3411 8357
3 1108 8356 3411
3 515 8359 8358
3 1107 3412 8359
3 1106 8358 3412
3 211 8361 8360
3 1111 3413 8361
3 1110 8360 3413
3 516 8363 8362
3 1109 3414 8363
3 1111 8362 3414
3 517 8365 8364
3 1110 3415 8365
3 1109 8364 3415
3 212 8367 8366
3 1114 3416 8367
3 1113 8366 3416
3 518 8369 8368
3 1112 3417 8369
3 1114 8368 3417
3 519 8371 8370
3 1113 3418 8371
3 1112 8370 3418
3 213 8373 8372
3 1117 3419 8373
3 1116 8372 3419
3 520 8375 8374
3 1115 3420 8375
3 1117 8374 3420
3 521 8377 8376
3 1116 3421 8377
3 1115 8376 3421
3 214 8379 8378
3 1120 3422 8379
3 1119 8378 3422
3 522 8381 8380
3 1118 3423 8381
3 1120 8380 3423
3 523 8383 8382
3 1119 3424 8383
3 1118 8382 3424
3 215 8385 8384
3 1123 3425 8385
3 1122 8384 3425
3 524 8387 8386
3 1121 3426 8387
3 1123 8386 3426
3 525 8389 8388
3 1122 3427 8389
3 1121 8388 3427
3 216 8391 8390
3 1126 3428 8391
3 1125 8390 3428
3 526 8393 8392
3 1124 3429 8393
3 1126 8392 3429
3 527 8395 8394
3 1125 3430 8395
3 1124 8394 3430
3 217 8397 8396
3 1129 3431 8397
3 1128 8396 3431
3 528 8399 8398
3 1127 3432 8399
3 1129 8398 3432
3 529 8401 8400
3 1128 3433 8401
3 1127 8400 3433
3 218 8403 8402
3 1132 3434 8403
3 1131 8402 3434
3 530 8405 8404
3 1130 3435 8405
3 1132 8404 3435
3 531 8407 8406
3 1131 3436 8407
3 1130 8406 3436
3 219 8409 8408
3 1135 3437 8409
3 1134 8408 3437
3 532 8411 8410
3 1133 3438 8411
3 1135 8410 3438
3 533 8413 8412
3 1134 3439 8413
3 1133 8412 3439
3 220 8415 8414
3 1138 3440 8415
3 1137 8414 3440
3 534 8417 8416
3 1136 3441 8417
3 1138 8416 3441
3 535 8419 8418
3 1137 3442 8419
3 1136 8418 3442
3 221 8421 8420
3 1141 3443 8421
3 1140 8420 3443
3 536 8423 8422
3 1139 3444 8423
3 1141 8422 3444
3 537 8425 8424
3 1140 3445 8425
3 1139 8424 3445
3 222 8427 8426
3 1144 3446 8427
3 1143 8426 3446
3 538 8429 8428
3 1142 3447 8429
3 1144 8428 3447
3 539 8431 8430
3 1143 3448 8431
3 1142 8430 3448
3 223 8433 8432
3 1147 3449 8433
3 1146 8432 3449
3 540 8435 8434
3 1145 3450 8435
3 1147 8434 3450
3 541 8437 8436
3 1146 3451 8437
3 1145 8436 3451
3 224 8439 8438
3 1150 3452 8439
3 1149 8438 3452
3 542 8441 8440
3 1148 3453 8441
3 1150 8440 3453
3 543 8443 8442
3 1149 3454 8443
3 1148 8442 3454
3 225 8445 8444
3 1153 3455 8445
3 1152 8444 3455
3 544 8447 8446
3 1151 3456 8447
3 1153 8446 3456
3 545 8449 8448
3 1152 3457 8449
3 1151 8448 3457
3 226 8451 8450
3 1156 3458 8451
3 1155 8450 3458
3 546 8453 8452
3 1154 3459 8453
3 1156 8452 3459
3 547 8455 8454
3 1155 3460 8455
3 1154 8454 3460
3 227 8457 8456
3 1159 3461 8457
3 1158 8456 3461
3 548 8459 8458
3 1157 3462 8459
3 1159 8458 3462
3 549 8461 8460
3 1158 3463 8461
3 1157 8460 3463
3 228 8463 8462
3 1162 3464 8463
3 1161 8462 3464
3 550 8465 8464
3 1160 3465 8465
3 1162 8464 3465
3 551 8467 8466
3 1161 3466 8467
3 1160 8466 3466
3 229 8469 8468
3 1165 3467 8469
3 1164 8468 3467
3 552 8471 8470
3 1163 3468 8471
3 1165 8470 3468
3 553 8473 8472
3 1164 3469 8473
3 1163 8472 3469
3 230 8475 8474
3 1168 3470 8475
3 1167 8474 3470
3 554 8477 8476
3 1166 3471 8477
3 1168 8476 3471
3 555 8479 8478
3 1167 3472 8479
3 1166 8478 3472
3 231 8481 8480
3 1171 3473 8481
3 1170 8480 3473
3 556 8483 8482
3 1169 3474 8483
3 1171 8482 3474
3 557 8485 8484
3 1170 3475 8485
3 1169 8484 3475
3 232 8487 8486
3 1174 3476 8487
3 1173 8486 3476
3 558 8489 8488
3 1172 3477 8489
3 1174 8488 3477
3 559 8491 8490
3 1173 3478 8491
3 1172 8490 3478
3 233 8493 8492
3 1177 3479 8493
3 1176 8492 3479
3 560 8495 8494
3 1175 3480 8495
3 1177 8494 3480
3 561 8497 8496
3 1176 3481 8497
3 1175 8496 3481
3 234 8499 8498
3 1180 3482 8499
3 1179 8498 3482
3 562 8501 8500
3 1178 3483 8501
3 1180 8500 3483
3 563 8503 8502
3 1179 3484 8503
3 1178 8502 3484
3 235 8505 8504
3 1183 3485 8505
3 1182 8504 3485
3 564 8507 8506
3 1181 3486 8507
3 1183 8506 3486
3 565 8509 8508
3 1182 3487 8509
3 1181 8508 3487
3 236 8511 8510
3 1186 3488 8511
3 1185 8510 3488
3 566 8513 8512
3 1184 3489 8513
3 1186 8512 3489
3 567 8515 8514
3 1185 3490 8515
3 1184 8514 3490
3 237 8517 8516
3 1189 3491 8517
3 1188 8516 3491
3 568 8519 8518
3 1187 3492 8519
3 1189 8518 3492
3 569 8521 8520
3 1188 3493 8521
3 1187 8520 3493
3 238 8523 8522
3 1192 3494 8523
3 1191 8522 3494
3 570 8525 8524
3 1190 3495 8525
3 1192 8524 3495
3 571 8527 8526
3 1191 3496 8527
3 1190 8526 3496
3 239 8529 8528
3 1195 3497 8529
3 1194 8528 3497
3 572 8531 8530
3 1193 3498 8531
3 1195 8530 3498
3 573 8533 8532
3 1194 3499 8533
3 1193 8532 3499
3 240 8535 8534
3 1198 3500 8535
3 1197 8534 3500
3 574 8537 8536
3 1196 3501 8537
3 1198 8536 3501
3 575 8539 8538
3 1197 3502 8539
3 1196 8538 3502
3 241 8541 8540
3 1201 3503 8541
3 1200 8540 3503
3 576 8543 8542
3 1199 3504 8543
3 1201 8542 3504
3 577 8545 8544
3 1200 3505 8545
3 1199 8544 3505
3 242 8547 8546
3 1204 3506 8547
3 1203 8546 3506
3 578 8549 8548
3 1202 3507 8549
3 1204 8548 3507
3 579 8551 8550
3 1203 3508 8551
3 1202 8550 3508
3 243 8553 8552
3 1207 3509 8553
3 1206 8552 3509
3 580 8555 8554
3 1205 3510 8555
3 1207 8554 3510
3 581 8557 8556
3 1206 3511 8557
3 1205 8556 3511
3 244 8559 8558
3 1210 3512 8559
3 1209 8558 3512
3 582 8561 8560
3 1208 3513 8561
3 1210 8560 3513
3 583 8563 8562
3 1209 3514 8563
3 1208 8562 3514
3 245 8565 8564
3 1213 3515 8565
3 1212 8564 3515
3 584 8567 8566
3 1211 3516 8567
3 1213 8566 3516
3 585 8569 8568
3 1212 3517 8569
3 1211 8568 3517
3 246 8571 8570
3 1216 3518 8571
3 1215 8570 3518
3 586 8573 8572
3 1214 3519 8573
3 1216 8572 3519
3 587 8575 8574
3 1215 3520 8575
3 1214 8574 3520
3 247 8577 8576
3 1219 3521 8577
3 1218 8576 3521
3 588 8579 8578
3 1217 3522 8579
3 1219 8578 3522
3 589 8581 8580
3 1218 3523 8581
3 1217 8580 3523
3 248 8583 8582
3 1222 3524 8583
3 1221 8582 3524
3 590 8585 8584
3 1220 3525 8585
3 1222 8584 3525
3 591 8587 8586
3 1221 3526 8587
3 1220 8586 3526
3 249 8589 8588
3 1225 3527 8589
3 1224 8588 3527
3 592 8591 8590
3 1223 3528 8591
3 1225 8590 3528
3 593 8593 8592
3 1224 3529 8593
3 1223 8592 3529
3 250 8595 8594
3 1228 3530 8595
3 1227 8594 3530
3 594 8597 8596
3 1226 3531 8597
3 1228 8596 3531
3 595 8599 8598
3 1227 3532 8599
3 1226 8598 3532
3 251 8601 8600
3 1231 3533 8601
3 1230 8600 3533
3 596 8603 8602
3 1229 3534 8603
3 1231 8602 3534
3 597 8605 8604
3 1230 3535 8605
3 1229 8604 3535
3 252 8607 8606
3 1234 3536 8607
3 1233 8606 3536
3 598 8609 8608
3 1232 3537 8609
3 1234 8608 3537
3 599 8611 8610
3 1233 3538 8611
3 1232 8610 3538
3 253 8613 8612
3 1237 3539 8613
3 1236 8612 3539
3 600 8615 8614
3 1235 3540 8615
3 1237 8614 3540
3 601 8617 8616
3 1236 3541 8617
3 1235 8616 3541
3 254 8619 8618
3 1240 3542 8619
3 1239 8618 3542
3 602 8621 8620
3 1238 3543 8621
3 1240 8620 3543
3 603 8623 8622
3 1239 3544 8623
3 1238 8622 3544
3 255 8625 8624
3 1243 3545 8625
3 1242 8624 3545
3 604 8627 8626
3 1241 3546 8627
3 1243 8626 3546
3 605 8629 8628
3 1242 3547 8629
3 1241 8628 3547
3 256 8631 8630
3 1246 3548 8631
3 1245 8630 3548
3 606 8633 8632
3 1244 3549 8633
3 1246 8632 3549
3 607 8635 8634
3 1245 3550 8635
3 1244 8634 3550
3 257 8637 8636
3 1249 3551 8637
3 1248 8636 3551
3 608 8639 8638
3 1247 3552 8639
3 1249 8638 3552
3 609 8641 8640
3 1248 3553 8641
3 1247 8640 3553
3 258 8643 8642
3 1252 3554 8643
3 1251 8642 3554
3 610 8645 8644
3 1250 3555 8645
3 1252 8644 3555
3 611 8647 8646
3 1251 3556 8647
3 1250 8646 3556
3 259 8649 8648
3 1255 3557 8649
3 1254 8648 3557
3 612 8651 8650
3 1253 3558 8651
3 1255 8650 3558
3 613 8653 8652
3 1254 3559 8653
3 1253 8652 3559
3 260 8655 8654
3 1258 3560 8655
3 1257 8654 3560
3 614 8657 8656
3 1256 3561 8657
3 1258 8656 3561
3 615 8659 8658
3 1257 3562 8659
3 1256 8658 3562
3 261 8661 8660
3 1261 3563 8661
3 1260 8660 3563
3 616 8663 8662
3 1259 3564 8663
3 1261 8662 3564
3 617 8665 8664
3 1260 3565 8665
3 1259 8664 3565
3 262 8667 8666
3 1264 3566 8667
3 1263 8666 3566
3 618 8669 8668
3 1262 3567 8669
3 1264 8668 3567
3 619 8671 8670
3 1263 3568 8671
3 1262 8670 3568
3 263 8673 8672
3 1267 3569 8673
3 1266 8672 3569
3 620 8675 8674
3 1265 3570 8675
3 1267 8674 3570
3 621 8677 8676
3 1266 3571 8677
3 1265 8676 3571
3 264 8679 8678
3 1270 3572 8679
3 1269 8678 3572
3 622 8681 8680
3 1268 3573 8681
3 1270 8680 3573
3 623 8683 8682
3 1269 3574 8683
3 1268 8682 3574
3 265 8685 8684
3 1273 3575 8685
3 1272 8684 3575
3 624 8687 8686
3 1271 3576 8687
3 1273 8686 3576
3 625 8689 8688
3 1272 3577 8689
3 1271 8688 3577
3 266 8691 8690
3 1276 3578 8691
3 1275 8690 3578
3 626 8693 8692
3 1274 3579 8693
3 1276 8692 3579
3 627 8695 8694
3 1275 3580 8695
3 1274 8694 3580
3 267 8697 8696
3 1279 3581 8697
3 1278 8696 3581
3 628 8699 8698
3 1277 3582 8699
3 1279 8698 3582
3 486 8701 8700
3 1278 3583 8701
3 1277 8700 3583
3 268 8703 8702
3 1282 3584 8703
3 1281 8702 3584
3 485 8705 8704
3 1280 3585 8705
3 1282 8704 3585
3 629 8707 8706
3 1281 3586 8707
3 1280 8706 3586
3 269 8709 8708
3 1285 3587 8709
3 1284 8708 3587
3 630 8711 8710
3 1283 3588 8711
3 1285 8710 3588
3 631 8713 8712
3 1284 3589 8713
3 1283 8712 3589
3 270 8715 8714
3 1288 3590 8715
3 1287 8714 3590
3 632 8717 8716
3 1286 3591 8717
3 1288 8716 3591
3 482 8719 8718
3 1287 3592 8719
3 1286 8718 3592
3 271 8721 8720
3 1291 3593 8721
3 1290 8720 3593
3 487 8723 8722
3 1289 3594 8723
3 1291 8722 3594
3 633 8725 8724
3 1290 3595 8725
3 1289 8724 3595
3 272 8727 8726
3 1294 3596 8727
3 1293 8726 3596
3 634 8729 8728
3 1292 3597 8729
3 1294 8728 3597
3 635 8731 8730
3 1293 3598 8731
3 1292 8730 3598
3 273 8733 8732
3 1297 3599 8733
3 1296 8732 3599
3 636 8735 8734
3 1295 3600 8735
3 1297 8734 3600
3 484 8737 8736
3 1296 3601 8737
3 1295 8736 3601
3 274 8739 8738
3 1300 3602 8739
3 1299 8738 3602
3 483 8741 8740
3 1298 3603 8741
3 1300 8740 3603
3 637 8743 8742
3 1299 3604 8743
3 1298 8742 3604
3 275 8745 8744
3 1303 3605 8745
3 1302 8744 3605
3 638 8747 8746
3 1301 3606 8747
3 1303 8746 3606
3 626 8749 8748
3 1302 3607 8749
3 1301 8748 3607
3 276 8751 8750
3 1306 3608 8751
3 1305 8750 3608
3 629 8753 8752
3 1304 3609 8753
3 1306 8752 3609
3 492 8755 8754
3 1305 3610 8755
3 1304 8754 3610
3 277 8757 8756
3 1309 3611 8757
3 1308 8756 3611
3 491 8759 8758
3 1307 3612 8759
3 1309 8758 3612
3 639 8761 8760
3 1308 3613 8761
3 1307 8760 3613
3 278 8763 8762
3 1312 3614 8763
3 1311 8762 3614
3 635 8765 8764
3 1310 3615 8765
3 1312 8764 3615
3 640 8767 8766
3 1311 3616 8767
3 1310 8766 3616
3 279 8769 8768
3 1315 3617 8769
3 1314 8768 3617
3 641 8771 8770
3 1313 3618 8771
3 1315 8770 3618
3 488 8773 8772
3 1314 3619 8773
3 1313 8772 3619
3 280 8775 8774
3 1318 3620 8775
3 1317 8774 3620
3 493 8777 8776
3 1316 3621 8777
3 1318 8776 3621
3 636 8779 8778
3 1317 3622 8779
3 1316 8778 3622
3 281 8781 8780
3 1321 3623 8781
3 1320 8780 3623
3 642 8783 8782
3 1319 3624 8783
3 1321 8782 3624
3 643 8785 8784
3 1320 3625 8785
3 1319 8784 3625
3 282 8787 8786
3 1324 3626 8787
3 1323 8786 3626
3 644 8789 8788
3 1322 3627 8789
3 1324 8788 3627
3 490 8791 8790
3 1323 3628 8791
3 1322 8790 3628
3 283 8793 8792
3 1327 3629 8793
3 1326 8792 3629
3 489 8795 8794
3 1325 3630 8795
3 1327 8794 3630
3 645 8797 8796
3 1326 3631 8797
3 1325 8796 3631
3 284 8799 8798
3 1330 3632 8799
3 1329 8798 3632
3 646 8801 8800
3 1328 3633 8801
3 1330 8800 3633
3 638 8803 8802
3 1329 3634 8803
3 1328 8802 3634
3 285 8805 8804
3 1333 3635 8805
3 1332 8804 3635
3 639 8807 8806
3 1331 3636 8807
3 1333 8806 3636
3 498 8809 8808
3 1332 3637 8809
3 1331 8808 3637
3 286 8811 8810
3 1336 3638 8811
3 1335 8810 3638
3 497 8813 8812
3 1334 3639 8813
3 1336 8812 3639
3 647 8815 8814
3 1335 3640 8815
3 1334 8814 3640
3 287 8817 8816
3 1339 3641 8817
3 1338 8816 3641
3 643 8819 8818
3 1337 3642 8819
3 1339 8818 3642
3 648 8821 8820
3 1338 3643 8821
3 1337 8820 3643
3 288 8823 8822
3 1342 3644 8823
3 1341 8822 3644
3 649 8825 8824
3 1340 3645 8825
3 1342 8824 3645
3 494 8827 8826
3 1341 3646 8827
3 1340 8826 3646
3 289 8829 8828
3 1345 3647 8829
3 1344 8828 3647
3 499 8831 8830
3 1343 3648 8831
3 1345 8830 3648
3 644 8833 8832
3 1344 3649 8833
3 1343 8832 3649
3 290 8835 8834
3 1348 3650 8835
3 1347 8834 3650
3 650 8837 8836
3 1346 3651 8837
3 1348 8836 3651
3 651 8839 8838
3 1347 3652 8839
3 1346 8838 3652
3 291 8841 8840
3 1351 3653 8841
3 1350 8840 3653
3 652 8843 8842
3 1349 3654 8843
3 1351 8842 3654
3 496 8845 8844
3 1350 3655 8845
3 1349 8844 3655
3 292 8847 8846
3 1354 3656 8847
3 1353 8846 3656
3 495 8849 8848
3 1352 3657 8849
3 1354 8848 3657
3 653 8851 8850
3 1353 3658 8851
3 1352 8850 3658
3 293 8853 8852
3 1357 3659 8853
3 1356 8852 3659
3 627 8855 8854
3 1355 3660 8855
3 1357 8854 3660
3 646 8857 8856
3 1356 3661 8857
3 1355 8856 3661
3 294 8859 8858
3 1360 3662 8859
3 1359 8858 3662
3 647 8861 8860
3 1358 3663 8861
3 1360 8860 3663
3 504 8863 8862
3 1359 3664 8863
3 1358 8862 3664
3 295 8865 8864
3 1363 3665 8865
3 1362 8864 3665
3 503 8867 8866
3 1361 3666 8867
3 1363 8866 3666
3 628 8869 8868
3 1362 3667 8869
3 1361 8868 3667
3 296 8871 8870
3 1366 3668 8871
3 1365 8870 3668
3 651 8873 8872
3 1364 3669 8873
3 1366 8872 3669
3 654 8875 8874
3 1365 3670 8875
3 1364 8874 3670
3 297 8877 8876
3 1369 3671 8877
3 1368 8876 3671
3 655 8879 8878
3 1367 3672 8879
3 1369 8878 3672
3 500 8881 8880
3 1368 3673 8881
3 1367 8880 3673
3 298 8883 8882
3 1372 3674 8883
3 1371 8882 3674
3 505 8885 8884
3 1370 3675 8885
3 1372 8884 3675
3 652 8887 8886
3 1371 3676 8887
3 1370 8886 3676
3 299 8889 8888
3 1375 3677 8889
3 1374 8888 3677
3 656 8891 8890
3 1373 3678 8891
3 1375 8890 3678
3 630 8893 8892
3 1374 3679 8893
3 1373 8892 3679
3 300 8895 8894
3 1378 3680 8895
3 1377 8894 3680
3 633 8897 8896
3 1376 3681 8897
3 1378 8896 3681
3 502 8899 8898
3 1377 3682 8899
3 1376 8898 3682
3 301 8901 8900
3 1381 3683 8901
3 1380 8900 3683
3 501 8903 8902
3 1379 3684 8903
3 1381 8902 3684
3 657 8905 8904
3 1380 3685 8905
3 1379 8904 3685
3 302 8907 8906
3 1384 3686 8907
3 1383 8906 3686
3 658 8909 8908
3 1382 3687 8909
3 1384 8908 3687
3 659 8911 8910
3 1383 3688 8911
3 1382 8910 3688
3 303 8913 8912
3 1387 3689 8913
3 1386 8912 3689
3 660 8915 8914
3 1385 3690 8915
3 1387 8914 3690
3 510 8917 8916
3 1386 3691 8917
3 1385 8916 3691
3 304 8919 8918
3 1390 3692 8919
3 1389 8918 3692
3 509 8921 8920
3 1388 3693 8921
3 1390 8920 3693
3 661 8923 8922
3 1389 3694 8923
3 1388 8922 3694
3 305 8925 8924
3 1393 3695 8925
3 1392 8924 3695
3 662 8927 8926
3 1391 3696 8927
3 1393 8926 3696
3 663 8929 8928
3 1392 3697 8929
3 1391 8928 3697
3 306 8931 8930
3 1396 3698 8931
3 1395 8930 3698
3 664 8933 8932
3 1394 3699 8933
3 1396 8932 3699
3 506 8935 8934
3 1395 3700 8935
3 1394 8934 3700
3 307 8937 8936
3 1399 3701 8937
3 1398 8936 3701
3 511 8939 8938
3 1397 3702 8939
3 1399 8938 3702
3 665 8941 8940
3 1398 3703 8941
3 1397 8940 3703
3 308 8943 8942
3 1402 3704 8943
3 1401 8942 3704
3 666 8945 8944
3 1400 3705 8945
3 1402 8944 3705
3 667 8947 8946
3 1401 3706 8947
3 1400 8946 3706
3 309 8949 8948
3 1405 3707 8949
3 1404 8948 3707
3 668 8951 8950
3 1403 3708 8951
3 1405 8950 3708
3 508 8953 8952
3 1404 3709 8953
3 1403 8952 3709
3 310 8955 8954
3 1408 3710 8955
3 1407 8954 3710
3 507 8957 8956
3 1406 3711 8957
3 1408 8956 3711
3 669 8959 8958
3 1407 3712 8959
3 1406 8958 3712
3 311 8961 8960
3 1411 3713 8961
3 1410 8960 3713
3 670 8963 8962
3 1409 3714 8963
3 1411 8962 3714
3 658 8965 8964
3 1410 3715 8965
3 1409 8964 3715
3 312 8967 8966
3 1414 3716 8967
3 1413 8966 3716
3 661 8969 8968
3 1412 3717 8969
3 1414 8968 3717
3 516 8971 8970
3 1413 3718 8971
3 1412 8970 3718
3 313 8973 8972
3 1417 3719 8973
3 1416 8972 3719
3 515 8975 8974
3 1415 3720 8975
3 1417 8974 3720
3 671 8977 8976
3 1416 3721 8977
3 1415 8976 3721
3 314 8979 8978
3 1420 3722 8979
3 1419 8978 3722
3 667 8981 8980
3 1418 3723 8981
3 1420 8980 3723
3 672 8983 8982
3 1419 3724 8983
3 1418 8982 3724
3 315 8985 8984
3 1423 3725 8985
3 1422 8984 3725
3 673 8987 8986
3 1421 3726 8987
3 1423 8986 3726
3 512 8989 8988
3 1422 3727 8989
3 1421 8988 3727
3 316 8991 8990
3 1426 3728 8991
3 1425 8990 3728
3 517 8993 8992
3 1424 3729 8993
3 1426 8992 3729
3 668 8995 8994
3 1425 3730 8995
3 1424 8994 3730
3 317 8997 8996
3 1429 3731 8997
3 1428 8996 3731
3 674 8999 8998
3 1427 3732 8999
3 1429 8998 3732
3 675 9001 9000
3 1428 3733 9001
3 1427 9000 3733
3 318 9003 9002
3 1432 3734 9003
3 1431 9002 3734
3 676 9005 9004
3 1430 3735 9005
3 1432 9004 3735
3 514 9007 9006
3 1431 3736 9007
3 1430 9006 3736
3 319 9009 9008
3 1435 3737 9009
3 1434 9008 3737
3 513 9011 9010
3 1433 3738 9011
3 1435 9010 3738
3 677 9013 9012
3 1434 3739 9013
3 1433 9012 3739
3 320 9015 9014
3 1438 3740 9015
3 1437 9014 3740
3 678 9017 9016
3 1436 3741 9017
3 1438 9016 3741
3 670 9019 9018
3 1437 3742 9019
3 1436 9018 3742
3 321 9021 9020
3 1441 3743 9021
3 1440 9020 3743
3 671 9023 9022
3 1439 3744 9023
3 1441 9022 3744
3 522 9025 9024
3 1440 3745 9025
3 1439 9024 3745
3 322 9027 9026
3 1444 3746 9027
3 1443 9026 3746
3 521 9029 9028
3 1442 3747 9029
3 1444 9028 3747
3 679 9031 9030
3 1443 3748 9031
3 1442 9030 3748
3 323 9033 9032
3 1447 3749 9033
3 1446 9032 3749
3 675 9035 9034
3 1445 3750 9035
3 1447 9034 3750
3 650 9037 9036
3 1446 3751 9037
3 1445 9036 3751
3 324 9039 9038
3 1450 3752 9039
3 1449 9038 3752
3 653 9041 9040
3 1448 3753 9041
3 1450 9040 3753
3 518 9043 9042
3 1449 3754 9043
3 1448 9042 3754
3 325 9045 9044
3 1453 3755 9045
3 1452 9044 3755
3 523 9047 9046
3 1451 3756 9047
3 1453 9046 3756
3 676 9049 9048
3 1452 3757 9049
3 1451 9048 3757
3 326 9051 9050
3 1456 3758 9051
3 1455 9050 3758
3 648 9053 9052
3 1454 3759 9053
3 1456 9052 3759
3 680 9055 9054
3 1455 3760 9055
3 1454 9054 3760
3 327 9057 9056
3 1459 3761 9057
3 1458 9056 3761
3 681 9059 9058
3 1457 3762 9059
3 1459 9058 3762
3 520 9061 9060
3 1458 3763 9061
3 1457 9060 3763
3 328 9063 9062
3 1462 3764 9063
3 1461 9062 3764
3 519 9065 9064
3 1460 3765 9065
3 1462 9064 3765
3 649 9067 9066
3 1461 3766 9067
3 1460 9066 3766
3 329 9069 9068
3 1465 3767 9069
3 1464 9068 3767
3 659 9071 9070
3 1463 3768 9071
3 1465 9070 3768
3 678 9073 9072
3 1464 3769 9073
3 1463 9072 3769
3 330 9075 9074
3 1468 3770 9075
3 1467 9074 3770
3 679 9077 9076
3 1466 3771 9077
3 1468 9076 3771
3 528 9079 9078
3 1467 3772 9079
3 1466 9078 3772
3 331 9081 9080
3 1471 3773 9081
3 1470 9080 3773
3 527 9083 9082
3 1469 3774 9083
3 1471 9082 3774
3 660 9085 9084
3 1470 3775 9085
3 1469 9084 3775
3 332 9087 9086
3 1474 3776 9087
3 1473 9086 3776
3 680 9089 9088
3 1472 3777 9089
3 1474 9088 3777
3 682 9091 9090
3 1473 3778 9091
3 1472 9090 3778
3 333 9093 9092
3 1477 3779 9093
3 1476 9092 3779
3 683 9095 9094
3 1475 3780 9095
3 1477 9094 3780
3 524 9097 9096
3 1476 3781 9097
3 1475 9096 3781
3 334 9099 9098
3 1480 3782 9099
3 1479 9098 3782
3 529 9101 9100
3 1478 3783 9101
3 1480 9100 3783
3 681 9103 9102
3 1479 3784 9103
3 1478 9102 3784
3 335 9105 9104
3 1483 3785 9105
3 1482 9104 3785
3 684 9107 9106
3 1481 3786 9107
3 1483 9106 3786
3 662 9109 9108
3 1482 3787 9109
3 1481 9108 3787
3 336 9111 9110
3 1486 3788 9111
3 1485 9110 3788
3 665 9113 9112
3 1484 3789 9113
3 1486 9112 3789
3 526 9115 9114
3 1485 3790 9115
3 1484 9114 3790
3 337 9117 9116
3 1489 3791 9117
3 1488 9116 3791
3 525 9119 9118
3 1487 3792 9119
3 1489 9118 3792
3 685 9121 9120
3 1488 3793 9121
3 1487 9120 3793
3 338 9123 9122
3 1492 3794 9123
3 1491 9122 3794
3 686 9125 9124
3 1490 3795 9125
3 1492 9124 3795
3 687 9127 9126
3 1491 3796 9127
3 1490 9126 3796
3 339 9129 9128
3 1495 3797 9129
3 1494 9128 3797
3 688 9131 9130
3 1493 3798 9131
3 1495 9130 3798
3 534 9133 9132
3 1494 3799 9133
3 1493 9132 3799
3 340 9135 9134
3 1498 3800 9135
3 1497 9134 3800
3 533 9137 9136
3 1496 3801 9137
3 1498 9136 3801
3 689 9139 9138
3 1497 3802 9139
3 1496 9138 3802
3 341 9141 9140
3 1501 3803 9141
3 1500 9140 3803
3 690 9143 9142
3 1499 3804 9143
3 1501 9142 3804
3 666 9145 9144
3 1500 3805 9145
3 1499 9144 3805
3 342 9147 9146
3 1504 3806 9147
3 1503 9146 3806
3 669 9149 9148
3 1502 3807 9149
3 1504 9148 3807
3 530 9151 9150
3 1503 3808 9151
3 1502 9150 3808
3 343 9153 9152
3 1507 3809 9153
3 1506 9152 3809
3 535 9155 9154
3 1505 3810 9155
3 1507 9154 3810
3 691 9157 9156
3 1506 3811 9157
3 1505 9156 3811
3 344 9159 9158
3 1510 3812 9159
3 1509 9158 3812
3 663 9161 9160
3 1508 3813 9161
3 1510 9160 3813
3 692 9163 9162
3 1509 3814 9163
3 1508 9162 3814
3 345 9165 9164
3 1513 3815 9165
3 1512 9164 3815
3 693 9167 9166
3 1511 3816 9167
3 1513 9166 3816
3 532 9169 9168
3 1512 3817 9169
3 1511 9168 3817
3 346 9171 9170
3 1516 3818 9171
3 1515 9170 3818
3 531 9173 9172
3 1514 3819 9173
3 1516 9172 3819
3 664 9175 9174
3 1515 3820 9175
3 1514 9174 3820
3 347 9177 9176
3 1519 3821 9177
3 1518 9176 3821
3 694 9179 9178
3 1517 3822 9179
3 1519 9178 3822
3 686 9181 9180
3 1518 3823 9181
3 1517 9180 3823
3 348 9183 9182
3 1522 3824 9183
3 1521 9182 3824
3 689 9185 9184
3 1520 3825 9185
3 1522 9184 3825
3 540 9187 9186
3 1521 3826 9187
3 1520 9186 3826
3 349 9189 9188
3 1525 3827 9189
3 1524 9188 3827
3 539 9191 9190
3 1523 3828 9191
3 1525 9190 3828
3 695 9193 9192
3 1524 3829 9193
3 1523 9192 3829
3 350 9195 9194
3 1528 3830 9195
3 1527 9194 3830
3 692 9197 9196
3 1526 3831 9197
3 1528 9196 3831
3 696 9199 9198
3 1527 3832 9199
3 1526 9198 3832
3 351 9201 9200
3 1531 3833 9201
3 1530 9200 3833
3 697 9203 9202
3 1529 3834 9203
3 1531 9202 3834
3 536 9205 9204
3 1530 3835 9205
3 1529 9204 3835
3 352 9207 9206
3 1534 3836 9207
3 1533 9206 3836
3 541 9209 9208
3 1532 3837 9209
3 1534 9208 3837
3 693 9211 9210
3 1533 3838 9211
3 1532 9210 3838
3 353 9213 9212
3 1537 3839 9213
3 1536 9212 3839
3 698 9215 9214
3 1535 3840 9215
3 1537 9214 3840
3 699 9217 9216
3 1536 3841 9217
3 1535 9216 3841
3 354 9219 9218
3 1540 3842 9219
3 1539 9218 3842
3 700 9221 9220
3 1538 3843 9221
3 1540 9220 3843
3 538 9223 9222
3 1539 3844 9223
3 1538 9222 3844
3 355 9225 9224
3 1543 3845 9225
3 1542 9224 3845
3 537 9227 9226
3 1541 3846 9227
3 1543 9226 3846
3 701 9229 9228
3 1542 3847 9229
3 1541 9228 3847
3 356 9231 9230
3 1546 3848 9231
3 1545 9230 3848
3 702 9233 9232
3 1544 3849 9233
3 1546 9232 3849
3 694 9235 9234
3 1545 3850 9235
3 1544 9234 3850
3 357 9237 9236
3 1549 3851 9237
3 1548 9236 3851
3 695 9239 9238
3 1547 3852 9239
3 1549 9238 3852
3 546 9241 9240
3 1548 3853 9241
3 1547 9240 3853
3 358 9243 9242
3 1552 3854 9243
3 1551 9242 3854
3 545 9245 9244
3 1550 3855 9245
3 1552 9244 3855
3 703 9247 9246
3 1551 3856 9247
3 1550 9246 3856
3 359 9249 9248
3 1555 3857 9249
3 1554 9248 3857
3 699 9251 9250
3 1553 3858 9251
3 1555 9250 3858
3 704 9253 9252
3 1554 3859 9253
3 1553 9252 3859
3 360 9255 9254
3 1558 3860 9255
3 1557 9254 3860
3 705 9257 9256
3 1556 3861 9257
3 1558 9256 3861
3 542 9259 9258
3 1557 3862 9259
3 1556 9258 3862
3 361 9261 9260
3 1561 3863 9261
3 1560 9260 3863
3 547 9263 9262
3 1559 3864 9263
3 1561 9262 3864
3 700 9265 9264
3 1560 3865 9265
3 1559 9264 3865
3 362 9267 9266
3 1564 3866 9267
3 1563 9266 3866
3 706 9269 9268
3 1562 3867 9269
3 1564 9268 3867
3 707 9271 9270
3 1563 3868 9271
3 1562 9270 3868
3 363 9273 9272
3 1567 3869 9273
3 1566 9272 3869
3 708 9275 9274
3 1565 3870 9275
3 1567 9274 3870
3 544 9277 9276
3 1566 3871 9277
3 1565 9276 3871
3 364 9279 9278
3 1570 3872 9279
3 1569 9278 3872
3 543 9281 9280
3 1568 3873 9281
3 1570 9280 3873
3 709 9283 9282
3 1569 3874 9283
3 1568 9282 3874
3 365 9285 9284
3 1573 3875 9285
3 1572 9284 3875
3 687 9287 9286
3 1571 3876 9287
3 1573 9286 3876
3 702 9289 9288
3 1572 3877 9289
3 1571 9288 3877
3 366 9291 9290
3 1576 3878 9291
3 1575 9290 3878
3 703 9293 9292
3 1574 3879 9293
3 1576 9292 3879
3 552 9295 9294
3 1575 3880 9295
3 1574 9294 3880
3 367 9297 9296
3 1579 3881 9297
3 1578 9296 3881
3 551 9299 9298
3 1577 3882 9299
3 1579 9298 3882
3 688 9301 9300
3 1578 3883 9301
3 1577 9300 3883
3 368 9303 9302
3 1582 3884 9303
3 1581 9302 3884
3 707 9305 9304
3 1580 3885 9305
3 1582 9304 3885
3 710 9307 9306
3 1581 3886 9307
3 1580 9306 3886
3 369 9309 9308
3 1585 3887 9309
3 1584 9308 3887
3 711 9311 9310
3 1583 3888 9311
3 1585 9310 3888
3 548 9313 9312
3 1584 3889 9313
3 1583 9312 3889
3 370 9315 9314
3 1588 3890 9315
3 1587 9314 3890
3 553 9317 9316
3 1586 3891 9317
3 1588 9316 3891
3 708 9319 9318
3 1587 3892 9319
3 1586 9318 3892
3 371 9321 9320
3 1591 3893 9321
3 1590 9320 3893
3 712 9323 9322
3 1589 3894 9323
3 1591 9322 3894
3 690 9325 9324
3 1590 3895 9325
3 1589 9324 3895
3 372 9327 9326
3 1594 3896 9327
3 1593 9326 3896
3 691 9329 9328
3 1592 3897 9329
3 1594 9328 3897
3 550 9331 9330
3 1593 3898 9331
3 1592 9330 3898
3 373 9333 9332
3 1597 3899 9333
3 1596 9332 3899
3 549 9335 9334
3 1595 3900 9335
3 1597 9334 3900
3 713 9337 9336
3 1596 3901 9337
3 1595 9336 3901
3 374 9339 9338
3 1600 3902 9339
3 1599 9338 3902
3 714 9341 9340
3 1598 3903 9341
3 1600 9340 3903
3 715 9343 9342
3 1599 3904 9343
3 1598 9342 3904
3 375 9345 9344
3 1603 3905 9345
3 1602 9344 3905
3 716 9347 9346
3 1601 3906 9347
3 1603 9346 3906
3 558 9349 9348
3 1602 3907 9349
3 1601 9348 3907
3 376 9351 9350
3 1606 3908 9351
3 1605 9350 3908
3 557 9353 9352
3 1604 3909 9353
3 1606 9352 3909
3 717 9355 9354
3 1605 3910 9355
3 1604 9354 3910
3 377 9357 9356
3 1609 3911 9357
3 1608 9356 3911
3 718 9359 9358
3 1607 3912 9359
3 1609 9358 3912
3 634 9361 9360
3 1608 3913 9361
3 1607 9360 3913
3 378 9363 9362
3 1612 3914 9363
3 1611 9362 3914
3 637 9365 9364
3 1610 3915 9365
3 1612 9364 3915
3 554 9367 9366
3 1611 3916 9367
3 1610 9366 3916
3 379 9369 9368
3 1615 3917 9369
3 1614 9368 3917
3 559 9371 9370
3 1613 3918 9371
3 1615 9370 3918
3 719 9373 9372
3 1614 3919 9373
3 1613 9372 3919
3 380 9375 9374
3 1618 3920 9375
3 1617 9374 3920
3 631 9377 9376
3 1616 3921 9377
3 1618 9376 3921
3 720 9379 9378
3 1617 3922 9379
3 1616 9378 3922
3 381 9381 9380
3 1621 3923 9381
3 1620 9380 3923
3 721 9383 9382
3 1619 3924 9383
3 1621 9382 3924
3 556 9385 9384
3 1620 3925 9385
3 1619 9384 3925
3 382 9387 9386
3 1624 3926 9387
3 1623 9386 3926
3 555 9389 9388
3 1622 3927 9389
3 1624 9388 3927
3 632 9391 9390
3 1623 3928 9391
3 1622 9390 3928
3 383 9393 9392
3 1627 3929 9393
3 1626 9392 3929
3 722 9395 9394
3 1625 3930 9395
3 1627 9394 3930
3 714 9397 9396
3 1626 3931 9397
3 1625 9396 3931
3 384 9399 9398
3 1630 3932 9399
3 1629 9398 3932
3 717 9401 9400
3 1628 3933 9401
3 1630 9400 3933
3 564 9403 9402
3 1629 3934 9403
3 1628 9402 3934
3 385 9405 9404
3 1633 3935 9405
3 1632 9404 3935
3 563 9407 9406
3 1631 3936 9407
3 1633 9406 3936
3 723 9409 9408
3 1632 3937 9409
3 1631 9408 3937
3 386 9411 9410
3 1636 3938 9411
3 1635 9410 3938
3 720 9413 9412
3 1634 3939 9413
3 1636 9412 3939
3 724 9415 9414
3 1635 3940 9415
3 1634 9414 3940
3 387 9417 9416
3 1639 3941 9417
3 1638 9416 3941
3 725 9419 9418
3 1637 3942 9419
3 1639 9418 3942
3 560 9421 9420
3 1638 3943 9421
3 1637 9420 3943
3 388 9423 9422
3 1642 3944 9423
3 1641 9422 3944
3 565 9425 9424
3 1640 3945 9425
3 1642 9424 3945
3 721 9427 9426
3 1641 3946 9427
3 1640 9426 3946
3 389 9429 9428
3 1645 3947 9429
3 1644 9428 3947
3 726 9431 9430
3 1643 3948 9431
3 1645 9430 3948
3 727 9433 9432
3 1644 3949 9433
3 1643 9432 3949
3 390 9435 9434
3 1648 3950 9435
3 1647 9434 3950
3 728 9437 9436
3 1646 3951 9437
3 1648 9436 3951
3 562 9439 9438
3 1647 3952 9439
3 1646 9438 3952
3 391 9441 9440
3 1651 3953 9441
3 1650 9440 3953
3 561 9443 9442
3 1649 3954 9443
3 1651 9442 3954
3 729 9445 9444
3 1650 3955 9445
3 1649 9444 3955
3 392 9447 9446
3 1654 3956 9447
3 1653 9446 3956
3 730 9449 9448
3 1652 3957 9449
3 1654 9448 3957
3 722 9451 9450
3 1653 3958 9451
3 1652 9450 3958
3 393 9453 9452
3 1657 3959 9453
3 1656 9452 3959
3 723 9455 9454
3 1655 3960 9455
3 1657 9454 3960
3 570 9457 9456
3 1656 3961 9457
3 1655 9456 3961
3 394 9459 9458
3 1660 3962 9459
3 1659 9458 3962
3 569 9461 9460
3 1658 3963 9461
3 1660 9460 3963
3 731 9463 9462
3 1659 3964 9463
3 1658 9462 3964
3 395 9465 9464
3 1663 3965 9465
3 1662 9464 3965
3 727 9467 9466
3 1661 3966 9467
3 1663 9466 3966
3 706 9469 9468
3 1662 3967 9469
3 1661 9468 3967
3 396 9471 9470
3 1666 3968 9471
3 1665 9470 3968
3 709 9473 9472
3 1664 3969 9473
3 1666 9472 3969
3 566 9475 9474
3 1665 3970 9475
3 1664 9474 3970
3 397 9477 9476
3 1669 3971 9477
3 1668 9476 3971
3 571 9479 9478
3 1667 3972 9479
3 1669 9478 3972
3 728 9481 9480
3 1668 3973 9481
3 1667 9480 3973
3 398 9483 9482
3 1672 3974 9483
3 1671 9482 3974
3 704 9485 9484
3 1670 3975 9485
3 1672 9484 3975
3 732 9487 9486
3 1671 3976 9487
3 1670 9486 3976
3 399 9489 9488
3 1675 3977 9489
3 1674 9488 3977
3 733 9491 9490
3 1673 3978 9491
3 1675 9490 3978
3 568 9493 9492
3 1674 3979 9493
3 1673 9492 3979
3 400 9495 9494
3 1678 3980 9495
3 1677 9494 3980
3 567 9497 9496
3 1676 3981 9497
3 1678 9496 3981
3 705 9499 9498
3 1677 3982 9499
3 1676 9498 3982
3 401 9501 9500
3 1681 3983 9501
3 1680 9500 3983
3 715 9503 9502
3 1679 3984 9503
3 1681 9502 3984
3 730 9505 9504
3 1680 3985 9505
3 1679 9504 3985
3 402 9507 9506
3 1684 3986 9507
3 1683 9506 3986
3 731 9509 9508
3 1682 3987 9509
3 1684 9508 3987
3 576 9511 9510
3 1683 3988 9511
3 1682 9510 3988
3 403 9513 9512
3 1687 3989 9513
3 1686 9512 3989
3 575 9515 9514
3 1685 3990 9515
3 1687 9514 3990
3 716 9517 9516
3 1686 3991 9517
3 1685 9516 3991
3 404 9519 9518
3 1690 3992 9519
3 1689 9518 3992
3 732 9521 9520
3 1688 3993 9521
3 1690 9520 3993
3 734 9523 9522
3 1689 3994 9523
3 1688 9522 3994
3 405 9525 9524
3 1693 3995 9525
3 1692 9524 3995
3 735 9527 9526
3 1691 3996 9527
3 1693 9526 3996
3 572 9529 9528
3 1692 3997 9529
3 1691 9528 3997
3 406 9531 9530
3 1696 3998 9531
3 1695 9530 3998
3 577 9533 9532
3 1694 3999 9533
3 1696 9532 3999
3 733 9535 9534
3 1695 4000 9535
3 1694 9534 4000
3 407 9537 9536
3 1699 4001 9537
3 1698 9536 4001
3 736 9539 9538
3 1697 4002 9539
3 1699 9538 4002
3 718 9541 9540
3 1698 4003 9541
3 1697 9540 4003
3 408 9543 9542
3 1702 4004 9543
3 1701 9542 4004
3 719 9545 9544
3 1700 4005 9545
3 1702 9544 4005
3 574 9547 9546
3 1701 4006 9547
3 1700 9546 4006
3 409 9549 9548
3 1705 4007 9549
3 1704 9548 4007
3 573 9551 9550
3 1703 4008 9551
3 1705 9550 4008
3 737 9553 9552
3 1704 4009 9553
3 1703 9552 4009
3 410 9555 9554
3 1708 4010 9555
3 1707 9554 4010
3 738 9557 9556
3 1706 4011 9557
3 1708 9556 4011
3 739 9559 9558
3 1707 4012 9559
3 1706 9558 4012
3 411 9561 9560
3 1711 4013 9561
3 1710 9560 4013
3 740 9563 9562
3 1709 4014 9563
3 1711 9562 4014
3 582 9565 9564
3 1710 4015 9565
3 1709 9564 4015
3 412 9567 9566
3 1714 4016 9567
3 1713 9566 4016
3 581 9569 9568
3 1712 4017 9569
3 1714 9568 4017
3 741 9571 9570
3 1713 4018 9571
3 1712 9570 4018
3 413 9573 9572
3 1717 4019 9573
3 1716 9572 4019
3 742 9575 9574
3 1715 4020 9575
3 1717 9574 4020
3 698 9577 9576
3 1716 4021 9577
3 1715 9576 4021
3 414 9579 9578
3 1720 4022 9579
3 1719 9578 4022
3 701 9581 9580
3 1718 4023 9581
3 1720 9580 4023
3 578 9583 9582
3 1719 4024 9583
3 1718 9582 4024
3 415 9585 9584
3 1723 4025 9585
3 1722 9584 4025
3 583 9587 9586
3 1721 4026 9587
3 1723 9586 4026
3 743 9589 9588
3 1722 4027 9589
3 1721 9588 4027
3 416 9591 9590
3 1726 4028 9591
3 1725 9590 4028
3 696 9593 9592
3 1724 4029 9593
3 1726 9592 4029
3 744 9595 9594
3 1725 4030 9595
3 1724 9594 4030
3 417 9597 9596
3 1729 4031 9597
3 1728 9596 4031
3 745 9599 9598
3 1727 4032 9599
3 1729 9598 4032
3 580 9601 9600
3 1728 4033 9601
3 1727 9600 4033
3 418 9603 9602
3 1732 4034 9603
3 1731 9602 4034
3 579 9605 9604
3 1730 4035 9605
3 1732 9604 4035
3 697 9607 9606
3 1731 4036 9607
3 1730 9606 4036
3 419 9609 9608
3 1735 4037 9609
3 1734 9608 4037
3 746 9611 9610
3 1733 4038 9611
3 1735 9610 4038
3 738 9613 9612
3 1734 4039 9613
3 1733 9612 4039
3 420 9615 9614
3 1738 4040 9615
3 1737 9614 4040
3 741 9617 9616
3 1736 4041 9617
3 1738 9616 4041
3 588 9619 9618
3 1737 4042 9619
3 1736 9618 4042
3 421 9621 9620
3 1741 4043 9621
3 1740 9620 4043
3 587 9623 9622
3 1739 4044 9623
3 1741 9622 4044
3 747 9625 9624
3 1740 4045 9625
3 1739 9624 4045
3 422 9627 9626
3 1744 4046 9627
3 1743 9626 4046
3 744 9629 9628
3 1742 4047 9629
3 1744 9628 4047
3 684 9631 9630
3 1743 4048 9631
3 1742 9630 4048
3 423 9633 9632
3 1747 4049 9633
3 1746 9632 4049
3 685 9635 9634
3 1745 4050 9635
3 1747 9634 4050
3 584 9637 9636
3 1746 4051 9637
3 1745 9636 4051
3 424 9639 9638
3 1750 4052 9639
3 1749 9638 4052
3 589 9641 9640
3 1748 4053 9641
3 1750 9640 4053
3 745 9643 9642
3 1749 4054 9643
3 1748 9642 4054
3 425 9645 9644
3 1753 4055 9645
3 1752 9644 4055
3 682 9647 9646
3 1751 4056 9647
3 1753 9646 4056
3 748 9649 9648
3 1752 4057 9649
3 1751 9648 4057
3 426 9651 9650
3 1756 4058 9651
3 1755 9650 4058
3 749 9653 9652
3 1754 4059 9653
3 1756 9652 4059
3 586 9655 9654
3 1755 4060 9655
3 1754 9654 4060
3 427 9657 9656
3 1759 4061 9657
3 1758 9656 4061
3 585 9659 9658
3 1757 4062 9659
3 1759 9658 4062
3 683 9661 9660
3 1758 4063 9661
3 1757 9660 4063
3 428 9663 9662
3 1762 4064 9663
3 1761 9662 4064
3 750 9665 9664
3 1760 4065 9665
3 1762 9664 4065
3 746 9667 9666
3 1761 4066 9667
3 1760 9666 4066
3 429 9669 9668
3 1765 4067 9669
3 1764 9668 4067
3 747 9671 9670
3 1763 4068 9671
3 1765 9670 4068
3 594 9673 9672
3 1764 4069 9673
3 1763 9672 4069
3 430 9675 9674
3 1768 4070 9675
3 1767 9674 4070
3 593 9677 9676
3 1766 4071 9677
3 1768 9676 4071
3 751 9679 9678
3 1767 4072 9679
3 1766 9678 4072
3 431 9681 9680
3 1771 4073 9681
3 1770 9680 4073
3 748 9683 9682
3 1769 4074 9683
3 1771 9682 4074
3 642 9685 9684
3 1770 4075 9685
3 1769 9684 4075
3 432 9687 9686
3 1774 4076 9687
3 1773 9686 4076
3 645 9689 9688
3 1772 4077 9689
3 1774 9688 4077
3 590 9691 9690
3 1773 4078 9691
3 1772 9690 4078
3 433 9693 9692
3 1777 4079 9693
3 1776 9692 4079
3 595 9695 9694
3 1775 4080 9695
3 1777 9694 4080
3 749 9697 9696
3 1776 4081 9697
3 1775 9696 4081
3 434 9699 9698
3 1780 4082 9699
3 1779 9698 4082
3 640 9701 9700
3 1778 4083 9701
3 1780 9700 4083
3 752 9703 9702
3 1779 4084 9703
3 1778 9702 4084
3 435 9705 9704
3 1783 4085 9705
3 1782 9704 4085
3 753 9707 9706
3 1781 4086 9707
3 1783 9706 4086
3 592 9709 9708
3 1782 4087 9709
3 1781 9708 4087
3 436 9711 9710
3 1786 4088 9711
3 1785 9710 4088
3 591 9713 9712
3 1784 4089 9713
3 1786 9712 4089
3 641 9715 9714
3 1785 4090 9715
3 1784 9714 4090
3 437 9717 9716
3 1789 4091 9717
3 1788 9716 4091
3 739 9719 9718
3 1787 4092 9719
3 1789 9718 4092
3 750 9721 9720
3 1788 4093 9721
3 1787 9720 4093
3 438 9723 9722
3 1792 4094 9723
3 1791 9722 4094
3 751 9725 9724
3 1790 4095 9725
3 1792 9724 4095
3 600 9727 9726
3 1791 4096 9727
3 1790 9726 4096
3 439 9729 9728
3 1795 4097 9729
3 1794 9728 4097
3 599 9731 9730
3 1793 4098 9731
3 1795 9730 4098
3 740 9733 9732
3 1794 4099 9733
3 1793 9732 4099
3 440 9735 9734
3 1798 4100 9735
3 1797 9734 4100
3 752 9737 9736
3 1796 4101 9737
3 1798 9736 4101
3 736 9739 9738
3 1797 4102 9739
3 1796 9738 4102
3 441 9741 9740
3 1801 4103 9741
3 1800 9740 4103
3 737 9743 9742
3 1799 4104 9743
3 1801 9742 4104
3 596 9745 9744
3 1800 4105 9745
3 1799 9744 4105
3 442 9747 9746
3 1804 4106 9747
3 1803 9746 4106
3 601 9749 9748
3 1802 4107 9749
3 1804 9748 4107
3 753 9751 9750
3 1803 4108 9751
3 1802 9750 4108
3 443 9753 9752
3 1807 4109 9753
3 1806 9752 4109
3 734 9755 9754
3 1805 4110 9755
3 1807 9754 4110
3 742 9757 9756
3 1806 4111 9757
3 1805 9756 4111
3 444 9759 9758
3 1810 4112 9759
3 1809 9758 4112
3 743 9761 9760
3 1808 4113 9761
3 1810 9760 4113
3 598 9763 9762
3 1809 4114 9763
3 1808 9762 4114
3 445 9765 9764
3 1813 4115 9765
3 1812 9764 4115
3 597 9767 9766
3 1811 4116 9767
3 1813 9766 4116
3 735 9769 9768
3 1812 4117 9769
3 1811 9768 4117
3 446 9771 9770
3 1816 4118 9771
3 1815 9770 4118
3 754 9773 9772
3 1814 4119 9773
3 1816 9772 4119
3 755 9775 9774
3 1815 4120 9775
3 1814 9774 4120
3 447 9777 9776
3 1819 4121 9777
3 1818 9776 4121
3 756 9779 9778
3 1817 4122 9779
3 1819 9778 4122
3 606 9781 9780
3 1818 4123 9781
3 1817 9780 4123
3 448 9783 9782
3 1822 4124 9783
3 1821 9782 4124
3 605 9785 9784
3 1820 4125 9785
3 1822 9784 4125
3 757 9787 9786
3 1821 4126 9787
3 1820 9786 4126
3 449 9789 9788
3 1825 4127 9789
3 1824 9788 4127
3 758 9791 9790
3 1823 4128 9791
3 1825 9790 4128
3 656 9793 9792
3 1824 4129 9793
3 1823 9792 4129
3 450 9795 9794
3 1828 4130 9795
3 1827 9794 4130
3 657 9797 9796
3 1826 4131 9797
3 1828 9796 4131
3 602 9799 9798
3 1827 4132 9799
3 1826 9798 4132
3 451 9801 9800
3 1831 4133 9801
3 1830 9800 4133
3 607 9803 9802
3 1829 4134 9803
3 1831 9802 4134
3 759 9805 9804
3 1830 4135 9805
3 1829 9804 4135
3 452 9807 9806
3 1834 4136 9807
3 1833 9806 4136
3 654 9809 9808
3 1832 4137 9809
3 1834 9808 4137
3 760 9811 9810
3 1833 4138 9811
3 1832 9810 4138
3 453 9813 9812
3 1837 4139 9813
3 1836 9812 4139
3 761 9815 9814
3 1835 4140 9815
3 1837 9814 4140
3 604 9817 9816
3 1836 4141 9817
3 1835 9816 4141
3 454 9819 9818
3 1840 4142 9819
3 1839 9818 4142
3 603 9821 9820
3 1838 4143 9821
3 1840 9820 4143
3 655 9823 9822
3 1839 4144 9823
3 1838 9822 4144
3 455 9825 9824
3 1843 4145 9825
3 1842 9824 4145
3 762 9827 9826
3 1841 4146 9827
3 1843 9826 4146
3 754 9829 9828
3 1842 4147 9829
3 1841 9828 4147
3 456 9831 9830
3 1846 4148 9831
3 1845 9830 4148
3 757 9833 9832
3 1844 4149 9833
3 1846 9832 4149
3 612 9835 9834
3 1845 4150 9835
3 1844 9834 4150
3 457 9837 9836
3 1849 4151 9837
3 1848 9836 4151
3 611 9839 9838
3 1847 4152 9839
3 1849 9838 4152
3 763 9841 9840
3 1848 4153 9841
3 1847 9840 4153
3 458 9843 9842
3 1852 4154 9843
3 1851 9842 4154
3 760 9845 9844
3 1850 4155 9845
3 1852 9844 4155
3 674 9847 9846
3 1851 4156 9847
3 1850 9846 4156
3 459 9849 9848
3 1855 4157 9849
3 1854 9848 4157
3 677 9851 9850
3 1853 4158 9851
3 1855 9850 4158
3 608 9853 9852
3 1854 4159 9853
3 1853 9852 4159
3 460 9855 9854
3 1858 4160 9855
3 1857 9854 4160
3 613 9857 9856
3 1856 4161 9857
3 1858 9856 4161
3 761 9859 9858
3 1857 4162 9859
3 1856 9858 4162
3 461 9861 9860
3 1861 4163 9861
3 1860 9860 4163
3 672 9863 9862
3 1859 4164 9863
3 1861 9862 4164
3 764 9865 9864
3 1860 4165 9865
3 1859 9864 4165
3 462 9867 9866
3 1864 4166 9867
3 1863 9866 4166
3 765 9869 9868
3 1862 4167 9869
3 1864 9868 4167
3 610 9871 9870
3 1863 4168 9871
3 1862 9870 4168
3 463 9873 9872
3 1867 4169 9873
3 1866 9872 4169
3 609 9875 9874
3 1865 4170 9875
3 1867 9874 4170
3 673 9877 9876
3 1866 4171 9877
3 1865 9876 4171
3 464 9879 9878
3 1870 4172 9879
3 1869 9878 4172
3 766 9881 9880
3 1868 4173 9881
3 1870 9880 4173
3 762 9883 9882
3 1869 4174 9883
3 1868 9882 4174
3 465 9885 9884
3 1873 4175 9885
3 1872 9884 4175
3 763 9887 9886
3 1871 4176 9887
3 1873 9886 4176
3 618 9889 9888
3 1872 4177 9889
3 1871 9888 4177
3 466 9891 9890
3 1876 4178 9891
3 1875 9890 4178
3 617 9893 9892
3 1874 4179 9893
3 1876 9892 4179
3 767 9895 9894
3 1875 4180 9895
3 1874 9894 4180
3 467 9897 9896
3 1879 4181 9897
3 1878 9896 4181
3 764 9899 9898
3 1877 4182 9899
3 1879 9898 4182
3 712 9901 9900
3 1878 4183 9901
3 1877 9900 4183
3 468 9903 9902
3 1882 4184 9903
3 1881 9902 4184
3 713 9905 9904
3 1880 4185 9905
3 1882 9904 4185
3 614 9907 9906
3 1881 4186 9907
3 1880 9906 4186
3 469 9909 9908
3 1885 4187 9909
3 1884 9908 4187
3 619 9911 9910
3 1883 4188 9911
3 1885 9910 4188
3 765 9913 9912
3 1884 4189 9913
3 1883 9912 4189
3 470 9915 9914
3 1888 4190 9915
3 1887 9914 4190
3 710 9917 9916
3 1886 4191 9917
3 1888 9916 4191
3 768 9919 9918
3 1887 4192 9919
3 1886 9918 4192
3 471 9921 9920
3 1891 4193 9921
3 1890 9920 4193
3 769 9923 9922
3 1889 4194 9923
3 1891 9922 4194
3 616 9925 9924
3 1890 4195 9925
3 1889 9924 4195
3 472 9927 9926
3 1894 4196 9927
3 1893 9926 4196
3 615 9929 9928
3 1892 4197 9929
3 1894 9928 4197
3 711 9931 9930
3 1893 4198 9931
3 1892 9930 4198
3 473 9933 9932
3 1897 4199 9933
3 1896 9932 4199
3 755 9935 9934
3 1895 4200 9935
3 1897 9934 4200
3 766 9937 9936
3 1896 4201 9937
3 1895 9936 4201
3 474 9939 9938
3 1900 4202 9939
3 1899 9938 4202
3 767 9941 9940
3 1898 4203 9941
3 1900 9940 4203
3 624 9943 9942
3 1899 4204 9943
3 1898 9942 4204
3 475 9945 9944
3 1903 4205 9945
3 1902 9944 4205
3 623 9947 9946
3 1901 4206 9947
3 1903 9946 4206
3 756 9949 9948
3 1902 4207 9949
3 1901 9948 4207
3 476 9951 9950
3 1906 4208 9951
3 1905 9950 4208
3 768 9953 9952
3 1904 4209 9953
3 1906 9952 4209
3 726 9955 9954
3 1905 4210 9955
3 1904 9954 4210
3 477 9957 9956
3 1909 4211 9957
3 1908 9956 4211
3 729 9959 9958
3 1907 4212 9959
3 1909 9958 4212
3 620 9961 9960
3 1908 4213 9961
3 1907 9960 4213
3 478 9963 9962
3 1912 4214 9963
3 1911 9962 4214
3 625 9965 9964
3 1910 4215 9965
3 1912 9964 4215
3 769 9967 9966
3 1911 4216 9967
3 1910 9966 4216
3 479 9969 9968
3 1915 4217 9969
3 1914 9968 4217
3 724 9971 9970
3 1913 4218 9971
3 1915 9970 4218
3 758 9973 9972
3 1914 4219 9973
3 1913 9972 4219
3 480 9975 9974
3 1918 4220 9975
3 1917 9974 4220
3 759 9977 9976
3 1916 4221 9977
3 1918 9976 4221
3 622 9979 9978
3 1917 4222 9979
3 1916 9978 4222
3 481 9981 9980
3 1921 4223 9981
3 1920 9980 4223
3 621 9983 9982
3 1919 4224 9983
3 1921 9982 4224
3 725 9985 9984
3 1920 4225 9985
3 1919 9984 4225
3 50 9987 9986
3 1923 4226 9987
3 1922 9986 4226
3 196 7686 9988
3 770 4227 7686
3 1923 9988 4227
3 195 9989 7685
3 1922 4228 9989
3 770 7685 4228
3 51 9991 9990
3 1925 4229 9991
3 1924 9990 4229
3 194 7682 9992
3 771 4230 7682
3 1925 9992 4230
3 196 9993 7687
3 1924 4231 9993
3 771 7687 4231
3 52 9995 9994
3 1927 4232 9995
3 1926 9994 4232
3 195 7684 9996
3 772 4233 7684
3 1927 9996 4233
3 194 9997 7683
3 1926 4234 9997
3 772 7683 4234
3 53 9999 9998
3 1929 4235 9999
3 1928 9998 4235
3 199 7692 10000
3 773 4236 7692
3 1929 10000 4236
3 198 10001 7691
3 1928 4237 10001
3 773 7691 4237
3 54 10003 10002
3 1931 4238 10003
3 1930 10002 4238
3 197 7688 10004
3 774 4239 7688
3 1931 10004 4239
3 199 10005 7693
3 1930 4240 10005
3 774 7693 4240
3 55 10007 10006
3 1933 4241 10007
3 1932 10006 4241
3 198 7690 10008
3 775 4242 7690
3 1933 10008 4242
3 197 10009 7689
3 1932 4243 10009
3 775 7689 4243
3 56 10011 10010
3 1935 4244 10011
3 1934 10010 4244
3 202 7698 10012
3 776 4245 7698
3 1935 10012 4245
3 201 10013 7697
3 1934 4246 10013
3 776 7697 4246
3 57 10015 10014
3 1937 4247 10015
3 1936 10014 4247
3 200 7694 10016
3 777 4248 7694
3 1937 10016 4248
3 202 10017 7699
3 1936 4249 10017
3 777 7699 4249
3 58 10019 10018
3 1939 4250 10019
3 1938 10018 4250
3 201 7696 10020
3 778 4251 7696
3 1939 10020 4251
3 200 10021 7695
3 1938 4252 10021
3 778 7695 4252
3 59 10023 10022
3 1941 4253 10023
3 1940 10022 4253
3 205 7704 10024
3 779 4254 7704
3 1941 10024 4254
3 204 10025 7703
3 1940 4255 10025
3 779 7703 4255
3 60 10027 10026
3 1943 4256 10027
3 1942 10026 4256
3 203 7700 10028
3 780 4257 7700
3 1943 10028 4257
3 205 10029 7705
3 1942 4258 10029
3 780 7705 4258
3 61 10031 10030
3 1945 4259 10031
3 1944 10030 4259
3 204 7702 10032
3 781 4260 7702
3 1945 10032 4260
3 203 10033 7701
3 1944 4261 10033
3 781 7701 4261
3 62 10035 10034
3 1947 4262 10035
3 1946 10034 4262
3 208 7710 10036
3 782 4263 7710
3 1947 10036 4263
3 207 10037 7709
3 1946 4264 10037
3 782 7709 4264
3 63 10039 10038
3 1949 4265 10039
3 1948 10038 4265
3 206 7706 10040
3 783 4266 7706
3 1949 10040 4266
3 208 10041 7711
3 1948 4267 10041
3 783 7711 4267
3 64 10043 10042
3 1951 4268 10043
3 1950 10042 4268
3 207 7708 10044
3 784 4269 7708
3 1951 10044 4269
3 206 10045 7707
3 1950 4270 10045
3 784 7707 4270
3 65 10047 10046
3 1953 4271 10047
3 1952 10046 4271
3 211 7716 10048
3 785 4272 7716
3 1953 10048 4272
3 210 10049 7715
3 1952 4273 10049
3 785 7715 4273
3 66 10051 10050
3 1955 4274 10051
3 1954 10050 4274
3 209 7712 10052
3 786 4275 7712
3 1955 10052 4275
3 211 10053 7717
3 1954 4276 10053
3 786 7717 4276
3 67 10055 10054
3 1957 4277 10055
3 1956 10054 4277
3 210 7714 10056
3 787 4278 7714
3 1957 10056 4278
3 209 10057 7713
3 1956 4279 10057
3 787 7713 4279
3 68 10059 10058
3 1959 4280 10059
3 1958 10058 4280
3 214 7722 10060
3 788 4281 7722
3 1959 10060 4281
3 213 10061 7721
3 1958 4282 10061
3 788 7721 4282
3 69 10063 10062
3 1961 4283 10063
3 1960 10062 4283
3 212 7718 10064
3 789 4284 7718
3 1961 10064 4284
3 214 10065 7723
3 1960 4285 10065
3 789 7723 4285
3 70 10067 10066
3 1963 4286 10067
3 1962 10066 4286
3 213 7720 10068
3 790 4287 7720
3 1963 10068 4287
3 212 10069 7719
3 1962 4288 10069
3 790 7719 4288
3 71 10071 10070
3 1965 4289 10071
3 1964 10070 4289
3 217 7728 10072
3 791 4290 7728
3 1965 10072 4290
3 216 10073 7727
3 1964 4291 10073
3 791 7727 4291
3 72 10075 10074
3 1967 4292 10075
3 1966 10074 4292
3 215 7724 10076
3 792 4293 7724
3 1967 10076 4293
3 217 10077 7729
3 1966 4294 10077
3 792 7729 4294
3 73 10079 10078
3 1969 4295 10079
3 1968 10078 4295
3 216 7726 10080
3 793 4296 7726
3 1969 10080 4296
3 215 10081 7725
3 1968 4297 10081
3 793 7725 4297
3 74 10083 10082
3 1971 4298 10083
3 1970 10082 4298
3 220 7734 10084
3 794 4299 7734
3 1971 10084 4299
3 219 10085 7733
3 1970 4300 10085
3 794 7733 4300
3 75 10087 10086
3 1973 4301 10087
3 1972 10086 4301
3 218 7730 10088
3 795 4302 7730
3 1973 10088 4302
3 220 10089 7735
3 1972 4303 10089
3 795 7735 4303
3 76 10091 10090
3 1975 4304 10091
3 1974 10090 4304
3 219 7732 10092
3 796 4305 7732
3 1975 10092 4305
3 218 10093 7731
3 1974 4306 10093
3 796 7731 4306
3 77 10095 10094
3 1977 4307 10095
3 1976 10094 4307
3 223 7740 10096
3 797 4308 7740
3 1977 10096 4308
3 222 10097 7739
3 1976 4309 10097
3 797 7739 4309
3 78 10099 10098
3 1979 4310 10099
3 1978 10098 4310
3 221 7736 10100
3 798 4311 7736
3 1979 10100 4311
3 223 10101 7741
3 1978 4312 10101
3 798 7741 4312
3 79 10103 10102
3 1981 4313 10103
3 1980 10102 4313
3 222 7738 10104
3 799 4314 7738
3 1981 10104 4314
3 221 10105 7737
3 1980 4315 10105
3 799 7737 4315
3 80 10107 10106
3 1983 4316 10107
3 1982 10106 4316
3 226 7746 10108
3 800 4317 7746
3 1983 10108 4317
3 225 10109 7745
3 1982 4318 10109
3 800 7745 4318
3 81 10111 10110
3 1985 4319 10111
3 1984 10110 4319
3 224 7742 10112
3 801 4320 7742
3 1985 10112 4320
3 226 10113 7747
3 1984 4321 10113
3 801 7747 4321
3 82 10115 10114
3 1987 4322 10115
3 1986 10114 4322
3 225 7744 10116
3 802 4323 7744
3 1987 10116 4323
3 224 10117 7743
3 1986 4324 10117
3 802 7743 4324
3 83 10119 10118
3 1989 4325 10119
3 1988 10118 4325
3 229 7752 10120
3 803 4326 7752
3 1989 10120 4326
3 228 10121 7751
3 1988 4327 10121
3 803 7751 4327
3 84 10123 10122
3 1991 4328 10123
3 1990 10122 4328
3 227 7748 10124
3 804 4329 7748
3 1991 10124 4329
3 229 10125 7753
3 1990 4330 10125
3 804 7753 4330
3 85 10127 10126
3 1993 4331 10127
3 1992 10126 4331
3 228 7750 10128
3 805 4332 7750
3 1993 10128 4332
3 227 10129 7749
3 1992 4333 10129
3 805 7749 4333
3 86 10131 10130
3 1995 4334 10131
3 1994 10130 4334
3 232 7758 10132
3 806 4335 7758
3 1995 10132 4335
3 231 10133 7757
3 1994 4336 10133
3 806 7757 4336
3 87 10135 10134
3 1997 4337 10135
3 1996 10134 4337
3 230 7754 10136
3 807 4338 7754
3 1997 10136 4338
3 232 10137 7759
3 1996 4339 10137
3 807 7759 4339
3 88 10139 10138
3 1999 4340 10139
3 1998 10138 4340
3 231 7756 10140
3 808 4341 7756
3 1999 10140 4341
3 230 10141 7755
3 1998 4342 10141
3 808 7755 4342
3 89 10143 10142
3 2001 4343 10143
3 2000 10142 4343
3 235 7764 10144
3 809 4344 7764
3 2001 10144 4344
3 234 10145 7763
3 2000 4345 10145
3 809 7763 4345
3 90 10147 10146
3 2003 4346 10147
3 2002 10146 4346
3 233 7760 10148
3 810 4347 7760
3 2003 10148 4347
3 235 10149 7765
3 2002 4348 10149
3 810 7765 4348
3 91 10151 10150
3 2005 4349 10151
3 2004 10150 4349
3 234 7762 10152
3 811 4350 7762
3 2005 10152 4350
3 233 10153 7761
3 2004 4351 10153
3 811 7761 4351
3 92 10155 10154
3 2007 4352 10155
3 2006 10154 4352
3 238 7770 10156
3 812 4353 7770
3 2007 10156 4353
3 237 10157 7769
3 2006 4354 10157
3 812 7769 4354
3 93 10159 10158
3 2009 4355 10159
3 2008 10158 4355
3 236 7766 10160
3 813 4356 7766
3 2009 10160 4356
3 238 10161 7771
3 2008 4357 10161
3 813 7771 4357
3 94 10163 10162
3 2011 4358 10163
3 2010 10162 4358
3 237 7768 10164
3 814 4359 7768
3 2011 10164 4359
3 236 10165 7767
3 2010 4360 10165
3 814 7767 4360
3 95 10167 10166
3 2013 4361 10167
3 2012 10166 4361
3 241 7776 10168
3 815 4362 7776
3 2013 10168 4362
3 240 10169 7775
3 2012 4363 10169
3 815 7775 4363
3 96 10171 10170
3 2015 4364 10171
3 2014 10170 4364
3 239 7772 10172
3 816 4365 7772
3 2015 10172 4365
3 241 10173 7777
3 2014 4366 10173
3 816 7777 4366
3 97 10175 10174
3 2017 4367 10175
3 2016 10174 4367
3 240 7774 10176
3 817 4368 7774
3 2017 10176 4368
3 239 10177 7773
3 2016 4369 10177
3 817 7773 4369
3 98 10179 10178
3 2019 4370 10179
3 2018 10178 4370
3 244 7782 10180
3 818 4371 7782
3 2019 10180 4371
3 243 10181 7781
3 2018 4372 10181
3 818 7781 4372
3 99 10183 10182
3 2021 4373 10183
3 2020 10182 4373
3 242 7778 10184
3 819 4374 7778
3 2021 10184 4374
3 244 10185 7783
3 2020 4375 10185
3 819 7783 4375
3 100 10187 10186
3 2023 4376 10187
3 2022 10186 4376
3 243 7780 10188
3 820 4377 7780
3 2023 10188 4377
3 242 10189 7779
3 2022 4378 10189
3 820 7779 4378
3 101 10191 10190
3 2025 4379 10191
3 2024 10190 4379
3 247 7788 10192
3 821 4380 7788
3 2025 10192 4380
3 246 10193 7787
3 2024 4381 10193
3 821 7787 4381
3 102 10195 10194
3 2027 4382 10195
3 2026 10194 4382
3 245 7784 10196
3 822 4383 7784
3 2027 10196 4383
3 247 10197 7789
3 2026 4384 10197
3 822 7789 4384
3 103 10199 10198
3 2029 4385 10199
3 2028 10198 4385
3 246 7786 10200
3 823 4386 7786
3 2029 10200 4386
3 245 10201 7785
3 2028 4387 10201
3 823 7785 4387
3 104 10203 10202
3 2031 4388 10203
3 2030 10202 4388
3 250 7794 10204
3 824 4389 7794
3 2031 10204 4389
3 249 10205 7793
3 2030 4390 10205
3 824 7793 4390
3 105 10207 10206
3 2033 4391 10207
3 2032 10206 4391
3 248 7790 10208
3 825 4392 7790
3 2033 10208 4392
3 250 10209 7795
3 2032 4393 10209
3 825 7795 4393
3 106 10211 10210
3 2035 4394 10211
3 2034 10210 4394
3 249 7792 10212
3 826 4395 7792
3 2035 10212 4395
3 248 10213 7791
3 2034 4396 10213
3 826 7791 4396
3 107 10215 10214
3 2037 4397 10215
3 2036 10214 4397
3 253 7800 10216
3 827 4398 7800
3 2037 10216 4398
3 252 10217 7799
3 2036 4399 10217
3 827 7799 4399
3 108 10219 10218
3 2039 4400 10219
3 2038 10218 4400
3 251 7796 10220
3 828 4401 7796
3 2039 10220 4401
3 253 10221 7801
3 2038 4402 10221
3 828 7801 4402
3 109 10223 10222
3 2041 4403 10223
3 2040 10222 4403
3 252 7798 10224
3 829 4404 7798
3 2041 10224 4404
3 251 10225 7797
3 2040 4405 10225
3 829 7797 4405
3 110 10227 10226
3 2043 4406 10227
3 2042 10226 4406
3 256 7806 10228
3 830 4407 7806
3 2043 10228 4407
3 255 10229 7805
3 2042 4408 10229
3 830 7805 4408
3 111 10231 10230
3 2045 4409 10231
3 2044 10230 4409
3 254 7802 10232
3 831 4410 7802
3 2045 10232 4410
3 256 10233 7807
3 2044 4411 10233
3 831 7807 4411
3 112 10235 10234
3 2047 4412 10235
3 2046 10234 4412
3 255 7804 10236
3 832 4413 7804
3 2047 10236 4413
3 254 10237 7803
3 2046 4414 10237
3 832 7803 4414
3 113 10239 10238
3 2049 4415 10239
3 2048 10238 4415
3 259 7812 10240
3 833 4416 7812
3 2049 10240 4416
3 258 10241 7811
3 2048 4417 10241
3 833 7811 4417
3 114 10243 10242
3 2051 4418 10243
3 2050 10242 4418
3 257 7808 10244
3 834 4419 7808
3 2051 10244 4419
3 259 10245 7813
3 2050 4420 10245
3 834 7813 4420
3 115 10247 10246
3 2053 4421 10247
3 2052 10246 4421
3 258 7810 10248
3 835 4422 7810
3 2053 10248 4422
3 257 10249 7809
3 2052 4423 10249
3 835 7809 4423
3 116 10251 10250
3 2055 4424 10251
3 2054 10250 4424
3 262 7818 10252
3 836 4425 7818
3 2055 10252 4425
3 261 10253 7817
3 2054 4426 10253
3 836 7817 4426
3 117 10255 10254
3 2057 4427 10255
3 2056 10254 4427
3 260 7814 10256
3 837 4428 7814
3 2057 10256 4428
3 262 10257 7819
3 2056 4429 10257
3 837 7819 4429
3 118 10259 10258
3 2059 4430 10259
3 2058 10258 4430
3 261 7816 10260
3 838 4431 7816
3 2059 10260 4431
3 260 10261 7815
3 2058 4432 10261
3 838 7815 4432
3 119 10263 10262
3 2061 4433 10263
3 2060 10262 4433
3 265 7824 10264
3 839 4434 7824
3 2061 10264 4434
3 264 10265 7823
3 2060 4435 10265
3 839 7823 4435
3 120 10267 10266
3 2063 4436 10267
3 2062 10266 4436
3 263 7820 10268
3 840 4437 7820
3 2063 10268 4437
3 265 10269 7825
3 2062 4438 10269
3 840 7825 4438
3 121 10271 10270
3 2065 4439 10271
3 2064 10270 4439
3 264 7822 10272
3 841 4440 7822
3 2065 10272 4440
3 263 10273 7821
3 2064 4441 10273
3 841 7821 4441
3 50 10275 10274
3 2067 4442 10275
3 2066 10274 4442
3 268 7830 10276
3 842 4443 7830
3 2067 10276 4443
3 267 10277 7829
3 2066 4444 10277
3 842 7829 4444
3 122 10279 10278
3 2069 4445 10279
3 2068 10278 4445
3 266 7826 10280
3 843 4446 7826
3 2069 10280 4446
3 268 10281 7831
3 2068 4447 10281
3 843 7831 4447
3 123 10283 10282
3 2071 4448 10283
3 2070 10282 4448
3 267 7828 10284
3 844 4449 7828
3 2071 10284 4449
3 266 10285 7827
3 2070 4450 10285
3 844 7827 4450
3 51 10287 10286
3 2073 4451 10287
3 2072 10286 4451
3 271 7836 10288
3 845 4452 7836
3 2073 10288 4452
3 270 10289 7835
3 2072 4453 10289
3 845 7835 4453
3 124 10291 10290
3 2075 4454 10291
3 2074 10290 4454
3 269 7832 10292
3 846 4455 7832
3 2075 10292 4455
3 271 10293 7837
3 2074 4456 10293
3 846 7837 4456
3 125 10295 10294
3 2077 4457 10295
3 2076 10294 4457
3 270 7834 10296
3 847 4458 7834
3 2077 10296 4458
3 269 10297 7833
3 2076 4459 10297
3 847 7833 4459
3 52 10299 10298
3 2079 4460 10299
3 2078 10298 4460
3 274 7842 10300
3 848 4461 7842
3 2079 10300 4461
3 273 10301 7841
3 2078 4462 10301
3 848 7841 4462
3 126 10303 10302
3 2081 4463 10303
3 2080 10302 4463
3 272 7838 10304
3 849 4464 7838
3 2081 10304 4464
3 274 10305 7843
3 2080 4465 10305
3 849 7843 4465
3 127 10307 10306
3 2083 4466 10307
3 2082 10306 4466
3 273 7840 10308
3 850 4467 7840
3 2083 10308 4467
3 272 10309 7839
3 2082 4468 10309
3 850 7839 4468
3 53 10311 10310
3 2085 4469 10311
3 2084 10310 4469
3 277 7848 10312
3 851 4470 7848
3 2085 10312 4470
3 276 10313 7847
3 2084 4471 10313
3 851 7847 4471
3 128 10315 10314
3 2087 4472 10315
3 2086 10314 4472
3 275 7844 10316
3 852 4473 7844
3 2087 10316 4473
3 277 10317 7849
3 2086 4474 10317
3 852 7849 4474
3 122 10319 10318
3 2089 4475 10319
3 2088 10318 4475
3 276 7846 10320
3 853 4476 7846
3 2089 10320 4476
3 275 10321 7845
3 2088 4477 10321
3 853 7845 4477
3 54 10323 10322
3 2091 4478 10323
3 2090 10322 4478
3 280 7854 10324
3 854 4479 7854
3 2091 10324 4479
3 279 10325 7853
3 2090 4480 10325
3 854 7853 4480
3 127 10327 10326
3 2093 4481 10327
3 2092 10326 4481
3 278 7850 10328
3 855 4482 7850
3 2093 10328 4482
3 280 10329 7855
3 2092 4483 10329
3 855 7855 4483
3 129 10331 10330
3 2095 4484 10331
3 2094 10330 4484
3 279 7852 10332
3 856 4485 7852
3 2095 10332 4485
3 278 10333 7851
3 2094 4486 10333
3 856 7851 4486
3 55 10335 10334
3 2097 4487 10335
3 2096 10334 4487
3 283 7860 10336
3 857 4488 7860
3 2097 10336 4488
3 282 10337 7859
3 2096 4489 10337
3 857 7859 4489
3 130 10339 10338
3 2099 4490 10339
3 2098 10338 4490
3 281 7856 10340
3 858 4491 7856
3 2099 10340 4491
3 283 10341 7861
3 2098 4492 10341
3 858 7861 4492
3 131 10343 10342
3 2101 4493 10343
3 2100 10342 4493
3 282 7858 10344
3 859 4494 7858
3 2101 10344 4494
3 281 10345 7857
3 2100 4495 10345
3 859 7857 4495
3 56 10347 10346
3 2103 4496 10347
3 2102 10346 4496
3 286 7866 10348
3 860 4497 7866
3 2103 10348 4497
3 285 10349 7865
3 2102 4498 10349
3 860 7865 4498
3 132 10351 10350
3 2105 4499 10351
3 2104 10350 4499
3 284 7862 10352
3 861 4500 7862
3 2105 10352 4500
3 286 10353 7867
3 2104 4501 10353
3 861 7867 4501
3 128 10355 10354
3 2107 4502 10355
3 2106 10354 4502
3 285 7864 10356
3 862 4503 7864
3 2107 10356 4503
3 284 10357 7863
3 2106 4504 10357
3 862 7863 4504
3 57 10359 10358
3 2109 4505 10359
3 2108 10358 4505
3 289 7872 10360
3 863 4506 7872
3 2109 10360 4506
3 288 10361 7871
3 2108 4507 10361
3 863 7871 4507
3 131 10363 10362
3 2111 4508 10363
3 2110 10362 4508
3 287 7868 10364
3 864 4509 7868
3 2111 10364 4509
3 289 10365 7873
3 2110 4510 10365
3 864 7873 4510
3 133 10367 10366
3 2113 4511 10367
3 2112 10366 4511
3 288 7870 10368
3 865 4512 7870
3 2113 10368 4512
3 287 10369 7869
3 2112 4513 10369
3 865 7869 4513
3 58 10371 10370
3 2115 4514 10371
3 2114 10370 4514
3 292 7878 10372
3 866 4515 7878
3 2115 10372 4515
3 291 10373 7877
3 2114 4516 10373
3 866 7877 4516
3 134 10375 10374
3 2117 4517 10375
3 2116 10374 4517
3 290 7874 10376
3 867 4518 7874
3 2117 10376 4518
3 292 10377 7879
3 2116 4519 10377
3 867 7879 4519
3 135 10379 10378
3 2119 4520 10379
3 2118 10378 4520
3 291 7876 10380
3 868 4521 7876
3 2119 10380 4521
3 290 10381 7875
3 2118 4522 10381
3 868 7875 4522
3 59 10383 10382
3 2121 4523 10383
3 2120 10382 4523
3 295 7884 10384
3 869 4524 7884
3 2121 10384 4524
3 294 10385 7883
3 2120 4525 10385
3 869 7883 4525
3 123 10387 10386
3 2123 4526 10387
3 2122 10386 4526
3 293 7880 10388
3 870 4527 7880
3 2123 10388 4527
3 295 10389 7885
3 2122 4528 10389
3 870 7885 4528
3 132 10391 10390
3 2125 4529 10391
3 2124 10390 4529
3 294 7882 10392
3 871 4530 7882
3 2125 10392 4530
3 293 10393 7881
3 2124 4531 10393
3 871 7881 4531
3 60 10395 10394
3 2127 4532 10395
3 2126 10394 4532
3 298 7890 10396
3 872 4533 7890
3 2127 10396 4533
3 297 10397 7889
3 2126 4534 10397
3 872 7889 4534
3 135 10399 10398
3 2129 4535 10399
3 2128 10398 4535
3 296 7886 10400
3 873 4536 7886
3 2129 10400 4536
3 298 10401 7891
3 2128 4537 10401
3 873 7891 4537
3 136 10403 10402
3 2131 4538 10403
3 2130 10402 4538
3 297 7888 10404
3 874 4539 7888
3 2131 10404 4539
3 296 10405 7887
3 2130 4540 10405
3 874 7887 4540
3 61 10407 10406
3 2133 4541 10407
3 2132 10406 4541
3 301 7896 10408
3 875 4542 7896
3 2133 10408 4542
3 300 10409 7895
3 2132 4543 10409
3 875 7895 4543
3 137 10411 10410
3 2135 4544 10411
3 2134 10410 4544
3 299 7892 10412
3 876 4545 7892
3 2135 10412 4545
3 301 10413 7897
3 2134 4546 10413
3 876 7897 4546
3 124 10415 10414
3 2137 4547 10415
3 2136 10414 4547
3 300 7894 10416
3 877 4548 7894
3 2137 10416 4548
3 299 10417 7893
3 2136 4549 10417
3 877 7893 4549
3 62 10419 10418
3 2139 4550 10419
3 2138 10418 4550
3 304 7902 10420
3 878 4551 7902
3 2139 10420 4551
3 303 10421 7901
3 2138 4552 10421
3 878 7901 4552
3 138 10423 10422
3 2141 4553 10423
3 2140 10422 4553
3 302 7898 10424
3 879 4554 7898
3 2141 10424 4554
3 304 10425 7903
3 2140 4555 10425
3 879 7903 4555
3 139 10427 10426
3 2143 4556 10427
3 2142 10426 4556
3 303 7900 10428
3 880 4557 7900
3 2143 10428 4557
3 302 10429 7899
3 2142 4558 10429
3 880 7899 4558
3 63 10431 10430
3 2145 4559 10431
3 2144 10430 4559
3 307 7908 10432
3 881 4560 7908
3 2145 10432 4560
3 306 10433 7907
3 2144 4561 10433
3 881 7907 4561
3 140 10435 10434
3 2147 4562 10435
3 2146 10434 4562
3 305 7904 10436
3 882 4563 7904
3 2147 10436 4563
3 307 10437 7909
3 2146 4564 10437
3 882 7909 4564
3 141 10439 10438
3 2149 4565 10439
3 2148 10438 4565
3 306 7906 10440
3 883 4566 7906
3 2149 10440 4566
3 305 10441 7905
3 2148 4567 10441
3 883 7905 4567
3 64 10443 10442
3 2151 4568 10443
3 2150 10442 4568
3 310 7914 10444
3 884 4569 7914
3 2151 10444 4569
3 309 10445 7913
3 2150 4570 10445
3 884 7913 4570
3 142 10447 10446
3 2153 4571 10447
3 2152 10446 4571
3 308 7910 10448
3 885 4572 7910
3 2153 10448 4572
3 310 10449 7915
3 2152 4573 10449
3 885 7915 4573
3 143 10451 10450
3 2155 4574 10451
3 2154 10450 4574
3 309 7912 10452
3 886 4575 7912
3 2155 10452 4575
3 308 10453 7911
3 2154 4576 10453
3 886 7911 4576
3 65 10455 10454
3 2157 4577 10455
3 2156 10454 4577
3 313 7920 10456
3 887 4578 7920
3 2157 10456 4578
3 312 10457 7919
3 2156 4579 10457
3 887 7919 4579
3 144 10459 10458
3 2159 4580 10459
3 2158 10458 4580
3 311 7916 10460
3 888 4581 7916
3 2159 10460 4581
3 313 10461 7921
3 2158 4582 10461
3 888 7921 4582
3 138 10463 10462
3 2161 4583 10463
3 2160 10462 4583
3 312 7918 10464
3 889 4584 7918
3 2161 10464 4584
3 311 10465 7917
3 2160 4585 10465
3 889 7917 4585
3 66 10467 10466
3 2163 4586 10467
3 2162 10466 4586
3 316 7926 10468
3 890 4587 7926
3 2163 10468 4587
3 315 10469 7925
3 2162 4588 10469
3 890 7925 4588
3 143 10471 10470
3 2165 4589 10471
3 2164 10470 4589
3 314 7922 10472
3 891 4590 7922
3 2165 10472 4590
3 316 10473 7927
3 2164 4591 10473
3 891 7927 4591
3 145 10475 10474
3 2167 4592 10475
3 2166 10474 4592
3 315 7924 10476
3 892 4593 7924
3 2167 10476 4593
3 314 10477 7923
3 2166 4594 10477
3 892 7923 4594
3 67 10479 10478
3 2169 4595 10479
3 2168 10478 4595
3 319 7932 10480
3 893 4596 7932
3 2169 10480 4596
3 318 10481 7931
3 2168 4597 10481
3 893 7931 4597
3 146 10483 10482
3 2171 4598 10483
3 2170 10482 4598
3 317 7928 10484
3 894 4599 7928
3 2171 10484 4599
3 319 10485 7933
3 2170 4600 10485
3 894 7933 4600
3 147 10487 10486
3 2173 4601 10487
3 2172 10486 4601
3 318 7930 10488
3 895 4602 7930
3 2173 10488 4602
3 317 10489 7929
3 2172 4603 10489
3 895 7929 4603
3 68 10491 10490
3 2175 4604 10491
3 2174 10490 4604
3 322 7938 10492
3 896 4605 7938
3 2175 10492 4605
3 321 10493 7937
3 2174 4606 10493
3 896 7937 4606
3 148 10495 10494
3 2177 4607 10495
3 2176 10494 4607
3 320 7934 10496
3 897 4608 7934
3 2177 10496 4608
3 322 10497 7939
3 2176 4609 10497
3 897 7939 4609
3 144 10499 10498
3 2179 4610 10499
3 2178 10498 4610
3 321 7936 10500
3 898 4611 7936
3 2179 10500 4611
3 320 10501 7935
3 2178 4612 10501
3 898 7935 4612
3 69 10503 10502
3 2181 4613 10503
3 2180 10502 4613
3 325 7944 10504
3 899 4614 7944
3 2181 10504 4614
3 324 10505 7943
3 2180 4615 10505
3 899 7943 4615
3 147 10507 10506
3 2183 4616 10507
3 2182 10506 4616
3 323 7940 10508
3 900 4617 7940
3 2183 10508 4617
3 325 10509 7945
3 2182 4618 10509
3 900 7945 4618
3 134 10511 10510
3 2185 4619 10511
3 2184 10510 4619
3 324 7942 10512
3 901 4620 7942
3 2185 10512 4620
3 323 10513 7941
3 2184 4621 10513
3 901 7941 4621
3 70 10515 10514
3 2187 4622 10515
3 2186 10514 4622
3 328 7950 10516
3 902 4623 7950
3 2187 10516 4623
3 327 10517 7949
3 2186 4624 10517
3 902 7949 4624
3 133 10519 10518
3 2189 4625 10519
3 2188 10518 4625
3 326 7946 10520
3 903 4626 7946
3 2189 10520 4626
3 328 10521 7951
3 2188 4627 10521
3 903 7951 4627
3 149 10523 10522
3 2191 4628 10523
3 2190 10522 4628
3 327 7948 10524
3 904 4629 7948
3 2191 10524 4629
3 326 10525 7947
3 2190 4630 10525
3 904 7947 4630
3 71 10527 10526
3 2193 4631 10527
3 2192 10526 4631
3 331 7956 10528
3 905 4632 7956
3 2193 10528 4632
3 330 10529 7955
3 2192 4633 10529
3 905 7955 4633
3 139 10531 10530
3 2195 4634 10531
3 2194 10530 4634
3 329 7952 10532
3 906 4635 7952
3 2195 10532 4635
3 331 10533 7957
3 2194 4636 10533
3 906 7957 4636
3 148 10535 10534
3 2197 4637 10535
3 2196 10534 4637
3 330 7954 10536
3 907 4638 7954
3 2197 10536 4638
3 329 10537 7953
3 2196 4639 10537
3 907 7953 4639
3 72 10539 10538
3 2199 4640 10539
3 2198 10538 4640
3 334 7962 10540
3 908 4641 7962
3 2199 10540 4641
3 333 10541 7961
3 2198 4642 10541
3 908 7961 4642
3 149 10543 10542
3 2201 4643 10543
3 2200 10542 4643
3 332 7958 10544
3 909 4644 7958
3 2201 10544 4644
3 334 10545 7963
3 2200 4645 10545
3 909 7963 4645
3 150 10547 10546
3 2203 4646 10547
3 2202 10546 4646
3 333 7960 10548
3 910 4647 7960
3 2203 10548 4647
3 332 10549 7959
3 2202 4648 10549
3 910 7959 4648
3 73 10551 10550
3 2205 4649 10551
3 2204 10550 4649
3 337 7968 10552
3 911 4650 7968
3 2205 10552 4650
3 336 10553 7967
3 2204 4651 10553
3 911 7967 4651
3 151 10555 10554
3 2207 4652 10555
3 2206 10554 4652
3 335 7964 10556
3 912 4653 7964
3 2207 10556 4653
3 337 10557 7969
3 2206 4654 10557
3 912 7969 4654
3 140 10559 10558
3 2209 4655 10559
3 2208 10558 4655
3 336 7966 10560
3 913 4656 7966
3 2209 10560 4656
3 335 10561 7965
3 2208 4657 10561
3 913 7965 4657
3 74 10563 10562
3 2211 4658 10563
3 2210 10562 4658
3 340 7974 10564
3 914 4659 7974
3 2211 10564 4659
3 339 10565 7973
3 2210 4660 10565
3 914 7973 4660
3 152 10567 10566
3 2213 4661 10567
3 2212 10566 4661
3 338 7970 10568
3 915 4662 7970
3 2213 10568 4662
3 340 10569 7975
3 2212 4663 10569
3 915 7975 4663
3 153 10571 10570
3 2215 4664 10571
3 2214 10570 4664
3 339 7972 10572
3 916 4665 7972
3 2215 10572 4665
3 338 10573 7971
3 2214 4666 10573
3 916 7971 4666
3 75 10575 10574
3 2217 4667 10575
3 2216 10574 4667
3 343 7980 10576
3 917 4668 7980
3 2217 10576 4668
3 342 10577 7979
3 2216 4669 10577
3 917 7979 4669
3 154 10579 10578
3 2219 4670 10579
3 2218 10578 4670
3 341 7976 10580
3 918 4671 7976
3 2219 10580 4671
3 343 10581 7981
3 2218 4672 10581
3 918 7981 4672
3 142 10583 10582
3 2221 4673 10583
3 2220 10582 4673
3 342 7978 10584
3 919 4674 7978
3 2221 10584 4674
3 341 10585 7977
3 2220 4675 10585
3 919 7977 4675
3 76 10587 10586
3 2223 4676 10587
3 2222 10586 4676
3 346 7986 10588
3 920 4677 7986
3 2223 10588 4677
3 345 10589 7985
3 2222 4678 10589
3 920 7985 4678
3 141 10591 10590
3 2225 4679 10591
3 2224 10590 4679
3 344 7982 10592
3 921 4680 7982
3 2225 10592 4680
3 346 10593 7987
3 2224 4681 10593
3 921 7987 4681
3 155 10595 10594
3 2227 4682 10595
3 2226 10594 4682
3 345 7984 10596
3 922 4683 7984
3 2227 10596 4683
3 344 10597 7983
3 2226 4684 10597
3 922 7983 4684
3 77 10599 10598
3 2229 4685 10599
3 2228 10598 4685
3 349 7992 10600
3 923 4686 7992
3 2229 10600 4686
3 348 10601 7991
3 2228 4687 10601
3 923 7991 4687
3 156 10603 10602
3 2231 4688 10603
3 2230 10602 4688
3 347 7988 10604
3 924 4689 7988
3 2231 10604 4689
3 349 10605 7993
3 2230 4690 10605
3 924 7993 4690
3 152 10607 10606
3 2233 4691 10607
3 2232 10606 4691
3 348 7990 10608
3 925 4692 7990
3 2233 10608 4692
3 347 10609 7989
3 2232 4693 10609
3 925 7989 4693
3 78 10611 10610
3 2235 4694 10611
3 2234 10610 4694
3 352 7998 10612
3 926 4695 7998
3 2235 10612 4695
3 351 10613 7997
3 2234 4696 10613
3 926 7997 4696
3 155 10615 10614
3 2237 4697 10615
3 2236 10614 4697
3 350 7994 10616
3 927 4698 7994
3 2237 10616 4698
3 352 10617 7999
3 2236 4699 10617
3 927 7999 4699
3 157 10619 10618
3 2239 4700 10619
3 2238 10618 4700
3 351 7996 10620
3 928 4701 7996
3 2239 10620 4701
3 350 10621 7995
3 2238 4702 10621
3 928 7995 4702
3 79 10623 10622
3 2241 4703 10623
3 2240 10622 4703
3 355 8004 10624
3 929 4704 8004
3 2241 10624 4704
3 354 10625 8003
3 2240 4705 10625
3 929 8003 4705
3 158 10627 10626
3 2243 4706 10627
3 2242 10626 4706
3 353 8000 10628
3 930 4707 8000
3 2243 10628 4707
3 355 10629 8005
3 2242 4708 10629
3 930 8005 4708
3 159 10631 10630
3 2245 4709 10631
3 2244 10630 4709
3 354 8002 10632
3 931 4710 8002
3 2245 10632 4710
3 353 10633 8001
3 2244 4711 10633
3 931 8001 4711
3 80 10635 10634
3 2247 4712 10635
3 2246 10634 4712
3 358 8010 10636
3 932 4713 8010
3 2247 10636 4713
3 357 10637 8009
3 2246 4714 10637
3 932 8009 4714
3 160 10639 10638
3 2249 4715 10639
3 2248 10638 4715
3 356 8006 10640
3 933 4716 8006
3 2249 10640 4716
3 358 10641 8011
3 2248 4717 10641
3 933 8011 4717
3 156 10643 10642
3 2251 4718 10643
3 2250 10642 4718
3 357 8008 10644
3 934 4719 8008
3 2251 10644 4719
3 356 10645 8007
3 2250 4720 10645
3 934 8007 4720
3 81 10647 10646
3 2253 4721 10647
3 2252 10646 4721
3 361 8016 10648
3 935 4722 8016
3 2253 10648 4722
3 360 10649 8015
3 2252 4723 10649
3 935 8015 4723
3 159 10651 10650
3 2255 4724 10651
3 2254 10650 4724
3 359 8012 10652
3 936 4725 8012
3 2255 10652 4725
3 361 10653 8017
3 2254 4726 10653
3 936 8017 4726
3 161 10655 10654
3 2257 4727 10655
3 2256 10654 4727
3 360 8014 10656
3 937 4728 8014
3 2257 10656 4728
3 359 10657 8013
3 2256 4729 10657
3 937 8013 4729
3 82 10659 10658
3 2259 4730 10659
3 2258 10658 4730
3 364 8022 10660
3 938 4731 8022
3 2259 10660 4731
3 363 10661 8021
3 2258 4732 10661
3 938 8021 4732
3 162 10663 10662
3 2261 4733 10663
3 2260 10662 4733
3 362 8018 10664
3 939 4734 8018
3 2261 10664 4734
3 364 10665 8023
3 2260 4735 10665
3 939 8023 4735
3 163 10667 10666
3 2263 4736 10667
3 2262 10666 4736
3 363 8020 10668
3 940 4737 8020
3 2263 10668 4737
3 362 10669 8019
3 2262 4738 10669
3 940 8019 4738
3 83 10671 10670
3 2265 4739 10671
3 2264 10670 4739
3 367 8028 10672
3 941 4740 8028
3 2265 10672 4740
3 366 10673 8027
3 2264 4741 10673
3 941 8027 4741
3 153 10675 10674
3 2267 4742 10675
3 2266 10674 4742
3 365 8024 10676
3 942 4743 8024
3 2267 10676 4743
3 367 10677 8029
3 2266 4744 10677
3 942 8029 4744
3 160 10679 10678
3 2269 4745 10679
3 2268 10678 4745
3 366 8026 10680
3 943 4746 8026
3 2269 10680 4746
3 365 10681 8025
3 2268 4747 10681
3 943 8025 4747
3 84 10683 10682
3 2271 4748 10683
3 2270 10682 4748
3 370 8034 10684
3 944 4749 8034
3 2271 10684 4749
3 369 10685 8033
3 2270 4750 10685
3 944 8033 4750
3 163 10687 10686
3 2273 4751 10687
3 2272 10686 4751
3 368 8030 10688
3 945 4752 8030
3 2273 10688 4752
3 370 10689 8035
3 2272 4753 10689
3 945 8035 4753
3 164 10691 10690
3 2275 4754 10691
3 2274 10690 4754
3 369 8032 10692
3 946 4755 8032
3 2275 10692 4755
3 368 10693 8031
3 2274 4756 10693
3 946 8031 4756
3 85 10695 10694
3 2277 4757 10695
3 2276 10694 4757
3 373 8040 10696
3 947 4758 8040
3 2277 10696 4758
3 372 10697 8039
3 2276 4759 10697
3 947 8039 4759
3 165 10699 10698
3 2279 4760 10699
3 2278 10698 4760
3 371 8036 10700
3 948 4761 8036
3 2279 10700 4761
3 373 10701 8041
3 2278 4762 10701
3 948 8041 4762
3 154 10703 10702
3 2281 4763 10703
3 2280 10702 4763
3 372 8038 10704
3 949 4764 8038
3 2281 10704 4764
3 371 10705 8037
3 2280 4765 10705
3 949 8037 4765
3 86 10707 10706
3 2283 4766 10707
3 2282 10706 4766
3 376 8046 10708
3 950 4767 8046
3 2283 10708 4767
3 375 10709 8045
3 2282 4768 10709
3 950 8045 4768
3 166 10711 10710
3 2285 4769 10711
3 2284 10710 4769
3 374 8042 10712
3 951 4770 8042
3 2285 10712 4770
3 376 10713 8047
3 2284 4771 10713
3 951 8047 4771
3 167 10715 10714
3 2287 4772 10715
3 2286 10714 4772
3 375 8044 10716
3 952 4773 8044
3 2287 10716 4773
3 374 10717 8043
3 2286 4774 10717
3 952 8043 4774
3 87 10719 10718
3 2289 4775 10719
3 2288 10718 4775
3 379 8052 10720
3 953 4776 8052
3 2289 10720 4776
3 378 10721 8051
3 2288 4777 10721
3 953 8051 4777
3 168 10723 10722
3 2291 4778 10723
3 2290 10722 4778
3 377 8048 10724
3 954 4779 8048
3 2291 10724 4779
3 379 10725 8053
3 2290 4780 10725
3 954 8053 4780
3 126 10727 10726
3 2293 4781 10727
3 2292 10726 4781
3 378 8050 10728
3 955 4782 8050
3 2293 10728 4782
3 377 10729 8049
3 2292 4783 10729
3 955 8049 4783
3 88 10731 10730
3 2295 4784 10731
3 2294 10730 4784
3 382 8058 10732
3 956 4785 8058
3 2295 10732 4785
3 381 10733 8057
3 2294 4786 10733
3 956 8057 4786
3 125 10735 10734
3 2297 4787 10735
3 2296 10734 4787
3 380 8054 10736
3 957 4788 8054
3 2297 10736 4788
3 382 10737 8059
3 2296 4789 10737
3 957 8059 4789
3 169 10739 10738
3 2299 4790 10739
3 2298 10738 4790
3 381 8056 10740
3 958 4791 8056
3 2299 10740 4791
3 380 10741 8055
3 2298 4792 10741
3 958 8055 4792
3 89 10743 10742
3 2301 4793 10743
3 2300 10742 4793
3 385 8064 10744
3 959 4794 8064
3 2301 10744 4794
3 384 10745 8063
3 2300 4795 10745
3 959 8063 4795
3 170 10747 10746
3 2303 4796 10747
3 2302 10746 4796
3 383 8060 10748
3 960 4797 8060
3 2303 10748 4797
3 385 10749 8065
3 2302 4798 10749
3 960 8065 4798
3 166 10751 10750
3 2305 4799 10751
3 2304 10750 4799
3 384 8062 10752
3 961 4800 8062
3 2305 10752 4800
3 383 10753 8061
3 2304 4801 10753
3 961 8061 4801
3 90 10755 10754
3 2307 4802 10755
3 2306 10754 4802
3 388 8070 10756
3 962 4803 8070
3 2307 10756 4803
3 387 10757 8069
3 2306 4804 10757
3 962 8069 4804
3 169 10759 10758
3 2309 4805 10759
3 2308 10758 4805
3 386 8066 10760
3 963 4806 8066
3 2309 10760 4806
3 388 10761 8071
3 2308 4807 10761
3 963 8071 4807
3 171 10763 10762
3 2311 4808 10763
3 2310 10762 4808
3 387 8068 10764
3 964 4809 8068
3 2311 10764 4809
3 386 10765 8067
3 2310 4810 10765
3 964 8067 4810
3 91 10767 10766
3 2313 4811 10767
3 2312 10766 4811
3 391 8076 10768
3 965 4812 8076
3 2313 10768 4812
3 390 10769 8075
3 2312 4813 10769
3 965 8075 4813
3 172 10771 10770
3 2315 4814 10771
3 2314 10770 4814
3 389 8072 10772
3 966 4815 8072
3 2315 10772 4815
3 391 10773 8077
3 2314 4816 10773
3 966 8077 4816
3 173 10775 10774
3 2317 4817 10775
3 2316 10774 4817
3 390 8074 10776
3 967 4818 8074
3 2317 10776 4818
3 389 10777 8073
3 2316 4819 10777
3 967 8073 4819
3 92 10779 10778
3 2319 4820 10779
3 2318 10778 4820
3 394 8082 10780
3 968 4821 8082
3 2319 10780 4821
3 393 10781 8081
3 2318 4822 10781
3 968 8081 4822
3 174 10783 10782
3 2321 4823 10783
3 2320 10782 4823
3 392 8078 10784
3 969 4824 8078
3 2321 10784 4824
3 394 10785 8083
3 2320 4825 10785
3 969 8083 4825
3 170 10787 10786
3 2323 4826 10787
3 2322 10786 4826
3 393 8080 10788
3 970 4827 8080
3 2323 10788 4827
3 392 10789 8079
3 2322 4828 10789
3 970 8079 4828
3 93 10791 10790
3 2325 4829 10791
3 2324 10790 4829
3 397 8088 10792
3 971 4830 8088
3 2325 10792 4830
3 396 10793 8087
3 2324 4831 10793
3 971 8087 4831
3 173 10795 10794
3 2327 4832 10795
3 2326 10794 4832
3 395 8084 10796
3 972 4833 8084
3 2327 10796 4833
3 397 10797 8089
3 2326 4834 10797
3 972 8089 4834
3 162 10799 10798
3 2329 4835 10799
3 2328 10798 4835
3 396 8086 10800
3 973 4836 8086
3 2329 10800 4836
3 395 10801 8085
3 2328 4837 10801
3 973 8085 4837
3 94 10803 10802
3 2331 4838 10803
3 2330 10802 4838
3 400 8094 10804
3 974 4839 8094
3 2331 10804 4839
3 399 10805 8093
3 2330 4840 10805
3 974 8093 4840
3 161 10807 10806
3 2333 4841 10807
3 2332 10806 4841
3 398 8090 10808
3 975 4842 8090
3 2333 10808 4842
3 400 10809 8095
3 2332 4843 10809
3 975 8095 4843
3 175 10811 10810
3 2335 4844 10811
3 2334 10810 4844
3 399 8092 10812
3 976 4845 8092
3 2335 10812 4845
3 398 10813 8091
3 2334 4846 10813
3 976 8091 4846
3 95 10815 10814
3 2337 4847 10815
3 2336 10814 4847
3 403 8100 10816
3 977 4848 8100
3 2337 10816 4848
3 402 10817 8099
3 2336 4849 10817
3 977 8099 4849
3 167 10819 10818
3 2339 4850 10819
3 2338 10818 4850
3 401 8096 10820
3 978 4851 8096
3 2339 10820 4851
3 403 10821 8101
3 2338 4852 10821
3 978 8101 4852
3 174 10823 10822
3 2341 4853 10823
3 2340 10822 4853
3 402 8098 10824
3 979 4854 8098
3 2341 10824 4854
3 401 10825 8097
3 2340 4855 10825
3 979 8097 4855
3 96 10827 10826
3 2343 4856 10827
3 2342 10826 4856
3 406 8106 10828
3 980 4857 8106
3 2343 10828 4857
3 405 10829 8105
3 2342 4858 10829
3 980 8105 4858
3 175 10831 10830
3 2345 4859 10831
3 2344 10830 4859
3 404 8102 10832
3 981 4860 8102
3 2345 10832 4860
3 406 10833 8107
3 2344 4861 10833
3 981 8107 4861
3 176 10835 10834
3 2347 4862 10835
3 2346 10834 4862
3 405 8104 10836
3 982 4863 8104
3 2347 10836 4863
3 404 10837 8103
3 2346 4864 10837
3 982 8103 4864
3 97 10839 10838
3 2349 4865 10839
3 2348 10838 4865
3 409 8112 10840
3 983 4866 8112
3 2349 10840 4866
3 408 10841 8111
3 2348 4867 10841
3 983 8111 4867
3 177 10843 10842
3 2351 4868 10843
3 2350 10842 4868
3 407 8108 10844
3 984 4869 8108
3 2351 10844 4869
3 409 10845 8113
3 2350 4870 10845
3 984 8113 4870
3 168 10847 10846
3 2353 4871 10847
3 2352 10846 4871
3 408 8110 10848
3 985 4872 8110
3 2353 10848 4872
3 407 10849 8109
3 2352 4873 10849
3 985 8109 4873
3 98 10851 10850
3 2355 4874 10851
3 2354 10850 4874
3 412 8118 10852
3 986 4875 8118
3 2355 10852 4875
3 411 10853 8117
3 2354 4876 10853
3 986 8117 4876
3 178 10855 10854
3 2357 4877 10855
3 2356 10854 4877
3 410 8114 10856
3 987 4878 8114
3 2357 10856 4878
3 412 10857 8119
3 2356 4879 10857
3 987 8119 4879
3 179 10859 10858
3 2359 4880 10859
3 2358 10858 4880
3 411 8116 10860
3 988 4881 8116
3 2359 10860 4881
3 410 10861 8115
3 2358 4882 10861
3 988 8115 4882
3 99 10863 10862
3 2361 4883 10863
3 2360 10862 4883
3 415 8124 10864
3 989 4884 8124
3 2361 10864 4884
3 414 10865 8123
3 2360 4885 10865
3 989 8123 4885
3 180 10867 10866
3 2363 4886 10867
3 2362 10866 4886
3 413 8120 10868
3 990 4887 8120
3 2363 10868 4887
3 415 10869 8125
3 2362 4888 10869
3 990 8125 4888
3 158 10871 10870
3 2365 4889 10871
3 2364 10870 4889
3 414 8122 10872
3 991 4890 8122
3 2365 10872 4890
3 413 10873 8121
3 2364 4891 10873
3 991 8121 4891
3 100 10875 10874
3 2367 4892 10875
3 2366 10874 4892
3 418 8130 10876
3 992 4893 8130
3 2367 10876 4893
3 417 10877 8129
3 2366 4894 10877
3 992 8129 4894
3 157 10879 10878
3 2369 4895 10879
3 2368 10878 4895
3 416 8126 10880
3 993 4896 8126
3 2369 10880 4896
3 418 10881 8131
3 2368 4897 10881
3 993 8131 4897
3 181 10883 10882
3 2371 4898 10883
3 2370 10882 4898
3 417 8128 10884
3 994 4899 8128
3 2371 10884 4899
3 416 10885 8127
3 2370 4900 10885
3 994 8127 4900
3 101 10887 10886
3 2373 4901 10887
3 2372 10886 4901
3 421 8136 10888
3 995 4902 8136
3 2373 10888 4902
3 420 10889 8135
3 2372 4903 10889
3 995 8135 4903
3 182 10891 10890
3 2375 4904 10891
3 2374 10890 4904
3 419 8132 10892
3 996 4905 8132
3 2375 10892 4905
3 421 10893 8137
3 2374 4906 10893
3 996 8137 4906
3 178 10895 10894
3 2377 4907 10895
3 2376 10894 4907
3 420 8134 10896
3 997 4908 8134
3 2377 10896 4908
3 419 10897 8133
3 2376 4909 10897
3 997 8133 4909
3 102 10899 10898
3 2379 4910 10899
3 2378 10898 4910
3 424 8142 10900
3 998 4911 8142
3 2379 10900 4911
3 423 10901 8141
3 2378 4912 10901
3 998 8141 4912
3 181 10903 10902
3 2381 4913 10903
3 2380 10902 4913
3 422 8138 10904
3 999 4914 8138
3 2381 10904 4914
3 424 10905 8143
3 2380 4915 10905
3 999 8143 4915
3 151 10907 10906
3 2383 4916 10907
3 2382 10906 4916
3 423 8140 10908
3 1000 4917 8140
3 2383 10908 4917
3 422 10909 8139
3 2382 4918 10909
3 1000 8139 4918
3 103 10911 10910
3 2385 4919 10911
3 2384 10910 4919
3 427 8148 10912
3 1001 4920 8148
3 2385 10912 4920
3 426 10913 8147
3 2384 4921 10913
3 1001 8147 4921
3 150 10915 10914
3 2387 4922 10915
3 2386 10914 4922
3 425 8144 10916
3 1002 4923 8144
3 2387 10916 4923
3 427 10917 8149
3 2386 4924 10917
3 1002 8149 4924
3 183 10919 10918
3 2389 4925 10919
3 2388 10918 4925
3 426 8146 10920
3 1003 4926 8146
3 2389 10920 4926
3 425 10921 8145
3 2388 4927 10921
3 1003 8145 4927
3 104 10923 10922
3 2391 4928 10923
3 2390 10922 4928
3 430 8154 10924
3 1004 4929 8154
3 2391 10924 4929
3 429 10925 8153
3 2390 4930 10925
3 1004 8153 4930
3 184 10927 10926
3 2393 4931 10927
3 2392 10926 4931
3 428 8150 10928
3 1005 4932 8150
3 2393 10928 4932
3 430 10929 8155
3 2392 4933 10929
3 1005 8155 4933
3 182 10931 10930
3 2395 4934 10931
3 2394 10930 4934
3 429 8152 10932
3 1006 4935 8152
3 2395 10932 4935
3 428 10933 8151
3 2394 4936 10933
3 1006 8151 4936
3 105 10935 10934
3 2397 4937 10935
3 2396 10934 4937
3 433 8160 10936
3 1007 4938 8160
3 2397 10936 4938
3 432 10937 8159
3 2396 4939 10937
3 1007 8159 4939
3 183 10939 10938
3 2399 4940 10939
3 2398 10938 4940
3 431 8156 10940
3 1008 4941 8156
3 2399 10940 4941
3 433 10941 8161
3 2398 4942 10941
3 1008 8161 4942
3 130 10943 10942
3 2401 4943 10943
3 2400 10942 4943
3 432 8158 10944
3 1009 4944 8158
3 2401 10944 4944
3 431 10945 8157
3 2400 4945 10945
3 1009 8157 4945
3 106 10947 10946
3 2403 4946 10947
3 2402 10946 4946
3 436 8166 10948
3 1010 4947 8166
3 2403 10948 4947
3 435 10949 8165
3 2402 4948 10949
3 1010 8165 4948
3 129 10951 10950
3 2405 4949 10951
3 2404 10950 4949
3 434 8162 10952
3 1011 4950 8162
3 2405 10952 4950
3 436 10953 8167
3 2404 4951 10953
3 1011 8167 4951
3 185 10955 10954
3 2407 4952 10955
3 2406 10954 4952
3 435 8164 10956
3 1012 4953 8164
3 2407 10956 4953
3 434 10957 8163
3 2406 4954 10957
3 1012 8163 4954
3 107 10959 10958
3 2409 4955 10959
3 2408 10958 4955
3 439 8172 10960
3 1013 4956 8172
3 2409 10960 4956
3 438 10961 8171
3 2408 4957 10961
3 1013 8171 4957
3 179 10963 10962
3 2411 4958 10963
3 2410 10962 4958
3 437 8168 10964
3 1014 4959 8168
3 2411 10964 4959
3 439 10965 8173
3 2410 4960 10965
3 1014 8173 4960
3 184 10967 10966
3 2413 4961 10967
3 2412 10966 4961
3 438 8170 10968
3 1015 4962 8170
3 2413 10968 4962
3 437 10969 8169
3 2412 4963 10969
3 1015 8169 4963
3 108 10971 10970
3 2415 4964 10971
3 2414 10970 4964
3 442 8178 10972
3 1016 4965 8178
3 2415 10972 4965
3 441 10973 8177
3 2414 4966 10973
3 1016 8177 4966
3 185 10975 10974
3 2417 4967 10975
3 2416 10974 4967
3 440 8174 10976
3 1017 4968 8174
3 2417 10976 4968
3 442 10977 8179
3 2416 4969 10977
3 1017 8179 4969
3 177 10979 10978
3 2419 4970 10979
3 2418 10978 4970
3 441 8176 10980
3 1018 4971 8176
3 2419 10980 4971
3 440 10981 8175
3 2418 4972 10981
3 1018 8175 4972
3 109 10983 10982
3 2421 4973 10983
3 2420 10982 4973
3 445 8184 10984
3 1019 4974 8184
3 2421 10984 4974
3 444 10985 8183
3 2420 4975 10985
3 1019 8183 4975
3 176 10987 10986
3 2423 4976 10987
3 2422 10986 4976
3 443 8180 10988
3 1020 4977 8180
3 2423 10988 4977
3 445 10989 8185
3 2422 4978 10989
3 1020 8185 4978
3 180 10991 10990
3 2425 4979 10991
3 2424 10990 4979
3 444 8182 10992
3 1021 4980 8182
3 2425 10992 4980
3 443 10993 8181
3 2424 4981 10993
3 1021 8181 4981
3 110 10995 10994
3 2427 4982 10995
3 2426 10994 4982
3 448 8190 10996
3 1022 4983 8190
3 2427 10996 4983
3 447 10997 8189
3 2426 4984 10997
3 1022 8189 4984
3 186 10999 10998
3 2429 4985 10999
3 2428 10998 4985
3 446 8186 11000
3 1023 4986 8186
3 2429 11000 4986
3 448 11001 8191
3 2428 4987 11001
3 1023 8191 4987
3 187 11003 11002
3 2431 4988 11003
3 2430 11002 4988
3 447 8188 11004
3 1024 4989 8188
3 2431 11004 4989
3 446 11005 8187
3 2430 4990 11005
3 1024 8187 4990
3 111 11007 11006
3 2433 4991 11007
3 2432 11006 4991
3 451 8196 11008
3 1025 4992 8196
3 2433 11008 4992
3 450 11009 8195
3 2432 4993 11009
3 1025 8195 4993
3 188 11011 11010
3 2435 4994 11011
3 2434 11010 4994
3 449 8192 11012
3 1026 4995 8192
3 2435 11012 4995
3 451 11013 8197
3 2434 4996 11013
3 1026 8197 4996
3 137 11015 11014
3 2437 4997 11015
3 2436 11014 4997
3 450 8194 11016
3 1027 4998 8194
3 2437 11016 4998
3 449 11017 8193
3 2436 4999 11017
3 1027 8193 4999
3 112 11019 11018
3 2439 5000 11019
3 2438 11018 5000
3 454 8202 11020
3 1028 5001 8202
3 2439 11020 5001
3 453 11021 8201
3 2438 5002 11021
3 1028 8201 5002
3 136 11023 11022
3 2441 5003 11023
3 2440 11022 5003
3 452 8198 11024
3 1029 5004 8198
3 2441 11024 5004
3 454 11025 8203
3 2440 5005 11025
3 1029 8203 5005
3 189 11027 11026
3 2443 5006 11027
3 2442 11026 5006
3 453 8200 11028
3 1030 5007 8200
3 2443 11028 5007
3 452 11029 8199
3 2442 5008 11029
3 1030 8199 5008
3 113 11031 11030
3 2445 5009 11031
3 2444 11030 5009
3 457 8208 11032
3 1031 5010 8208
3 2445 11032 5010
3 456 11033 8207
3 2444 5011 11033
3 1031 8207 5011
3 190 11035 11034
3 2447 5012 11035
3 2446 11034 5012
3 455 8204 11036
3 1032 5013 8204
3 2447 11036 5013
3 457 11037 8209
3 2446 5014 11037
3 1032 8209 5014
3 186 11039 11038
3 2449 5015 11039
3 2448 11038 5015
3 456 8206 11040
3 1033 5016 8206
3 2449 11040 5016
3 455 11041 8205
3 2448 5017 11041
3 1033 8205 5017
3 114 11043 11042
3 2451 5018 11043
3 2450 11042 5018
3 460 8214 11044
3 1034 5019 8214
3 2451 11044 5019
3 459 11045 8213
3 2450 5020 11045
3 1034 8213 5020
3 189 11047 11046
3 2453 5021 11047
3 2452 11046 5021
3 458 8210 11048
3 1035 5022 8210
3 2453 11048 5022
3 460 11049 8215
3 2452 5023 11049
3 1035 8215 5023
3 146 11051 11050
3 2455 5024 11051
3 2454 11050 5024
3 459 8212 11052
3 1036 5025 8212
3 2455 11052 5025
3 458 11053 8211
3 2454 5026 11053
3 1036 8211 5026
3 115 11055 11054
3 2457 5027 11055
3 2456 11054 5027
3 463 8220 11056
3 1037 5028 8220
3 2457 11056 5028
3 462 11057 8219
3 2456 5029 11057
3 1037 8219 5029
3 145 11059 11058
3 2459 5030 11059
3 2458 11058 5030
3 461 8216 11060
3 1038 5031 8216
3 2459 11060 5031
3 463 11061 8221
3 2458 5032 11061
3 1038 8221 5032
3 191 11063 11062
3 2461 5033 11063
3 2460 11062 5033
3 462 8218 11064
3 1039 5034 8218
3 2461 11064 5034
3 461 11065 8217
3 2460 5035 11065
3 1039 8217 5035
3 116 11067 11066
3 2463 5036 11067
3 2462 11066 5036
3 466 8226 11068
3 1040 5037 8226
3 2463 11068 5037
3 465 11069 8225
3 2462 5038 11069
3 1040 8225 5038
3 192 11071 11070
3 2465 5039 11071
3 2464 11070 5039
3 464 8222 11072
3 1041 5040 8222
3 2465 11072 5040
3 466 11073 8227
3 2464 5041 11073
3 1041 8227 5041
3 190 11075 11074
3 2467 5042 11075
3 2466 11074 5042
3 465 8224 11076
3 1042 5043 8224
3 2467 11076 5043
3 464 11077 8223
3 2466 5044 11077
3 1042 8223 5044
3 117 11079 11078
3 2469 5045 11079
3 2468 11078 5045
3 469 8232 11080
3 1043 5046 8232
3 2469 11080 5046
3 468 11081 8231
3 2468 5047 11081
3 1043 8231 5047
3 191 11083 11082
3 2471 5048 11083
3 2470 11082 5048
3 467 8228 11084
3 1044 5049 8228
3 2471 11084 5049
3 469 11085 8233
3 2470 5050 11085
3 1044 8233 5050
3 165 11087 11086
3 2473 5051 11087
3 2472 11086 5051
3 468 8230 11088
3 1045 5052 8230
3 2473 11088 5052
3 467 11089 8229
3 2472 5053 11089
3 1045 8229 5053
3 118 11091 11090
3 2475 5054 11091
3 2474 11090 5054
3 472 8238 11092
3 1046 5055 8238
3 2475 11092 5055
3 471 11093 8237
3 2474 5056 11093
3 1046 8237 5056
3 164 11095 11094
3 2477 5057 11095
3 2476 11094 5057
3 470 8234 11096
3 1047 5058 8234
3 2477 11096 5058
3 472 11097 8239
3 2476 5059 11097
3 1047 8239 5059
3 193 11099 11098
3 2479 5060 11099
3 2478 11098 5060
3 471 8236 11100
3 1048 5061 8236
3 2479 11100 5061
3 470 11101 8235
3 2478 5062 11101
3 1048 8235 5062
3 119 11103 11102
3 2481 5063 11103
3 2480 11102 5063
3 475 8244 11104
3 1049 5064 8244
3 2481 11104 5064
3 474 11105 8243
3 2480 5065 11105
3 1049 8243 5065
3 187 11107 11106
3 2483 5066 11107
3 2482 11106 5066
3 473 8240 11108
3 1050 5067 8240
3 2483 11108 5067
3 475 11109 8245
3 2482 5068 11109
3 1050 8245 5068
3 192 11111 11110
3 2485 5069 11111
3 2484 11110 5069
3 474 8242 11112
3 1051 5070 8242
3 2485 11112 5070
3 473 11113 8241
3 2484 5071 11113
3 1051 8241 5071
3 120 11115 11114
3 2487 5072 11115
3 2486 11114 5072
3 478 8250 11116
3 1052 5073 8250
3 2487 11116 5073
3 477 11117 8249
3 2486 5074 11117
3 1052 8249 5074
3 193 11119 11118
3 2489 5075 11119
3 2488 11118 5075
3 476 8246 11120
3 1053 5076 8246
3 2489 11120 5076
3 478 11121 8251
3 2488 5077 11121
3 1053 8251 5077
3 172 11123 11122
3 2491 5078 11123
3 2490 11122 5078
3 477 8248 11124
3 1054 5079 8248
3 2491 11124 5079
3 476 11125 8247
3 2490 5080 11125
3 1054 8247 5080
3 121 11127 11126
3 2493 5081 11127
3 2492 11126 5081
3 481 8256 11128
3 1055 5082 8256
3 2493 11128 5082
3 480 11129 8255
3 2492 5083 11129
3 1055 8255 5083
3 171 11131 11130
3 2495 5084 11131
3 2494 11130 5084
3 479 8252 11132
3 1056 5085 8252
3 2495 11132 5085
3 481 11133 8257
3 2494 5086 11133
3 1056 8257 5086
3 188 11135 11134
3 2497 5087 11135
3 2496 11134 5087
3 480 8254 11136
3 1057 5088 8254
3 2497 11136 5088
3 479 11137 8253
3 2496 5089 11137
3 1057 8253 5089
3 14 11139 11138
3 2499 5090 11139
3 2498 11138 5090
3 483 8262 11140
3 1058 5091 8262
3 2499 11140 5091
3 482 11141 8261
3 2498 5092 11141
3 1058 8261 5092
3 52 9994 11142
3 1926 5093 9994
3 2500 11142 5093
3 194 8258 9997
3 1059 5094 8258
3 1926 9997 5094
3 483 11143 8263
3 2500 5095 11143
3 1059 8263 5095
3 51 11144 9991
3 2501 5096 11144
3 1925 9991 5096
3 482 8260 11145
3 1060 5097 8260
3 2501 11145 5097
3 194 9992 8259
3 1925 5098 9992
3 1060 8259 5098
3 15 11147 11146
3 2503 5099 11147
3 2502 11146 5099
3 485 8268 11148
3 1061 5100 8268
3 2503 11148 5100
3 484 11149 8267
3 2502 5101 11149
3 1061 8267 5101
3 50 9986 11150
3 1922 5102 9986
3 2504 11150 5102
3 195 8264 9989
3 1062 5103 8264
3 1922 9989 5103
3 485 11151 8269
3 2504 5104 11151
3 1062 8269 5104
3 52 11152 9995
3 2505 5105 11152
3 1927 9995 5105
3 484 8266 11153
3 1063 5106 8266
3 2505 11153 5106
3 195 9996 8265
3 1927 5107 9996
3 1063 8265 5107
3 16 11155 11154
3 2507 5108 11155
3 2506 11154 5108
3 487 8274 11156
3 1064 5109 8274
3 2507 11156 5109
3 486 11157 8273
3 2506 5110 11157
3 1064 8273 5110
3 51 9990 11158
3 1924 5111 9990
3 2508 11158 5111
3 196 8270 9993
3 1065 5112 8270
3 1924 9993 5112
3 487 11159 8275
3 2508 5113 11159
3 1065 8275 5113
3 50 11160 9987
3 2509 5114 11160
3 1923 9987 5114
3 486 8272 11161
3 1066 5115 8272
3 2509 11161 5115
3 196 9988 8271
3 1923 5116 9988
3 1066 8271 5116
3 17 11163 11162
3 2511 5117 11163
3 2510 11162 5117
3 489 8280 11164
3 1067 5118 8280
3 2511 11164 5118
3 488 11165 8279
3 2510 5119 11165
3 1067 8279 5119
3 55 10006 11166
3 1932 5120 10006
3 2512 11166 5120
3 197 8276 10009
3 1068 5121 8276
3 1932 10009 5121
3 489 11167 8281
3 2512 5122 11167
3 1068 8281 5122
3 54 11168 10003
3 2513 5123 11168
3 1931 10003 5123
3 488 8278 11169
3 1069 5124 8278
3 2513 11169 5124
3 197 10004 8277
3 1931 5125 10004
3 1069 8277 5125
3 18 11171 11170
3 2515 5126 11171
3 2514 11170 5126
3 491 8286 11172
3 1070 5127 8286
3 2515 11172 5127
3 490 11173 8285
3 2514 5128 11173
3 1070 8285 5128
3 53 9998 11174
3 1928 5129 9998
3 2516 11174 5129
3 198 8282 10001
3 1071 5130 8282
3 1928 10001 5130
3 491 11175 8287
3 2516 5131 11175
3 1071 8287 5131
3 55 11176 10007
3 2517 5132 11176
3 1933 10007 5132
3 490 8284 11177
3 1072 5133 8284
3 2517 11177 5133
3 198 10008 8283
3 1933 5134 10008
3 1072 8283 5134
3 15 11179 11178
3 2519 5135 11179
3 2518 11178 5135
3 493 8292 11180
3 1073 5136 8292
3 2519 11180 5136
3 492 11181 8291
3 2518 5137 11181
3 1073 8291 5137
3 54 10002 11182
3 1930 5138 10002
3 2520 11182 5138
3 199 8288 10005
3 1074 5139 8288
3 1930 10005 5139
3 493 11183 8293
3 2520 5140 11183
3 1074 8293 5140
3 53 11184 9999
3 2521 5141 11184
3 1929 9999 5141
3 492 8290 11185
3 1075 5142 8290
3 2521 11185 5142
3 199 10000 8289
3 1929 5143 10000
3 1075 8289 5143
3 19 11187 11186
3 2523 5144 11187
3 2522 11186 5144
3 495 8298 11188
3 1076 5145 8298
3 2523 11188 5145
3 494 11189 8297
3 2522 5146 11189
3 1076 8297 5146
3 58 10018 11190
3 1938 5147 10018
3 2524 11190 5147
3 200 8294 10021
3 1077 5148 8294
3 1938 10021 5148
3 495 11191 8299
3 2524 5149 11191
3 1077 8299 5149
3 57 11192 10015
3 2525 5150 11192
3 1937 10015 5150
3 494 8296 11193
3 1078 5151 8296
3 2525 11193 5151
3 200 10016 8295
3 1937 5152 10016
3 1078 8295 5152
3 20 11195 11194
3 2527 5153 11195
3 2526 11194 5153
3 497 8304 11196
3 1079 5154 8304
3 2527 11196 5154
3 496 11197 8303
3 2526 5155 11197
3 1079 8303 5155
3 56 10010 11198
3 1934 5156 10010
3 2528 11198 5156
3 201 8300 10013
3 1080 5157 8300
3 1934 10013 5157
3 497 11199 8305
3 2528 5158 11199
3 1080 8305 5158
3 58 11200 10019
3 2529 5159 11200
3 1939 10019 5159
3 496 8302 11201
3 1081 5160 8302
3 2529 11201 5160
3 201 10020 8301
3 1939 5161 10020
3 1081 8301 5161
3 18 11203 11202
3 2531 5162 11203
3 2530 11202 5162
3 499 8310 11204
3 1082 5163 8310
3 2531 11204 5163
3 498 11205 8309
3 2530 5164 11205
3 1082 8309 5164
3 57 10014 11206
3 1936 5165 10014
3 2532 11206 5165
3 202 8306 10017
3 1083 5166 8306
3 1936 10017 5166
3 499 11207 8311
3 2532 5167 11207
3 1083 8311 5167
3 56 11208 10011
3 2533 5168 11208
3 1935 10011 5168
3 498 8308 11209
3 1084 5169 8308
3 2533 11209 5169
3 202 10012 8307
3 1935 5170 10012
3 1084 8307 5170
3 21 11211 11210
3 2535 5171 11211
3 2534 11210 5171
3 501 8316 11212
3 1085 5172 8316
3 2535 11212 5172
3 500 11213 8315
3 2534 5173 11213
3 1085 8315 5173
3 61 10030 11214
3 1944 5174 10030
3 2536 11214 5174
3 203 8312 10033
3 1086 5175 8312
3 1944 10033 5175
3 501 11215 8317
3 2536 5176 11215
3 1086 8317 5176
3 60 11216 10027
3 2537 5177 11216
3 1943 10027 5177
3 500 8314 11217
3 1087 5178 8314
3 2537 11217 5178
3 203 10028 8313
3 1943 5179 10028
3 1087 8313 5179
3 16 11219 11218
3 2539 5180 11219
3 2538 11218 5180
3 503 8322 11220
3 1088 5181 8322
3 2539 11220 5181
3 502 11221 8321
3 2538 5182 11221
3 1088 8321 5182
3 59 10022 11222
3 1940 5183 10022
3 2540 11222 5183
3 204 8318 10025
3 1089 5184 8318
3 1940 10025 5184
3 503 11223 8323
3 2540 5185 11223
3 1089 8323 5185
3 61 11224 10031
3 2541 5186 11224
3 1945 10031 5186
3 502 8320 11225
3 1090 5187 8320
3 2541 11225 5187
3 204 10032 8319
3 1945 5188 10032
3 1090 8319 5188
3 20 11227 11226
3 2543 5189 11227
3 2542 11226 5189
3 505 8328 11228
3 1091 5190 8328
3 2543 11228 5190
3 504 11229 8327
3 2542 5191 11229
3 1091 8327 5191
3 60 10026 11230
3 1942 5192 10026
3 2544 11230 5192
3 205 8324 10029
3 1092 5193 8324
3 1942 10029 5193
3 505 11231 8329
3 2544 5194 11231
3 1092 8329 5194
3 59 11232 10023
3 2545 5195 11232
3 1941 10023 5195
3 504 8326 11233
3 1093 5196 8326
3 2545 11233 5196
3 205 10024 8325
3 1941 5197 10024
3 1093 8325 5197
3 22 11235 11234
3 2547 5198 11235
3 2546 11234 5198
3 507 8334 11236
3 1094 5199 8334
3 2547 11236 5199
3 506 11237 8333
3 2546 5200 11237
3 1094 8333 5200
3 64 10042 11238
3 1950 5201 10042
3 2548 11238 5201
3 206 8330 10045
3 1095 5202 8330
3 1950 10045 5202
3 507 11239 8335
3 2548 5203 11239
3 1095 8335 5203
3 63 11240 10039
3 2549 5204 11240
3 1949 10039 5204
3 506 8332 11241
3 1096 5205 8332
3 2549 11241 5205
3 206 10040 8331
3 1949 5206 10040
3 1096 8331 5206
3 23 11243 11242
3 2551 5207 11243
3 2550 11242 5207
3 509 8340 11244
3 1097 5208 8340
3 2551 11244 5208
3 508 11245 8339
3 2550 5209 11245
3 1097 8339 5209
3 62 10034 11246
3 1946 5210 10034
3 2552 11246 5210
3 207 8336 10037
3 1098 5211 8336
3 1946 10037 5211
3 509 11247 8341
3 2552 5212 11247
3 1098 8341 5212
3 64 11248 10043
3 2553 5213 11248
3 1951 10043 5213
3 508 8338 11249
3 1099 5214 8338
3 2553 11249 5214
3 207 10044 8337
3 1951 5215 10044
3 1099 8337 5215
3 24 11251 11250
3 2555 5216 11251
3 2554 11250 5216
3 511 8346 11252
3 1100 5217 8346
3 2555 11252 5217
3 510 11253 8345
3 2554 5218 11253
3 1100 8345 5218
3 63 10038 11254
3 1948 5219 10038
3 2556 11254 5219
3 208 8342 10041
3 1101 5220 8342
3 1948 10041 5220
3 511 11255 8347
3 2556 5221 11255
3 1101 8347 5221
3 62 11256 10035
3 2557 5222 11256
3 1947 10035 5222
3 510 8344 11257
3 1102 5223 8344
3 2557 11257 5223
3 208 10036 8343
3 1947 5224 10036
3 1102 8343 5224
3 25 11259 11258
3 2559 5225 11259
3 2558 11258 5225
3 513 8352 11260
3 1103 5226 8352
3 2559 11260 5226
3 512 11261 8351
3 2558 5227 11261
3 1103 8351 5227
3 67 10054 11262
3 1956 5228 10054
3 2560 11262 5228
3 209 8348 10057
3 1104 5229 8348
3 1956 10057 5229
3 513 11263 8353
3 2560 5230 11263
3 1104 8353 5230
3 66 11264 10051
3 2561 5231 11264
3 1955 10051 5231
3 512 8350 11265
3 1105 5232 8350
3 2561 11265 5232
3 209 10052 8349
3 1955 5233 10052
3 1105 8349 5233
3 26 11267 11266
3 2563 5234 11267
3 2562 11266 5234
3 515 8358 11268
3 1106 5235 8358
3 2563 11268 5235
3 514 11269 8357
3 2562 5236 11269
3 1106 8357 5236
3 65 10046 11270
3 1952 5237 10046
3 2564 11270 5237
3 210 8354 10049
3 1107 5238 8354
3 1952 10049 5238
3 515 11271 8359
3 2564 5239 11271
3 1107 8359 5239
3 67 11272 10055
3 2565 5240 11272
3 1957 10055 5240
3 514 8356 11273
3 1108 5241 8356
3 2565 11273 5241
3 210 10056 8355
3 1957 5242 10056
3 1108 8355 5242
3 23 11275 11274
3 2567 5243 11275
3 2566 11274 5243
3 517 8364 11276
3 1109 5244 8364
3 2567 11276 5244
3 516 11277 8363
3 2566 5245 11277
3 1109 8363 5245
3 66 10050 11278
3 1954 5246 10050
3 2568 11278 5246
3 211 8360 10053
3 1110 5247 8360
3 1954 10053 5247
3 517 11279 8365
3 2568 5248 11279
3 1110 8365 5248
3 65 11280 10047
3 2569 5249 11280
3 1953 10047 5249
3 516 8362 11281
3 1111 5250 8362
3 2569 11281 5250
3 211 10048 8361
3 1953 5251 10048
3 1111 8361 5251
3 19 11283 11282
3 2571 5252 11283
3 2570 11282 5252
3 519 8370 11284
3 1112 5253 8370
3 2571 11284 5253
3 518 11285 8369
3 2570 5254 11285
3 1112 8369 5254
3 70 10066 11286
3 1962 5255 10066
3 2572 11286 5255
3 212 8366 10069
3 1113 5256 8366
3 1962 10069 5256
3 519 11287 8371
3 2572 5257 11287
3 1113 8371 5257
3 69 11288 10063
3 2573 5258 11288
3 1961 10063 5258
3 518 8368 11289
3 1114 5259 8368
3 2573 11289 5259
3 212 10064 8367
3 1961 5260 10064
3 1114 8367 5260
3 27 11291 11290
3 2575 5261 11291
3 2574 11290 5261
3 521 8376 11292
3 1115 5262 8376
3 2575 11292 5262
3 520 11293 8375
3 2574 5263 11293
3 1115 8375 5263
3 68 10058 11294
3 1958 5264 10058
3 2576 11294 5264
3 213 8372 10061
3 1116 5265 8372
3 1958 10061 5265
3 521 11295 8377
3 2576 5266 11295
3 1116 8377 5266
3 70 11296 10067
3 2577 5267 11296
3 1963 10067 5267
3 520 8374 11297
3 1117 5268 8374
3 2577 11297 5268
3 213 10068 8373
3 1963 5269 10068
3 1117 8373 5269
3 26 11299 11298
3 2579 5270 11299
3 2578 11298 5270
3 523 8382 11300
3 1118 5271 8382
3 2579 11300 5271
3 522 11301 8381
3 2578 5272 11301
3 1118 8381 5272
3 69 10062 11302
3 1960 5273 10062
3 2580 11302 5273
3 214 8378 10065
3 1119 5274 8378
3 1960 10065 5274
3 523 11303 8383
3 2580 5275 11303
3 1119 8383 5275
3 68 11304 10059
3 2581 5276 11304
3 1959 10059 5276
3 522 8380 11305
3 1120 5277 8380
3 2581 11305 5277
3 214 10060 8379
3 1959 5278 10060
3 1120 8379 5278
3 28 11307 11306
3 2583 5279 11307
3 2582 11306 5279
3 525 8388 11308
3 1121 5280 8388
3 2583 11308 5280
3 524 11309 8387
3 2582 5281 11309
3 1121 8387 5281
3 73 10078 11310
3 1968 5282 10078
3 2584 11310 5282
3 215 8384 10081
3 1122 5283 8384
3 1968 10081 5283
3 525 11311 8389
3 2584 5284 11311
3 1122 8389 5284
3 72 11312 10075
3 2585 5285 11312
3 1967 10075 5285
3 524 8386 11313
3 1123 5286 8386
3 2585 11313 5286
3 215 10076 8385
3 1967 5287 10076
3 1123 8385 5287
3 24 11315 11314
3 2587 5288 11315
3 2586 11314 5288
3 527 8394 11316
3 1124 5289 8394
3 2587 11316 5289
3 526 11317 8393
3 2586 5290 11317
3 1124 8393 5290
3 71 10070 11318
3 1964 5291 10070
3 2588 11318 5291
3 216 8390 10073
3 1125 5292 8390
3 1964 10073 5292
3 527 11319 8395
3 2588 5293 11319
3 1125 8395 5293
3 73 11320 10079
3 2589 5294 11320
3 1969 10079 5294
3 526 8392 11321
3 1126 5295 8392
3 2589 11321 5295
3 216 10080 8391
3 1969 5296 10080
3 1126 8391 5296
3 27 11323 11322
3 2591 5297 11323
3 2590 11322 5297
3 529 8400 11324
3 1127 5298 8400
3 2591 11324 5298
3 528 11325 8399
3 2590 5299 11325
3 1127 8399 5299
3 72 10074 11326
3 1966 5300 10074
3 2592 11326 5300
3 217 8396 10077
3 1128 5301 8396
3 1966 10077 5301
3 529 11327 8401
3 2592 5302 11327
3 1128 8401 5302
3 71 11328 10071
3 2593 5303 11328
3 1965 10071 5303
3 528 8398 11329
3 1129 5304 8398
3 2593 11329 5304
3 217 10072 8397
3 1965 5305 10072
3 1129 8397 5305
3 22 11331 11330
3 2595 5306 11331
3 2594 11330 5306
3 531 8406 11332
3 1130 5307 8406
3 2595 11332 5307
3 530 11333 8405
3 2594 5308 11333
3 1130 8405 5308
3 76 10090 11334
3 1974 5309 10090
3 2596 11334 5309
3 218 8402 10093
3 1131 5310 8402
3 1974 10093 5310
3 531 11335 8407
3 2596 5311 11335
3 1131 8407 5311
3 75 11336 10087
3 2597 5312 11336
3 1973 10087 5312
3 530 8404 11337
3 1132 5313 8404
3 2597 11337 5313
3 218 10088 8403
3 1973 5314 10088
3 1132 8403 5314
3 29 11339 11338
3 2599 5315 11339
3 2598 11338 5315
3 533 8412 11340
3 1133 5316 8412
3 2599 11340 5316
3 532 11341 8411
3 2598 5317 11341
3 1133 8411 5317
3 74 10082 11342
3 1970 5318 10082
3 2600 11342 5318
3 219 8408 10085
3 1134 5319 8408
3 1970 10085 5319
3 533 11343 8413
3 2600 5320 11343
3 1134 8413 5320
3 76 11344 10091
3 2601 5321 11344
3 1975 10091 5321
3 532 8410 11345
3 1135 5322 8410
3 2601 11345 5322
3 219 10092 8409
3 1975 5323 10092
3 1135 8409 5323
3 30 11347 11346
3 2603 5324 11347
3 2602 11346 5324
3 535 8418 11348
3 1136 5325 8418
3 2603 11348 5325
3 534 11349 8417
3 2602 5326 11349
3 1136 8417 5326
3 75 10086 11350
3 1972 5327 10086
3 2604 11350 5327
3 220 8414 10089
3 1137 5328 8414
3 1972 10089 5328
3 535 11351 8419
3 2604 5329 11351
3 1137 8419 5329
3 74 11352 10083
3 2605 5330 11352
3 1971 10083 5330
3 534 8416 11353
3 1138 5331 8416
3 2605 11353 5331
3 220 10084 8415
3 1971 5332 10084
3 1138 8415 5332
3 31 11355 11354
3 2607 5333 11355
3 2606 11354 5333
3 537 8424 11356
3 1139 5334 8424
3 2607 11356 5334
3 536 11357 8423
3 2606 5335 11357
3 1139 8423 5335
3 79 10102 11358
3 1980 5336 10102
3 2608 11358 5336
3 221 8420 10105
3 1140 5337 8420
3 1980 10105 5337
3 537 11359 8425
3 2608 5338 11359
3 1140 8425 5338
3 78 11360 10099
3 2609 5339 11360
3 1979 10099 5339
3 536 8422 11361
3 1141 5340 8422
3 2609 11361 5340
3 221 10100 8421
3 1979 5341 10100
3 1141 8421 5341
3 32 11363 11362
3 2611 5342 11363
3 2610 11362 5342
3 539 8430 11364
3 1142 5343 8430
3 2611 11364 5343
3 538 11365 8429
3 2610 5344 11365
3 1142 8429 5344
3 77 10094 11366
3 1976 5345 10094
3 2612 11366 5345
3 222 8426 10097
3 1143 5346 8426
3 1976 10097 5346
3 539 11367 8431
3 2612 5347 11367
3 1143 8431 5347
3 79 11368 10103
3 2613 5348 11368
3 1981 10103 5348
3 538 8428 11369
3 1144 5349 8428
3 2613 11369 5349
3 222 10104 8427
3 1981 5350 10104
3 1144 8427 5350
3 29 11371 11370
3 2615 5351 11371
3 2614 11370 5351
3 541 8436 11372
3 1145 5352 8436
3 2615 11372 5352
3 540 11373 8435
3 2614 5353 11373
3 1145 8435 5353
3 78 10098 11374
3 1978 5354 10098
3 2616 11374 5354
3 223 8432 10101
3 1146 5355 8432
3 1978 10101 5355
3 541 11375 8437
3 2616 5356 11375
3 1146 8437 5356
3 77 11376 10095
3 2617 5357 11376
3 1977 10095 5357
3 540 8434 11377
3 1147 5358 8434
3 2617 11377 5358
3 223 10096 8433
3 1977 5359 10096
3 1147 8433 5359
3 33 11379 11378
3 2619 5360 11379
3 2618 11378 5360
3 543 8442 11380
3 1148 5361 8442
3 2619 11380 5361
3 542 11381 8441
3 2618 5362 11381
3 1148 8441 5362
3 82 10114 11382
3 1986 5363 10114
3 2620 11382 5363
3 224 8438 10117
3 1149 5364 8438
3 1986 10117 5364
3 543 11383 8443
3 2620 5365 11383
3 1149 8443 5365
3 81 11384 10111
3 2621 5366 11384
3 1985 10111 5366
3 542 8440 11385
3 1150 5367 8440
3 2621 11385 5367
3 224 10112 8439
3 1985 5368 10112
3 1150 8439 5368
3 34 11387 11386
3 2623 5369 11387
3 2622 11386 5369
3 545 8448 11388
3 1151 5370 8448
3 2623 11388 5370
3 544 11389 8447
3 2622 5371 11389
3 1151 8447 5371
3 80 10106 11390
3 1982 5372 10106
3 2624 11390 5372
3 225 8444 10109
3 1152 5373 8444
3 1982 10109 5373
3 545 11391 8449
3 2624 5374 11391
3 1152 8449 5374
3 82 11392 10115
3 2625 5375 11392
3 1987 10115 5375
3 544 8446 11393
3 1153 5376 8446
3 2625 11393 5376
3 225 10116 8445
3 1987 5377 10116
3 1153 8445 5377
3 32 11395 11394
3 2627 5378 11395
3 2626 11394 5378
3 547 8454 11396
3 1154 5379 8454
3 2627 11396 5379
3 546 11397 8453
3 2626 5380 11397
3 1154 8453 5380
3 81 10110 11398
3 1984 5381 10110
3 2628 11398 5381
3 226 8450 10113
3 1155 5382 8450
3 1984 10113 5382
3 547 11399 8455
3 2628 5383 11399
3 1155 8455 5383
3 80 11400 10107
3 2629 5384 11400
3 1983 10107 5384
3 546 8452 11401
3 1156 5385 8452
3 2629 11401 5385
3 226 10108 8451
3 1983 5386 10108
3 1156 8451 5386
3 35 11403 11402
3 2631 5387 11403
3 2630 11402 5387
3 549 8460 11404
3 1157 5388 8460
3 2631 11404 5388
3 548 11405 8459
3 2630 5389 11405
3 1157 8459 5389
3 85 10126 11406
3 1992 5390 10126
3 2632 11406 5390
3 227 8456 10129
3 1158 5391 8456
3 1992 10129 5391
3 549 11407 8461
3 2632 5392 11407
3 1158 8461 5392
3 84 11408 10123
3 2633 5393 11408
3 1991 10123 5393
3 548 8458 11409
3 1159 5394 8458
3 2633 11409 5394
3 227 10124 8457
3 1991 5395 10124
3 1159 8457 5395
3 30 11411 11410
3 2635 5396 11411
3 2634 11410 5396
3 551 8466 11412
3 1160 5397 8466
3 2635 11412 5397
3 550 11413 8465
3 2634 5398 11413
3 1160 8465 5398
3 83 10118 11414
3 1988 5399 10118
3 2636 11414 5399
3 228 8462 10121
3 1161 5400 8462
3 1988 10121 5400
3 551 11415 8467
3 2636 5401 11415
3 1161 8467 5401
3 85 11416 10127
3 2637 5402 11416
3 1993 10127 5402
3 550 8464 11417
3 1162 5403 8464
3 2637 11417 5403
3 228 10128 8463
3 1993 5404 10128
3 1162 8463 5404
3 34 11419 11418
3 2639 5405 11419
3 2638 11418 5405
3 553 8472 11420
3 1163 5406 8472
3 2639 11420 5406
3 552 11421 8471
3 2638 5407 11421
3 1163 8471 5407
3 84 10122 11422
3 1990 5408 10122
3 2640 11422 5408
3 229 8468 10125
3 1164 5409 8468
3 1990 10125 5409
3 553 11423 8473
3 2640 5410 11423
3 1164 8473 5410
3 83 11424 10119
3 2641 5411 11424
3 1989 10119 5411
3 552 8470 11425
3 1165 5412 8470
3 2641 11425 5412
3 229 10120 8469
3 1989 5413 10120
3 1165 8469 5413
3 14 11427 11426
3 2643 5414 11427
3 2642 11426 5414
3 555 8478 11428
3 1166 5415 8478
3 2643 11428 5415
3 554 11429 8477
3 2642 5416 11429
3 1166 8477 5416
3 88 10138 11430
3 1998 5417 10138
3 2644 11430 5417
3 230 8474 10141
3 1167 5418 8474
3 1998 10141 5418
3 555 11431 8479
3 2644 5419 11431
3 1167 8479 5419
3 87 11432 10135
3 2645 5420 11432
3 1997 10135 5420
3 554 8476 11433
3 1168 5421 8476
3 2645 11433 5421
3 230 10136 8475
3 1997 5422 10136
3 1168 8475 5422
3 36 11435 11434
3 2647 5423 11435
3 2646 11434 5423
3 557 8484 11436
3 1169 5424 8484
3 2647 11436 5424
3 556 11437 8483
3 2646 5425 11437
3 1169 8483 5425
3 86 10130 11438
3 1994 5426 10130
3 2648 11438 5426
3 231 8480 10133
3 1170 5427 8480
3 1994 10133 5427
3 557 11439 8485
3 2648 5428 11439
3 1170 8485 5428
3 88 11440 10139
3 2649 5429 11440
3 1999 10139 5429
3 556 8482 11441
3 1171 5430 8482
3 2649 11441 5430
3 231 10140 8481
3 1999 5431 10140
3 1171 8481 5431
3 37 11443 11442
3 2651 5432 11443
3 2650 11442 5432
3 559 8490 11444
3 1172 5433 8490
3 2651 11444 5433
3 558 11445 8489
3 2650 5434 11445
3 1172 8489 5434
3 87 10134 11446
3 1996 5435 10134
3 2652 11446 5435
3 232 8486 10137
3 1173 5436 8486
3 1996 10137 5436
3 559 11447 8491
3 2652 5437 11447
3 1173 8491 5437
3 86 11448 10131
3 2653 5438 11448
3 1995 10131 5438
3 558 8488 11449
3 1174 5439 8488
3 2653 11449 5439
3 232 10132 8487
3 1995 5440 10132
3 1174 8487 5440
3 38 11451 11450
3 2655 5441 11451
3 2654 11450 5441
3 561 8496 11452
3 1175 5442 8496
3 2655 11452 5442
3 560 11453 8495
3 2654 5443 11453
3 1175 8495 5443
3 91 10150 11454
3 2004 5444 10150
3 2656 11454 5444
3 233 8492 10153
3 1176 5445 8492
3 2004 10153 5445
3 561 11455 8497
3 2656 5446 11455
3 1176 8497 5446
3 90 11456 10147
3 2657 5447 11456
3 2003 10147 5447
3 560 8494 11457
3 1177 5448 8494
3 2657 11457 5448
3 233 10148 8493
3 2003 5449 10148
3 1177 8493 5449
3 39 11459 11458
3 2659 5450 11459
3 2658 11458 5450
3 563 8502 11460
3 1178 5451 8502
3 2659 11460 5451
3 562 11461 8501
3 2658 5452 11461
3 1178 8501 5452
3 89 10142 11462
3 2000 5453 10142
3 2660 11462 5453
3 234 8498 10145
3 1179 5454 8498
3 2000 10145 5454
3 563 11463 8503
3 2660 5455 11463
3 1179 8503 5455
3 91 11464 10151
3 2661 5456 11464
3 2005 10151 5456
3 562 8500 11465
3 1180 5457 8500
3 2661 11465 5457
3 234 10152 8499
3 2005 5458 10152
3 1180 8499 5458
3 36 11467 11466
3 2663 5459 11467
3 2662 11466 5459
3 565 8508 11468
3 1181 5460 8508
3 2663 11468 5460
3 564 11469 8507
3 2662 5461 11469
3 1181 8507 5461
3 90 10146 11470
3 2002 5462 10146
3 2664 11470 5462
3 235 8504 10149
3 1182 5463 8504
3 2002 10149 5463
3 565 11471 8509
3 2664 5464 11471
3 1182 8509 5464
3 89 11472 10143
3 2665 5465 11472
3 2001 10143 5465
3 564 8506 11473
3 1183 5466 8506
3 2665 11473 5466
3 235 10144 8505
3 2001 5467 10144
3 1183 8505 5467
3 33 11475 11474
3 2667 5468 11475
3 2666 11474 5468
3 567 8514 11476
3 1184 5469 8514
3 2667 11476 5469
3 566 11477 8513
3 2666 5470 11477
3 1184 8513 5470
3 94 10162 11478
3 2010 5471 10162
3 2668 11478 5471
3 236 8510 10165
3 1185 5472 8510
3 2010 10165 5472
3 567 11479 8515
3 2668 5473 11479
3 1185 8515 5473
3 93 11480 10159
3 2669 5474 11480
3 2009 10159 5474
3 566 8512 11481
3 1186 5475 8512
3 2669 11481 5475
3 236 10160 8511
3 2009 5476 10160
3 1186 8511 5476
3 40 11483 11482
3 2671 5477 11483
3 2670 11482 5477
3 569 8520 11484
3 1187 5478 8520
3 2671 11484 5478
3 568 11485 8519
3 2670 5479 11485
3 1187 8519 5479
3 92 10154 11486
3 2006 5480 10154
3 2672 11486 5480
3 237 8516 10157
3 1188 5481 8516
3 2006 10157 5481
3 569 11487 8521
3 2672 5482 11487
3 1188 8521 5482
3 94 11488 10163
3 2673 5483 11488
3 2011 10163 5483
3 568 8518 11489
3 1189 5484 8518
3 2673 11489 5484
3 237 10164 8517
3 2011 5485 10164
3 1189 8517 5485
3 39 11491 11490
3 2675 5486 11491
3 2674 11490 5486
3 571 8526 11492
3 1190 5487 8526
3 2675 11492 5487
3 570 11493 8525
3 2674 5488 11493
3 1190 8525 5488
3 93 10158 11494
3 2008 5489 10158
3 2676 11494 5489
3 238 8522 10161
3 1191 5490 8522
3 2008 10161 5490
3 571 11495 8527
3 2676 5491 11495
3 1191 8527 5491
3 92 11496 10155
3 2677 5492 11496
3 2007 10155 5492
3 570 8524 11497
3 1192 5493 8524
3 2677 11497 5493
3 238 10156 8523
3 2007 5494 10156
3 1192 8523 5494
3 41 11499 11498
3 2679 5495 11499
3 2678 11498 5495
3 573 8532 11500
3 1193 5496 8532
3 2679 11500 5496
3 572 11501 8531
3 2678 5497 11501
3 1193 8531 5497
3 97 10174 11502
3 2016 5498 10174
3 2680 11502 5498
3 239 8528 10177
3 1194 5499 8528
3 2016 10177 5499
3 573 11503 8533
3 2680 5500 11503
3 1194 8533 5500
3 96 11504 10171
3 2681 5501 11504
3 2015 10171 5501
3 572 8530 11505
3 1195 5502 8530
3 2681 11505 5502
3 239 10172 8529
3 2015 5503 10172
3 1195 8529 5503
3 37 11507 11506
3 2683 5504 11507
3 2682 11506 5504
3 575 8538 11508
3 1196 5505 8538
3 2683 11508 5505
3 574 11509 8537
3 2682 5506 11509
3 1196 8537 5506
3 95 10166 11510
3 2012 5507 10166
3 2684 11510 5507
3 240 8534 10169
3 1197 5508 8534
3 2012 10169 5508
3 575 11511 8539
3 2684 5509 11511
3 1197 8539 5509
3 97 11512 10175
3 2685 5510 11512
3 2017 10175 5510
3 574 8536 11513
3 1198 5511 8536
3 2685 11513 5511
3 240 10176 8535
3 2017 5512 10176
3 1198 8535 5512
3 40 11515 11514
3 2687 5513 11515
3 2686 11514 5513
3 577 8544 11516
3 1199 5514 8544
3 2687 11516 5514
3 576 11517 8543
3 2686 5515 11517
3 1199 8543 5515
3 96 10170 11518
3 2014 5516 10170
3 2688 11518 5516
3 241 8540 10173
3 1200 5517 8540
3 2014 10173 5517
3 577 11519 8545
3 2688 5518 11519
3 1200 8545 5518
3 95 11520 10167
3 2689 5519 11520
3 2013 10167 5519
3 576 8542 11521
3 1201 5520 8542
3 2689 11521 5520
3 241 10168 8541
3 2013 5521 10168
3 1201 8541 5521
3 31 11523 11522
3 2691 5522 11523
3 2690 11522 5522
3 579 8550 11524
3 1202 5523 8550
3 2691 11524 5523
3 578 11525 8549
3 2690 5524 11525
3 1202 8549 5524
3 100 10186 11526
3 2022 5525 10186
3 2692 11526 5525
3 242 8546 10189
3 1203 5526 8546
3 2022 10189 5526
3 579 11527 8551
3 2692 5527 11527
3 1203 8551 5527
3 99 11528 10183
3 2693 5528 11528
3 2021 10183 5528
3 578 8548 11529
3 1204 5529 8548
3 2693 11529 5529
3 242 10184 8547
3 2021 5530 10184
3 1204 8547 5530
3 42 11531 11530
3 2695 5531 11531
3 2694 11530 5531
3 581 8556 11532
3 1205 5532 8556
3 2695 11532 5532
3 580 11533 8555
3 2694 5533 11533
3 1205 8555 5533
3 98 10178 11534
3 2018 5534 10178
3 2696 11534 5534
3 243 8552 10181
3 1206 5535 8552
3 2018 10181 5535
3 581 11535 8557
3 2696 5536 11535
3 1206 8557 5536
3 100 11536 10187
3 2697 5537 11536
3 2023 10187 5537
3 580 8554 11537
3 1207 5538 8554
3 2697 11537 5538
3 243 10188 8553
3 2023 5539 10188
3 1207 8553 5539
3 43 11539 11538
3 2699 5540 11539
3 2698 11538 5540
3 583 8562 11540
3 1208 5541 8562
3 2699 11540 5541
3 582 11541 8561
3 2698 5542 11541
3 1208 8561 5542
3 99 10182 11542
3 2020 5543 10182
3 2700 11542 5543
3 244 8558 10185
3 1209 5544 8558
3 2020 10185 5544
3 583 11543 8563
3 2700 5545 11543
3 1209 8563 5545
3 98 11544 10179
3 2701 5546 11544
3 2019 10179 5546
3 582 8560 11545
3 1210 5547 8560
3 2701 11545 5547
3 244 10180 8559
3 2019 5548 10180
3 1210 8559 5548
3 28 11547 11546
3 2703 5549 11547
3 2702 11546 5549
3 585 8568 11548
3 1211 5550 8568
3 2703 11548 5550
3 584 11549 8567
3 2702 5551 11549
3 1211 8567 5551
3 103 10198 11550
3 2028 5552 10198
3 2704 11550 5552
3 245 8564 10201
3 1212 5553 8564
3 2028 10201 5553
3 585 11551 8569
3 2704 5554 11551
3 1212 8569 5554
3 102 11552 10195
3 2705 5555 11552
3 2027 10195 5555
3 584 8566 11553
3 1213 5556 8566
3 2705 11553 5556
3 245 10196 8565
3 2027 5557 10196
3 1213 8565 5557
3 44 11555 11554
3 2707 5558 11555
3 2706 11554 5558
3 587 8574 11556
3 1214 5559 8574
3 2707 11556 5559
3 586 11557 8573
3 2706 5560 11557
3 1214 8573 5560
3 101 10190 11558
3 2024 5561 10190
3 2708 11558 5561
3 246 8570 10193
3 1215 5562 8570
3 2024 10193 5562
3 587 11559 8575
3 2708 5563 11559
3 1215 8575 5563
3 103 11560 10199
3 2709 5564 11560
3 2029 10199 5564
3 586 8572 11561
3 1216 5565 8572
3 2709 11561 5565
3 246 10200 8571
3 2029 5566 10200
3 1216 8571 5566
3 42 11563 11562
3 2711 5567 11563
3 2710 11562 5567
3 589 8580 11564
3 1217 5568 8580
3 2711 11564 5568
3 588 11565 8579
3 2710 5569 11565
3 1217 8579 5569
3 102 10194 11566
3 2026 5570 10194
3 2712 11566 5570
3 247 8576 10197
3 1218 5571 8576
3 2026 10197 5571
3 589 11567 8581
3 2712 5572 11567
3 1218 8581 5572
3 101 11568 10191
3 2713 5573 11568
3 2025 10191 5573
3 588 8578 11569
3 1219 5574 8578
3 2713 11569 5574
3 247 10192 8577
3 2025 5575 10192
3 1219 8577 5575
3 17 11571 11570
3 2715 5576 11571
3 2714 11570 5576
3 591 8586 11572
3 1220 5577 8586
3 2715 11572 5577
3 590 11573 8585
3 2714 5578 11573
3 1220 8585 5578
3 106 10210 11574
3 2034 5579 10210
3 2716 11574 5579
3 248 8582 10213
3 1221 5580 8582
3 2034 10213 5580
3 591 11575 8587
3 2716 5581 11575
3 1221 8587 5581
3 105 11576 10207
3 2717 5582 11576
3 2033 10207 5582
3 590 8584 11577
3 1222 5583 8584
3 2717 11577 5583
3 248 10208 8583
3 2033 5584 10208
3 1222 8583 5584
3 45 11579 11578
3 2719 5585 11579
3 2718 11578 5585
3 593 8592 11580
3 1223 5586 8592
3 2719 11580 5586
3 592 11581 8591
3 2718 5587 11581
3 1223 8591 5587
3 104 10202 11582
3 2030 5588 10202
3 2720 11582 5588
3 249 8588 10205
3 1224 5589 8588
3 2030 10205 5589
3 593 11583 8593
3 2720 5590 11583
3 1224 8593 5590
3 106 11584 10211
3 2721 5591 11584
3 2035 10211 5591
3 592 8590 11585
3 1225 5592 8590
3 2721 11585 5592
3 249 10212 8589
3 2035 5593 10212
3 1225 8589 5593
3 44 11587 11586
3 2723 5594 11587
3 2722 11586 5594
3 595 8598 11588
3 1226 5595 8598
3 2723 11588 5595
3 594 11589 8597
3 2722 5596 11589
3 1226 8597 5596
3 105 10206 11590
3 2032 5597 10206
3 2724 11590 5597
3 250 8594 10209
3 1227 5598 8594
3 2032 10209 5598
3 595 11591 8599
3 2724 5599 11591
3 1227 8599 5599
3 104 11592 10203
3 2725 5600 11592
3 2031 10203 5600
3 594 8596 11593
3 1228 5601 8596
3 2725 11593 5601
3 250 10204 8595
3 2031 5602 10204
3 1228 8595 5602
3 41 11595 11594
3 2727 5603 11595
3 2726 11594 5603
3 597 8604 11596
3 1229 5604 8604
3 2727 11596 5604
3 596 11597 8603
3 2726 5605 11597
3 1229 8603 5605
3 109 10222 11598
3 2040 5606 10222
3 2728 11598 5606
3 251 8600 10225
3 1230 5607 8600
3 2040 10225 5607
3 597 11599 8605
3 2728 5608 11599
3 1230 8605 5608
3 108 11600 10219
3 2729 5609 11600
3 2039 10219 5609
3 596 8602 11601
3 1231 5610 8602
3 2729 11601 5610
3 251 10220 8601
3 2039 5611 10220
3 1231 8601 5611
3 43 11603 11602
3 2731 5612 11603
3 2730 11602 5612
3 599 8610 11604
3 1232 5613 8610
3 2731 11604 5613
3 598 11605 8609
3 2730 5614 11605
3 1232 8609 5614
3 107 10214 11606
3 2036 5615 10214
3 2732 11606 5615
3 252 8606 10217
3 1233 5616 8606
3 2036 10217 5616
3 599 11607 8611
3 2732 5617 11607
3 1233 8611 5617
3 109 11608 10223
3 2733 5618 11608
3 2041 10223 5618
3 598 8608 11609
3 1234 5619 8608
3 2733 11609 5619
3 252 10224 8607
3 2041 5620 10224
3 1234 8607 5620
3 45 11611 11610
3 2735 5621 11611
3 2734 11610 5621
3 601 8616 11612
3 1235 5622 8616
3 2735 11612 5622
3 600 11613 8615
3 2734 5623 11613
3 1235 8615 5623
3 108 10218 11614
3 2038 5624 10218
3 2736 11614 5624
3 253 8612 10221
3 1236 5625 8612
3 2038 10221 5625
3 601 11615 8617
3 2736 5626 11615
3 1236 8617 5626
3 107 11616 10215
3 2737 5627 11616
3 2037 10215 5627
3 600 8614 11617
3 1237 5628 8614
3 2737 11617 5628
3 253 10216 8613
3 2037 5629 10216
3 1237 8613 5629
3 21 11619 11618
3 2739 5630 11619
3 2738 11618 5630
3 603 8622 11620
3 1238 5631 8622
3 2739 11620 5631
3 602 11621 8621
3 2738 5632 11621
3 1238 8621 5632
3 112 10234 11622
3 2046 5633 10234
3 2740 11622 5633
3 254 8618 10237
3 1239 5634 8618
3 2046 10237 5634
3 603 11623 8623
3 2740 5635 11623
3 1239 8623 5635
3 111 11624 10231
3 2741 5636 11624
3 2045 10231 5636
3 602 8620 11625
3 1240 5637 8620
3 2741 11625 5637
3 254 10232 8619
3 2045 5638 10232
3 1240 8619 5638
3 46 11627 11626
3 2743 5639 11627
3 2742 11626 5639
3 605 8628 11628
3 1241 5640 8628
3 2743 11628 5640
3 604 11629 8627
3 2742 5641 11629
3 1241 8627 5641
3 110 10226 11630
3 2042 5642 10226
3 2744 11630 5642
3 255 8624 10229
3 1242 5643 8624
3 2042 10229 5643
3 605 11631 8629
3 2744 5644 11631
3 1242 8629 5644
3 112 11632 10235
3 2745 5645 11632
3 2047 10235 5645
3 604 8626 11633
3 1243 5646 8626
3 2745 11633 5646
3 255 10236 8625
3 2047 5647 10236
3 1243 8625 5647
3 47 11635 11634
3 2747 5648 11635
3 2746 11634 5648
3 607 8634 11636
3 1244 5649 8634
3 2747 11636 5649
3 606 11637 8633
3 2746 5650 11637
3 1244 8633 5650
3 111 10230 11638
3 2044 5651 10230
3 2748 11638 5651
3 256 8630 10233
3 1245 5652 8630
3 2044 10233 5652
3 607 11639 8635
3 2748 5653 11639
3 1245 8635 5653
3 110 11640 10227
3 2749 5654 11640
3 2043 10227 5654
3 606 8632 11641
3 1246 5655 8632
3 2749 11641 5655
3 256 10228 8631
3 2043 5656 10228
3 1246 8631 5656
3 25 11643 11642
3 2751 5657 11643
3 2750 11642 5657
3 609 8640 11644
3 1247 5658 8640
3 2751 11644 5658
3 608 11645 8639
3 2750 5659 11645
3 1247 8639 5659
3 115 10246 11646
3 2052 5660 10246
3 2752 11646 5660
3 257 8636 10249
3 1248 5661 8636
3 2052 10249 5661
3 609 11647 8641
3 2752 5662 11647
3 1248 8641 5662
3 114 11648 10243
3 2753 5663 11648
3 2051 10243 5663
3 608 8638 11649
3 1249 5664 8638
3 2753 11649 5664
3 257 10244 8637
3 2051 5665 10244
3 1249 8637 5665
3 48 11651 11650
3 2755 5666 11651
3 2754 11650 5666
3 611 8646 11652
3 1250 5667 8646
3 2755 11652 5667
3 610 11653 8645
3 2754 5668 11653
3 1250 8645 5668
3 113 10238 11654
3 2048 5669 10238
3 2756 11654 5669
3 258 8642 10241
3 1251 5670 8642
3 2048 10241 5670
3 611 11655 8647
3 2756 5671 11655
3 1251 8647 5671
3 115 11656 10247
3 2757 5672 11656
3 2053 10247 5672
3 610 8644 11657
3 1252 5673 8644
3 2757 11657 5673
3 258 10248 8643
3 2053 5674 10248
3 1252 8643 5674
3 46 11659 11658
3 2759 5675 11659
3 2758 11658 5675
3 613 8652 11660
3 1253 5676 8652
3 2759 11660 5676
3 612 11661 8651
3 2758 5677 11661
3 1253 8651 5677
3 114 10242 11662
3 2050 5678 10242
3 2760 11662 5678
3 259 8648 10245
3 1254 5679 8648
3 2050 10245 5679
3 613 11663 8653
3 2760 5680 11663
3 1254 8653 5680
3 113 11664 10239
3 2761 5681 11664
3 2049 10239 5681
3 612 8650 11665
3 1255 5682 8650
3 2761 11665 5682
3 259 10240 8649
3 2049 5683 10240
3 1255 8649 5683
3 35 11667 11666
3 2763 5684 11667
3 2762 11666 5684
3 615 8658 11668
3 1256 5685 8658
3 2763 11668 5685
3 614 11669 8657
3 2762 5686 11669
3 1256 8657 5686
3 118 10258 11670
3 2058 5687 10258
3 2764 11670 5687
3 260 8654 10261
3 1257 5688 8654
3 2058 10261 5688
3 615 11671 8659
3 2764 5689 11671
3 1257 8659 5689
3 117 11672 10255
3 2765 5690 11672
3 2057 10255 5690
3 614 8656 11673
3 1258 5691 8656
3 2765 11673 5691
3 260 10256 8655
3 2057 5692 10256
3 1258 8655 5692
3 49 11675 11674
3 2767 5693 11675
3 2766 11674 5693
3 617 8664 11676
3 1259 5694 8664
3 2767 11676 5694
3 616 11677 8663
3 2766 5695 11677
3 1259 8663 5695
3 116 10250 11678
3 2054 5696 10250
3 2768 11678 5696
3 261 8660 10253
3 1260 5697 8660
3 2054 10253 5697
3 617 11679 8665
3 2768 5698 11679
3 1260 8665 5698
3 118 11680 10259
3 2769 5699 11680
3 2059 10259 5699
3 616 8662 11681
3 1261 5700 8662
3 2769 11681 5700
3 261 10260 8661
3 2059 5701 10260
3 1261 8661 5701
3 48 11683 11682
3 2771 5702 11683
3 2770 11682 5702
3 619 8670 11684
3 1262 5703 8670
3 2771 11684 5703
3 618 11685 8669
3 2770 5704 11685
3 1262 8669 5704
3 117 10254 11686
3 2056 5705 10254
3 2772 11686 5705
3 262 8666 10257
3 1263 5706 8666
3 2056 10257 5706
3 619 11687 8671
3 2772 5707 11687
3 1263 8671 5707
3 116 11688 10251
3 2773 5708 11688
3 2055 10251 5708
3 618 8668 11689
3 1264 5709 8668
3 2773 11689 5709
3 262 10252 8667
3 2055 5710 10252
3 1264 8667 5710
3 38 11691 11690
3 2775 5711 11691
3 2774 11690 5711
3 621 8676 11692
3 1265 5712 8676
3 2775 11692 5712
3 620 11693 8675
3 2774 5713 11693
3 1265 8675 5713
3 121 10270 11694
3 2064 5714 10270
3 2776 11694 5714
3 263 8672 10273
3 1266 5715 8672
3 2064 10273 5715
3 621 11695 8677
3 2776 5716 11695
3 1266 8677 5716
3 120 11696 10267
3 2777 5717 11696
3 2063 10267 5717
3 620 8674 11697
3 1267 5718 8674
3 2777 11697 5718
3 263 10268 8673
3 2063 5719 10268
3 1267 8673 5719
3 47 11699 11698
3 2779 5720 11699
3 2778 11698 5720
3 623 8682 11700
3 1268 5721 8682
3 2779 11700 5721
3 622 11701 8681
3 2778 5722 11701
3 1268 8681 5722
3 119 10262 11702
3 2060 5723 10262
3 2780 11702 5723
3 264 8678 10265
3 1269 5724 8678
3 2060 10265 5724
3 623 11703 8683
3 2780 5725 11703
3 1269 8683 5725
3 121 11704 10271
3 2781 5726 11704
3 2065 10271 5726
3 622 8680 11705
3 1270 5727 8680
3 2781 11705 5727
3 264 10272 8679
3 2065 5728 10272
3 1270 8679 5728
3 49 11707 11706
3 2783 5729 11707
3 2782 11706 5729
3 625 8688 11708
3 1271 5730 8688
3 2783 11708 5730
3 624 11709 8687
3 2782 5731 11709
3 1271 8687 5731
3 120 10266 11710
3 2062 5732 10266
3 2784 11710 5732
3 265 8684 10269
3 1272 5733 8684
3 2062 10269 5733
3 625 11711 8689
3 2784 5734 11711
3 1272 8689 5734
3 119 11712 10263
3 2785 5735 11712
3 2061 10263 5735
3 624 8686 11713
3 1273 5736 8686
3 2785 11713 5736
3 265 10264 8685
3 2061 5737 10264
3 1273 8685 5737
3 8 11715 11714
3 2787 5738 11715
3 2786 11714 5738
3 627 8694 11716
3 1274 5739 8694
3 2787 11716 5739
3 626 11717 8693
3 2786 5740 11717
3 1274 8693 5740
3 123 10282 11718
3 2070 5741 10282
3 2788 11718 5741
3 266 8690 10285
3 1275 5742 8690
3 2070 10285 5742
3 627 11719 8695
3 2788 5743 11719
3 1275 8695 5743
3 122 11720 10279
3 2789 5744 11720
3 2069 10279 5744
3 626 8692 11721
3 1276 5745 8692
3 2789 11721 5745
3 266 10280 8691
3 2069 5746 10280
3 1276 8691 5746
3 16 11154 11722
3 2506 5747 11154
3 2790 11722 5747
3 486 8700 11157
3 1277 5748 8700
3 2506 11157 5748
3 628 11723 8699
3 2790 5749 11723
3 1277 8699 5749
3 50 10274 11160
3 2066 5750 10274
3 2509 11160 5750
3 267 8696 10277
3 1278 5751 8696
3 2066 10277 5751
3 486 11161 8701
3 2509 5752 11161
3 1278 8701 5752
3 123 11724 10283
3 2791 5753 11724
3 2071 10283 5753
3 628 8698 11725
3 1279 5754 8698
3 2791 11725 5754
3 267 10284 8697
3 2071 5755 10284
3 1279 8697 5755
3 15 11726 11147
3 2792 5756 11726
3 2503 11147 5756
3 629 8706 11727
3 1280 5757 8706
3 2792 11727 5757
3 485 11148 8705
3 2503 5758 11148
3 1280 8705 5758
3 122 10278 11728
3 2068 5759 10278
3 2793 11728 5759
3 268 8702 10281
3 1281 5760 8702
3 2068 10281 5760
3 629 11729 8707
3 2793 5761 11729
3 1281 8707 5761
3 50 11150 10275
3 2504 5762 11150
3 2067 10275 5762
3 485 8704 11151
3 1282 5763 8704
3 2504 11151 5763
3 268 10276 8703
3 2067 5764 10276
3 1282 8703 5764
3 0 11731 11730
3 2795 5765 11731
3 2794 11730 5765
3 631 8712 11732
3 1283 5766 8712
3 2795 11732 5766
3 630 11733 8711
3 2794 5767 11733
3 1283 8711 5767
3 125 10294 11734
3 2076 5768 10294
3 2796 11734 5768
3 269 8708 10297
3 1284 5769 8708
3 2076 10297 5769
3 631 11735 8713
3 2796 5770 11735
3 1284 8713 5770
3 124 11736 10291
3 2797 5771 11736
3 2075 10291 5771
3 630 8710 11737
3 1285 5772 8710
3 2797 11737 5772
3 269 10292 8709
3 2075 5773 10292
3 1285 8709 5773
3 14 11138 11738
3 2498 5774 11138
3 2798 11738 5774
3 482 8718 11141
3 1286 5775 8718
3 2498 11141 5775
3 632 11739 8717
3 2798 5776 11739
3 1286 8717 5776
3 51 10286 11144
3 2072 5777 10286
3 2501 11144 5777
3 270 8714 10289
3 1287 5778 8714
3 2072 10289 5778
3 482 11145 8719
3 2501 5779 11145
3 1287 8719 5779
3 125 11740 10295
3 2799 5780 11740
3 2077 10295 5780
3 632 8716 11741
3 1288 5781 8716
3 2799 11741 5781
3 270 10296 8715
3 2077 5782 10296
3 1288 8715 5782
3 16 11742 11155
3 2800 5783 11742
3 2507 11155 5783
3 633 8724 11743
3 1289 5784 8724
3 2800 11743 5784
3 487 11156 8723
3 2507 5785 11156
3 1289 8723 5785
3 124 10290 11744
3 2074 5786 10290
3 2801 11744 5786
3 271 8720 10293
3 1290 5787 8720
3 2074 10293 5787
3 633 11745 8725
3 2801 5788 11745
3 1290 8725 5788
3 51 11158 10287
3 2508 5789 11158
3 2073 10287 5789
3 487 8722 11159
3 1291 5790 8722
3 2508 11159 5790
3 271 10288 8721
3 2073 5791 10288
3 1291 8721 5791
3 1 11747 11746
3 2803 5792 11747
3 2802 11746 5792
3 635 8730 11748
3 1292 5793 8730
3 2803 11748 5793
3 634 11749 8729
3 2802 5794 11749
3 1292 8729 5794
3 127 10306 11750
3 2082 5795 10306
3 2804 11750 5795
3 272 8726 10309
3 1293 5796 8726
3 2082 10309 5796
3 635 11751 8731
3 2804 5797 11751
3 1293 8731 5797
3 126 11752 10303
3 2805 5798 11752
3 2081 10303 5798
3 634 8728 11753
3 1294 5799 8728
3 2805 11753 5799
3 272 10304 8727
3 2081 5800 10304
3 1294 8727 5800
3 15 11146 11754
3 2502 5801 11146
3 2806 11754 5801
3 484 8736 11149
3 1295 5802 8736
3 2502 11149 5802
3 636 11755 8735
3 2806 5803 11755
3 1295 8735 5803
3 52 10298 11152
3 2078 5804 10298
3 2505 11152 5804
3 273 8732 10301
3 1296 5805 8732
3 2078 10301 5805
3 484 11153 8737
3 2505 5806 11153
3 1296 8737 5806
3 127 11756 10307
3 2807 5807 11756
3 2083 10307 5807
3 636 8734 11757
3 1297 5808 8734
3 2807 11757 5808
3 273 10308 8733
3 2083 5809 10308
3 1297 8733 5809
3 14 11758 11139
3 2808 5810 11758
3 2499 11139 5810
3 637 8742 11759
3 1298 5811 8742
3 2808 11759 5811
3 483 11140 8741
3 2499 5812 11140
3 1298 8741 5812
3 126 10302 11760
3 2080 5813 10302
3 2809 11760 5813
3 274 8738 10305
3 1299 5814 8738
3 2080 10305 5814
3 637 11761 8743
3 2809 5815 11761
3 1299 8743 5815
3 52 11142 10299
3 2500 5816 11142
3 2079 10299 5816
3 483 8740 11143
3 1300 5817 8740
3 2500 11143 5817
3 274 10300 8739
3 2079 5818 10300
3 1300 8739 5818
3 8 11714 11762
3 2786 5819 11714
3 2810 11762 5819
3 626 8748 11717
3 1301 5820 8748
3 2786 11717 5820
3 638 11763 8747
3 2810 5821 11763
3 1301 8747 5821
3 122 10318 11720
3 2088 5822 10318
3 2789 11720 5822
3 275 8744 10321
3 1302 5823 8744
3 2088 10321 5823
3 626 11721 8749
3 2789 5824 11721
3 1302 8749 5824
3 128 11764 10315
3 2811 5825 11764
3 2087 10315 5825
3 638 8746 11765
3 1303 5826 8746
3 2811 11765 5826
3 275 10316 8745
3 2087 5827 10316
3 1303 8745 5827
3 15 11178 11726
3 2518 5828 11178
3 2792 11726 5828
3 492 8754 11181
3 1304 5829 8754
3 2518 11181 5829
3 629 11727 8753
3 2792 5830 11727
3 1304 8753 5830
3 53 10310 11184
3 2084 5831 10310
3 2521 11184 5831
3 276 8750 10313
3 1305 5832 8750
3 2084 10313 5832
3 492 11185 8755
3 2521 5833 11185
3 1305 8755 5833
3 122 11728 10319
3 2793 5834 11728
3 2089 10319 5834
3 629 8752 11729
3 1306 5835 8752
3 2793 11729 5835
3 276 10320 8751
3 2089 5836 10320
3 1306 8751 5836
3 18 11766 11171
3 2812 5837 11766
3 2515 11171 5837
3 639 8760 11767
3 1307 5838 8760
3 2812 11767 5838
3 491 11172 8759
3 2515 5839 11172
3 1307 8759 5839
3 128 10314 11768
3 2086 5840 10314
3 2813 11768 5840
3 277 8756 10317
3 1308 5841 8756
3 2086 10317 5841
3 639 11769 8761
3 2813 5842 11769
3 1308 8761 5842
3 53 11174 10311
3 2516 5843 11174
3 2085 10311 5843
3 491 8758 11175
3 1309 5844 8758
3 2516 11175 5844
3 277 10312 8757
3 2085 5845 10312
3 1309 8757 5845
3 1 11770 11747
3 2814 5846 11770
3 2803 11747 5846
3 640 8766 11771
3 1310 5847 8766
3 2814 11771 5847
3 635 11748 8765
3 2803 5848 11748
3 1310 8765 5848
3 129 10330 11772
3 2094 5849 10330
3 2815 11772 5849
3 278 8762 10333
3 1311 5850 8762
3 2094 10333 5850
3 640 11773 8767
3 2815 5851 11773
3 1311 8767 5851
3 127 11750 10327
3 2804 5852 11750
3 2093 10327 5852
3 635 8764 11751
3 1312 5853 8764
3 2804 11751 5853
3 278 10328 8763
3 2093 5854 10328
3 1312 8763 5854
3 17 11162 11774
3 2510 5855 11162
3 2816 11774 5855
3 488 8772 11165
3 1313 5856 8772
3 2510 11165 5856
3 641 11775 8771
3 2816 5857 11775
3 1313 8771 5857
3 54 10322 11168
3 2090 5858 10322
3 2513 11168 5858
3 279 8768 10325
3 1314 5859 8768
3 2090 10325 5859
3 488 11169 8773
3 2513 5860 11169
3 1314 8773 5860
3 129 11776 10331
3 2817 5861 11776
3 2095 10331 5861
3 641 8770 11777
3 1315 5862 8770
3 2817 11777 5862
3 279 10332 8769
3 2095 5863 10332
3 1315 8769 5863
3 15 11754 11179
3 2806 5864 11754
3 2519 11179 5864
3 636 8778 11755
3 1316 5865 8778
3 2806 11755 5865
3 493 11180 8777
3 2519 5866 11180
3 1316 8777 5866
3 127 10326 11756
3 2092 5867 10326
3 2807 11756 5867
3 280 8774 10329
3 1317 5868 8774
3 2092 10329 5868
3 636 11757 8779
3 2807 5869 11757
3 1317 8779 5869
3 54 11182 10323
3 2520 5870 11182
3 2091 10323 5870
3 493 8776 11183
3 1318 5871 8776
3 2520 11183 5871
3 280 10324 8775
3 2091 5872 10324
3 1318 8775 5872
3 2 11779 11778
3 2819 5873 11779
3 2818 11778 5873
3 643 8784 11780
3 1319 5874 8784
3 2819 11780 5874
3 642 11781 8783
3 2818 5875 11781
3 1319 8783 5875
3 131 10342 11782
3 2100 5876 10342
3 2820 11782 5876
3 281 8780 10345
3 1320 5877 8780
3 2100 10345 5877
3 643 11783 8785
3 2820 5878 11783
3 1320 8785 5878
3 130 11784 10339
3 2821 5879 11784
3 2099 10339 5879
3 642 8782 11785
3 1321 5880 8782
3 2821 11785 5880
3 281 10340 8781
3 2099 5881 10340
3 1321 8781 5881
3 18 11170 11786
3 2514 5882 11170
3 2822 11786 5882
3 490 8790 11173
3 1322 5883 8790
3 2514 11173 5883
3 644 11787 8789
3 2822 5884 11787
3 1322 8789 5884
3 55 10334 11176
3 2096 5885 10334
3 2517 11176 5885
3 282 8786 10337
3 1323 5886 8786
3 2096 10337 5886
3 490 11177 8791
3 2517 5887 11177
3 1323 8791 5887
3 131 11788 10343
3 2823 5888 11788
3 2101 10343 5888
3 644 8788 11789
3 1324 5889 8788
3 2823 11789 5889
3 282 10344 8787
3 2101 5890 10344
3 1324 8787 5890
3 17 11790 11163
3 2824 5891 11790
3 2511 11163 5891
3 645 8796 11791
3 1325 5892 8796
3 2824 11791 5892
3 489 11164 8795
3 2511 5893 11164
3 1325 8795 5893
3 130 10338 11792
3 2098 5894 10338
3 2825 11792 5894
3 283 8792 10341
3 1326 5895 8792
3 2098 10341 5895
3 645 11793 8797
3 2825 5896 11793
3 1326 8797 5896
3 55 11166 10335
3 2512 5897 11166
3 2097 10335 5897
3 489 8794 11167
3 1327 5898 8794
3 2512 11167 5898
3 283 10336 8793
3 2097 5899 10336
3 1327 8793 5899
3 8 11762 11794
3 2810 5900 11762
3 2826 11794 5900
3 638 8802 11763
3 1328 5901 8802
3 2810 11763 5901
3 646 11795 8801
3 2826 5902 11795
3 1328 8801 5902
3 128 10354 11764
3 2106 5903 10354
3 2811 11764 5903
3 284 8798 10357
3 1329 5904 8798
3 2106 10357 5904
3 638 11765 8803
3 2811 5905 11765
3 1329 8803 5905
3 132 11796 10351
3 2827 5906 11796
3 2105 10351 5906
3 646 8800 11797
3 1330 5907 8800
3 2827 11797 5907
3 284 10352 8799
3 2105 5908 10352
3 1330 8799 5908
3 18 11202 11766
3 2530 5909 11202
3 2812 11766 5909
3 498 8808 11205
3 1331 5910 8808
3 2530 11205 5910
3 639 11767 8807
3 2812 5911 11767
3 1331 8807 5911
3 56 10346 11208
3 2102 5912 10346
3 2533 11208 5912
3 285 8804 10349
3 1332 5913 8804
3 2102 10349 5913
3 498 11209 8809
3 2533 5914 11209
3 1332 8809 5914
3 128 11768 10355
3 2813 5915 11768
3 2107 10355 5915
3 639 8806 11769
3 1333 5916 8806
3 2813 11769 5916
3 285 10356 8805
3 2107 5917 10356
3 1333 8805 5917
3 20 11798 11195
3 2828 5918 11798
3 2527 11195 5918
3 647 8814 11799
3 1334 5919 8814
3 2828 11799 5919
3 497 11196 8813
3 2527 5920 11196
3 1334 8813 5920
3 132 10350 11800
3 2104 5921 10350
3 2829 11800 5921
3 286 8810 10353
3 1335 5922 8810
3 2104 10353 5922
3 647 11801 8815
3 2829 5923 11801
3 1335 8815 5923
3 56 11198 10347
3 2528 5924 11198
3 2103 10347 5924
3 497 8812 11199
3 1336 5925 8812
3 2528 11199 5925
3 286 10348 8811
3 2103 5926 10348
3 1336 8811 5926
3 2 11802 11779
3 2830 5927 11802
3 2819 11779 5927
3 648 8820 11803
3 1337 5928 8820
3 2830 11803 5928
3 643 11780 8819
3 2819 5929 11780
3 1337 8819 5929
3 133 10366 11804
3 2112 5930 10366
3 2831 11804 5930
3 287 8816 10369
3 1338 5931 8816
3 2112 10369 5931
3 648 11805 8821
3 2831 5932 11805
3 1338 8821 5932
3 131 11782 10363
3 2820 5933 11782
3 2111 10363 5933
3 643 8818 11783
3 1339 5934 8818
3 2820 11783 5934
3 287 10364 8817
3 2111 5935 10364
3 1339 8817 5935
3 19 11186 11806
3 2522 5936 11186
3 2832 11806 5936
3 494 8826 11189
3 1340 5937 8826
3 2522 11189 5937
3 649 11807 8825
3 2832 5938 11807
3 1340 8825 5938
3 57 10358 11192
3 2108 5939 10358
3 2525 11192 5939
3 288 8822 10361
3 1341 5940 8822
3 2108 10361 5940
3 494 11193 8827
3 2525 5941 11193
3 1341 8827 5941
3 133 11808 10367
3 2833 5942 11808
3 2113 10367 5942
3 649 8824 11809
3 1342 5943 8824
3 2833 11809 5943
3 288 10368 8823
3 2113 5944 10368
3 1342 8823 5944
3 18 11786 11203
3 2822 5945 11786
3 2531 11203 5945
3 644 8832 11787
3 1343 5946 8832
3 2822 11787 5946
3 499 11204 8831
3 2531 5947 11204
3 1343 8831 5947
3 131 10362 11788
3 2110 5948 10362
3 2823 11788 5948
3 289 8828 10365
3 1344 5949 8828
3 2110 10365 5949
3 644 11789 8833
3 2823 5950 11789
3 1344 8833 5950
3 57 11206 10359
3 2532 5951 11206
3 2109 10359 5951
3 499 8830 11207
3 1345 5952 8830
3 2532 11207 5952
3 289 10360 8829
3 2109 5953 10360
3 1345 8829 5953
3 3 11811 11810
3 2835 5954 11811
3 2834 11810 5954
3 651 8838 11812
3 1346 5955 8838
3 2835 11812 5955
3 650 11813 8837
3 2834 5956 11813
3 1346 8837 5956
3 135 10378 11814
3 2118 5957 10378
3 2836 11814 5957
3 290 8834 10381
3 1347 5958 8834
3 2118 10381 5958
3 651 11815 8839
3 2836 5959 11815
3 1347 8839 5959
3 134 11816 10375
3 2837 5960 11816
3 2117 10375 5960
3 650 8836 11817
3 1348 5961 8836
3 2837 11817 5961
3 290 10376 8835
3 2117 5962 10376
3 1348 8835 5962
3 20 11194 11818
3 2526 5963 11194
3 2838 11818 5963
3 496 8844 11197
3 1349 5964 8844
3 2526 11197 5964
3 652 11819 8843
3 2838 5965 11819
3 1349 8843 5965
3 58 10370 11200
3 2114 5966 10370
3 2529 11200 5966
3 291 8840 10373
3 1350 5967 8840
3 2114 10373 5967
3 496 11201 8845
3 2529 5968 11201
3 1350 8845 5968
3 135 11820 10379
3 2839 5969 11820
3 2119 10379 5969
3 652 8842 11821
3 1351 5970 8842
3 2839 11821 5970
3 291 10380 8841
3 2119 5971 10380
3 1351 8841 5971
3 19 11822 11187
3 2840 5972 11822
3 2523 11187 5972
3 653 8850 11823
3 1352 5973 8850
3 2840 11823 5973
3 495 11188 8849
3 2523 5974 11188
3 1352 8849 5974
3 134 10374 11824
3 2116 5975 10374
3 2841 11824 5975
3 292 8846 10377
3 1353 5976 8846
3 2116 10377 5976
3 653 11825 8851
3 2841 5977 11825
3 1353 8851 5977
3 58 11190 10371
3 2524 5978 11190
3 2115 10371 5978
3 495 8848 11191
3 1354 5979 8848
3 2524 11191 5979
3 292 10372 8847
3 2115 5980 10372
3 1354 8847 5980
3 8 11794 11715
3 2826 5981 11794
3 2787 11715 5981
3 646 8856 11795
3 1355 5982 8856
3 2826 11795 5982
3 627 11716 8855
3 2787 5983 11716
3 1355 8855 5983
3 132 10390 11796
3 2124 5984 10390
3 2827 11796 5984
3 293 8852 10393
3 1356 5985 8852
3 2124 10393 5985
3 646 11797 8857
3 2827 5986 11797
3 1356 8857 5986
3 123 11718 10387
3 2788 5987 11718
3 2123 10387 5987
3 627 8854 11719
3 1357 5988 8854
3 2788 11719 5988
3 293 10388 8853
3 2123 5989 10388
3 1357 8853 5989
3 20 11226 11798
3 2542 5990 11226
3 2828 11798 5990
3 504 8862 11229
3 1358 5991 8862
3 2542 11229 5991
3 647 11799 8861
3 2828 5992 11799
3 1358 8861 5992
3 59 10382 11232
3 2120 5993 10382
3 2545 11232 5993
3 294 8858 10385
3 1359 5994 8858
3 2120 10385 5994
3 504 11233 8863
3 2545 5995 11233
3 1359 8863 5995
3 132 11800 10391
3 2829 5996 11800
3 2125 10391 5996
3 647 8860 11801
3 1360 5997 8860
3 2829 11801 5997
3 294 10392 8859
3 2125 5998 10392
3 1360 8859 5998
3 16 11722 11219
3 2790 5999 11722
3 2539 11219 5999
3 628 8868 11723
3 1361 6000 8868
3 2790 11723 6000
3 503 11220 8867
3 2539 6001 11220
3 1361 8867 6001
3 123 10386 11724
3 2122 6002 10386
3 2791 11724 6002
3 295 8864 10389
3 1362 6003 8864
3 2122 10389 6003
3 628 11725 8869
3 2791 6004 11725
3 1362 8869 6004
3 59 11222 10383
3 2540 6005 11222
3 2121 10383 6005
3 503 8866 11223
3 1363 6006 8866
3 2540 11223 6006
3 295 10384 8865
3 2121 6007 10384
3 1363 8865 6007
3 3 11826 11811
3 2842 6008 11826
3 2835 11811 6008
3 654 8874 11827
3 1364 6009 8874
3 2842 11827 6009
3 651 11812 8873
3 2835 6010 11812
3 1364 8873 6010
3 136 10402 11828
3 2130 6011 10402
3 2843 11828 6011
3 296 8870 10405
3 1365 6012 8870
3 2130 10405 6012
3 654 11829 8875
3 2843 6013 11829
3 1365 8875 6013
3 135 11814 10399
3 2836 6014 11814
3 2129 10399 6014
3 651 8872 11815
3 1366 6015 8872
3 2836 11815 6015
3 296 10400 8871
3 2129 6016 10400
3 1366 8871 6016
3 21 11210 11830
3 2534 6017 11210
3 2844 11830 6017
3 500 8880 11213
3 1367 6018 8880
3 2534 11213 6018
3 655 11831 8879
3 2844 6019 11831
3 1367 8879 6019
3 60 10394 11216
3 2126 6020 10394
3 2537 11216 6020
3 297 8876 10397
3 1368 6021 8876
3 2126 10397 6021
3 500 11217 8881
3 2537 6022 11217
3 1368 8881 6022
3 136 11832 10403
3 2845 6023 11832
3 2131 10403 6023
3 655 8878 11833
3 1369 6024 8878
3 2845 11833 6024
3 297 10404 8877
3 2131 6025 10404
3 1369 8877 6025
3 20 11818 11227
3 2838 6026 11818
3 2543 11227 6026
3 652 8886 11819
3 1370 6027 8886
3 2838 11819 6027
3 505 11228 8885
3 2543 6028 11228
3 1370 8885 6028
3 135 10398 11820
3 2128 6029 10398
3 2839 11820 6029
3 298 8882 10401
3 1371 6030 8882
3 2128 10401 6030
3 652 11821 8887
3 2839 6031 11821
3 1371 8887 6031
3 60 11230 10395
3 2544 6032 11230
3 2127 10395 6032
3 505 8884 11231
3 1372 6033 8884
3 2544 11231 6033
3 298 10396 8883
3 2127 6034 10396
3 1372 8883 6034
3 0 11730 11834
3 2794 6035 11730
3 2846 11834 6035
3 630 8892 11733
3 1373 6036 8892
3 2794 11733 6036
3 656 11835 8891
3 2846 6037 11835
3 1373 8891 6037
3 124 10414 11736
3 2136 6038 10414
3 2797 11736 6038
3 299 8888 10417
3 1374 6039 8888
3 2136 10417 6039
3 630 11737 8893
3 2797 6040 11737
3 1374 8893 6040
3 137 11836 10411
3 2847 6041 11836
3 2135 10411 6041
3 656 8890 11837
3 1375 6042 8890
3 2847 11837 6042
3 299 10412 8889
3 2135 6043 10412
3 1375 8889 6043
3 16 11218 11742
3 2538 6044 11218
3 2800 11742 6044
3 502 8898 11221
3 1376 6045 8898
3 2538 11221 6045
3 633 11743 8897
3 2800 6046 11743
3 1376 8897 6046
3 61 10406 11224
3 2132 6047 10406
3 2541 11224 6047
3 300 8894 10409
3 1377 6048 8894
3 2132 10409 6048
3 502 11225 8899
3 2541 6049 11225
3 1377 8899 6049
3 124 11744 10415
3 2801 6050 11744
3 2137 10415 6050
3 633 8896 11745
3 1378 6051 8896
3 2801 11745 6051
3 300 10416 8895
3 2137 6052 10416
3 1378 8895 6052
3 21 11838 11211
3 2848 6053 11838
3 2535 11211 6053
3 657 8904 11839
3 1379 6054 8904
3 2848 11839 6054
3 501 11212 8903
3 2535 6055 11212
3 1379 8903 6055
3 137 10410 11840
3 2134 6056 10410
3 2849 11840 6056
3 301 8900 10413
3 1380 6057 8900
3 2134 10413 6057
3 657 11841 8905
3 2849 6058 11841
3 1380 8905 6058
3 61 11214 10407
3 2536 6059 11214
3 2133 10407 6059
3 501 8902 11215
3 1381 6060 8902
3 2536 11215 6060
3 301 10408 8901
3 2133 6061 10408
3 1381 8901 6061
3 9 11843 11842
3 2851 6062 11843
3 2850 11842 6062
3 659 8910 11844
3 1382 6063 8910
3 2851 11844 6063
3 658 11845 8909
3 2850 6064 11845
3 1382 8909 6064
3 139 10426 11846
3 2142 6065 10426
3 2852 11846 6065
3 302 8906 10429
3 1383 6066 8906
3 2142 10429 6066
3 659 11847 8911
3 2852 6067 11847
3 1383 8911 6067
3 138 11848 10423
3 2853 6068 11848
3 2141 10423 6068
3 658 8908 11849
3 1384 6069 8908
3 2853 11849 6069
3 302 10424 8907
3 2141 6070 10424
3 1384 8907 6070
3 24 11250 11850
3 2554 6071 11250
3 2854 11850 6071
3 510 8916 11253
3 1385 6072 8916
3 2554 11253 6072
3 660 11851 8915
3 2854 6073 11851
3 1385 8915 6073
3 62 10418 11256
3 2138 6074 10418
3 2557 11256 6074
3 303 8912 10421
3 1386 6075 8912
3 2138 10421 6075
3 510 11257 8917
3 2557 6076 11257
3 1386 8917 6076
3 139 11852 10427
3 2855 6077 11852
3 2143 10427 6077
3 660 8914 11853
3 1387 6078 8914
3 2855 11853 6078
3 303 10428 8913
3 2143 6079 10428
3 1387 8913 6079
3 23 11854 11243
3 2856 6080 11854
3 2551 11243 6080
3 661 8922 11855
3 1388 6081 8922
3 2856 11855 6081
3 509 11244 8921
3 2551 6082 11244
3 1388 8921 6082
3 138 10422 11856
3 2140 6083 10422
3 2857 11856 6083
3 304 8918 10425
3 1389 6084 8918
3 2140 10425 6084
3 661 11857 8923
3 2857 6085 11857
3 1389 8923 6085
3 62 11246 10419
3 2552 6086 11246
3 2139 10419 6086
3 509 8920 11247
3 1390 6087 8920
3 2552 11247 6087
3 304 10420 8919
3 2139 6088 10420
3 1390 8919 6088
3 5 11859 11858
3 2859 6089 11859
3 2858 11858 6089
3 663 8928 11860
3 1391 6090 8928
3 2859 11860 6090
3 662 11861 8927
3 2858 6091 11861
3 1391 8927 6091
3 141 10438 11862
3 2148 6092 10438
3 2860 11862 6092
3 305 8924 10441
3 1392 6093 8924
3 2148 10441 6093
3 663 11863 8929
3 2860 6094 11863
3 1392 8929 6094
3 140 11864 10435
3 2861 6095 11864
3 2147 10435 6095
3 662 8926 11865
3 1393 6096 8926
3 2861 11865 6096
3 305 10436 8925
3 2147 6097 10436
3 1393 8925 6097
3 22 11234 11866
3 2546 6098 11234
3 2862 11866 6098
3 506 8934 11237
3 1394 6099 8934
3 2546 11237 6099
3 664 11867 8933
3 2862 6100 11867
3 1394 8933 6100
3 63 10430 11240
3 2144 6101 10430
3 2549 11240 6101
3 306 8930 10433
3 1395 6102 8930
3 2144 10433 6102
3 506 11241 8935
3 2549 6103 11241
3 1395 8935 6103
3 141 11868 10439
3 2863 6104 11868
3 2149 10439 6104
3 664 8932 11869
3 1396 6105 8932
3 2863 11869 6105
3 306 10440 8931
3 2149 6106 10440
3 1396 8931 6106
3 24 11870 11251
3 2864 6107 11870
3 2555 11251 6107
3 665 8940 11871
3 1397 6108 8940
3 2864 11871 6108
3 511 11252 8939
3 2555 6109 11252
3 1397 8939 6109
3 140 10434 11872
3 2146 6110 10434
3 2865 11872 6110
3 307 8936 10437
3 1398 6111 8936
3 2146 10437 6111
3 665 11873 8941
3 2865 6112 11873
3 1398 8941 6112
3 63 11254 10431
3 2556 6113 11254
3 2145 10431 6113
3 511 8938 11255
3 1399 6114 8938
3 2556 11255 6114
3 307 10432 8937
3 2145 6115 10432
3 1399 8937 6115
3 4 11875 11874
3 2867 6116 11875
3 2866 11874 6116
3 667 8946 11876
3 1400 6117 8946
3 2867 11876 6117
3 666 11877 8945
3 2866 6118 11877
3 1400 8945 6118
3 143 10450 11878
3 2154 6119 10450
3 2868 11878 6119
3 308 8942 10453
3 1401 6120 8942
3 2154 10453 6120
3 667 11879 8947
3 2868 6121 11879
3 1401 8947 6121
3 142 11880 10447
3 2869 6122 11880
3 2153 10447 6122
3 666 8944 11881
3 1402 6123 8944
3 2869 11881 6123
3 308 10448 8943
3 2153 6124 10448
3 1402 8943 6124
3 23 11242 11882
3 2550 6125 11242
3 2870 11882 6125
3 508 8952 11245
3 1403 6126 8952
3 2550 11245 6126
3 668 11883 8951
3 2870 6127 11883
3 1403 8951 6127
3 64 10442 11248
3 2150 6128 10442
3 2553 11248 6128
3 309 8948 10445
3 1404 6129 8948
3 2150 10445 6129
3 508 11249 8953
3 2553 6130 11249
3 1404 8953 6130
3 143 11884 10451
3 2871 6131 11884
3 2155 10451 6131
3 668 8950 11885
3 1405 6132 8950
3 2871 11885 6132
3 309 10452 8949
3 2155 6133 10452
3 1405 8949 6133
3 22 11886 11235
3 2872 6134 11886
3 2547 11235 6134
3 669 8958 11887
3 1406 6135 8958
3 2872 11887 6135
3 507 11236 8957
3 2547 6136 11236
3 1406 8957 6136
3 142 10446 11888
3 2152 6137 10446
3 2873 11888 6137
3 310 8954 10449
3 1407 6138 8954
3 2152 10449 6138
3 669 11889 8959
3 2873 6139 11889
3 1407 8959 6139
3 64 11238 10443
3 2548 6140 11238
3 2151 10443 6140
3 507 8956 11239
3 1408 6141 8956
3 2548 11239 6141
3 310 10444 8955
3 2151 6142 10444
3 1408 8955 6142
3 9 11842 11890
3 2850 6143 11842
3 2874 11890 6143
3 658 8964 11845
3 1409 6144 8964
3 2850 11845 6144
3 670 11891 8963
3 2874 6145 11891
3 1409 8963 6145
3 138 10462 11848
3 2160 6146 10462
3 2853 11848 6146
3 311 8960 10465
3 1410 6147 8960
3 2160 10465 6147
3 658 11849 8965
3 2853 6148 11849
3 1410 8965 6148
3 144 11892 10459
3 2875 6149 11892
3 2159 10459 6149
3 670 8962 11893
3 1411 6150 8962
3 2875 11893 6150
3 311 10460 8961
3 2159 6151 10460
3 1411 8961 6151
3 23 11274 11854
3 2566 6152 11274
3 2856 11854 6152
3 516 8970 11277
3 1412 6153 8970
3 2566 11277 6153
3 661 11855 8969
3 2856 6154 11855
3 1412 8969 6154
3 65 10454 11280
3 2156 6155 10454
3 2569 11280 6155
3 312 8966 10457
3 1413 6156 8966
3 2156 10457 6156
3 516 11281 8971
3 2569 6157 11281
3 1413 8971 6157
3 138 11856 10463
3 2857 6158 11856
3 2161 10463 6158
3 661 8968 11857
3 1414 6159 8968
3 2857 11857 6159
3 312 10464 8967
3 2161 6160 10464
3 1414 8967 6160
3 26 11894 11267
3 2876 6161 11894
3 2563 11267 6161
3 671 8976 11895
3 1415 6162 8976
3 2876 11895 6162
3 515 11268 8975
3 2563 6163 11268
3 1415 8975 6163
3 144 10458 11896
3 2158 6164 10458
3 2877 11896 6164
3 313 8972 10461
3 1416 6165 8972
3 2158 10461 6165
3 671 11897 8977
3 2877 6166 11897
3 1416 8977 6166
3 65 11270 10455
3 2564 6167 11270
3 2157 10455 6167
3 515 8974 11271
3 1417 6168 8974
3 2564 11271 6168
3 313 10456 8973
3 2157 6169 10456
3 1417 8973 6169
3 4 11898 11875
3 2878 6170 11898
3 2867 11875 6170
3 672 8982 11899
3 1418 6171 8982
3 2878 11899 6171
3 667 11876 8981
3 2867 6172 11876
3 1418 8981 6172
3 145 10474 11900
3 2166 6173 10474
3 2879 11900 6173
3 314 8978 10477
3 1419 6174 8978
3 2166 10477 6174
3 672 11901 8983
3 2879 6175 11901
3 1419 8983 6175
3 143 11878 10471
3 2868 6176 11878
3 2165 10471 6176
3 667 8980 11879
3 1420 6177 8980
3 2868 11879 6177
3 314 10472 8979
3 2165 6178 10472
3 1420 8979 6178
3 25 11258 11902
3 2558 6179 11258
3 2880 11902 6179
3 512 8988 11261
3 1421 6180 8988
3 2558 11261 6180
3 673 11903 8987
3 2880 6181 11903
3 1421 8987 6181
3 66 10466 11264
3 2162 6182 10466
3 2561 11264 6182
3 315 8984 10469
3 1422 6183 8984
3 2162 10469 6183
3 512 11265 8989
3 2561 6184 11265
3 1422 8989 6184
3 145 11904 10475
3 2881 6185 11904
3 2167 10475 6185
3 673 8986 11905
3 1423 6186 8986
3 2881 11905 6186
3 315 10476 8985
3 2167 6187 10476
3 1423 8985 6187
3 23 11882 11275
3 2870 6188 11882
3 2567 11275 6188
3 668 8994 11883
3 1424 6189 8994
3 2870 11883 6189
3 517 11276 8993
3 2567 6190 11276
3 1424 8993 6190
3 143 10470 11884
3 2164 6191 10470
3 2871 11884 6191
3 316 8990 10473
3 1425 6192 8990
3 2164 10473 6192
3 668 11885 8995
3 2871 6193 11885
3 1425 8995 6193
3 66 11278 10467
3 2568 6194 11278
3 2163 10467 6194
3 517 8992 11279
3 1426 6195 8992
3 2568 11279 6195
3 316 10468 8991
3 2163 6196 10468
3 1426 8991 6196
3 3 11907 11906
3 2883 6197 11907
3 2882 11906 6197
3 675 9000 11908
3 1427 6198 9000
3 2883 11908 6198
3 674 11909 8999
3 2882 6199 11909
3 1427 8999 6199
3 147 10486 11910
3 2172 6200 10486
3 2884 11910 6200
3 317 8996 10489
3 1428 6201 8996
3 2172 10489 6201
3 675 11911 9001
3 2884 6202 11911
3 1428 9001 6202
3 146 11912 10483
3 2885 6203 11912
3 2171 10483 6203
3 674 8998 11913
3 1429 6204 8998
3 2885 11913 6204
3 317 10484 8997
3 2171 6205 10484
3 1429 8997 6205
3 26 11266 11914
3 2562 6206 11266
3 2886 11914 6206
3 514 9006 11269
3 1430 6207 9006
3 2562 11269 6207
3 676 11915 9005
3 2886 6208 11915
3 1430 9005 6208
3 67 10478 11272
3 2168 6209 10478
3 2565 11272 6209
3 318 9002 10481
3 1431 6210 9002
3 2168 10481 6210
3 514 11273 9007
3 2565 6211 11273
3 1431 9007 6211
3 147 11916 10487
3 2887 6212 11916
3 2173 10487 6212
3 676 9004 11917
3 1432 6213 9004
3 2887 11917 6213
3 318 10488 9003
3 2173 6214 10488
3 1432 9003 6214
3 25 11918 11259
3 2888 6215 11918
3 2559 11259 6215
3 677 9012 11919
3 1433 6216 9012
3 2888 11919 6216
3 513 11260 9011
3 2559 6217 11260
3 1433 9011 6217
3 146 10482 11920
3 2170 6218 10482
3 2889 11920 6218
3 319 9008 10485
3 1434 6219 9008
3 2170 10485 6219
3 677 11921 9013
3 2889 6220 11921
3 1434 9013 6220
3 67 11262 10479
3 2560 6221 11262
3 2169 10479 6221
3 513 9010 11263
3 1435 6222 9010
3 2560 11263 6222
3 319 10480 9009
3 2169 6223 10480
3 1435 9009 6223
3 9 11890 11922
3 2874 6224 11890
3 2890 11922 6224
3 670 9018 11891
3 1436 6225 9018
3 2874 11891 6225
3 678 11923 9017
3 2890 6226 11923
3 1436 9017 6226
3 144 10498 11892
3 2178 6227 10498
3 2875 11892 6227
3 320 9014 10501
3 1437 6228 9014
3 2178 10501 6228
3 670 11893 9019
3 2875 6229 11893
3 1437 9019 6229
3 148 11924 10495
3 2891 6230 11924
3 2177 10495 6230
3 678 9016 11925
3 1438 6231 9016
3 2891 11925 6231
3 320 10496 9015
3 2177 6232 10496
3 1438 9015 6232
3 26 11298 11894
3 2578 6233 11298
3 2876 11894 6233
3 522 9024 11301
3 1439 6234 9024
3 2578 11301 6234
3 671 11895 9023
3 2876 6235 11895
3 1439 9023 6235
3 68 10490 11304
3 2174 6236 10490
3 2581 11304 6236
3 321 9020 10493
3 1440 6237 9020
3 2174 10493 6237
3 522 11305 9025
3 2581 6238 11305
3 1440 9025 6238
3 144 11896 10499
3 2877 6239 11896
3 2179 10499 6239
3 671 9022 11897
3 1441 6240 9022
3 2877 11897 6240
3 321 10500 9021
3 2179 6241 10500
3 1441 9021 6241
3 27 11926 11291
3 2892 6242 11926
3 2575 11291 6242
3 679 9030 11927
3 1442 6243 9030
3 2892 11927 6243
3 521 11292 9029
3 2575 6244 11292
3 1442 9029 6244
3 148 10494 11928
3 2176 6245 10494
3 2893 11928 6245
3 322 9026 10497
3 1443 6246 9026
3 2176 10497 6246
3 679 11929 9031
3 2893 6247 11929
3 1443 9031 6247
3 68 11294 10491
3 2576 6248 11294
3 2175 10491 6248
3 521 9028 11295
3 1444 6249 9028
3 2576 11295 6249
3 322 10492 9027
3 2175 6250 10492
3 1444 9027 6250
3 3 11810 11907
3 2834 6251 11810
3 2883 11907 6251
3 650 9036 11813
3 1445 6252 9036
3 2834 11813 6252
3 675 11908 9035
3 2883 6253 11908
3 1445 9035 6253
3 134 10510 11816
3 2184 6254 10510
3 2837 11816 6254
3 323 9032 10513
3 1446 6255 9032
3 2184 10513 6255
3 650 11817 9037
3 2837 6256 11817
3 1446 9037 6256
3 147 11910 10507
3 2884 6257 11910
3 2183 10507 6257
3 675 9034 11911
3 1447 6258 9034
3 2884 11911 6258
3 323 10508 9033
3 2183 6259 10508
3 1447 9033 6259
3 19 11282 11822
3 2570 6260 11282
3 2840 11822 6260
3 518 9042 11285
3 1448 6261 9042
3 2570 11285 6261
3 653 11823 9041
3 2840 6262 11823
3 1448 9041 6262
3 69 10502 11288
3 2180 6263 10502
3 2573 11288 6263
3 324 9038 10505
3 1449 6264 9038
3 2180 10505 6264
3 518 11289 9043
3 2573 6265 11289
3 1449 9043 6265
3 134 11824 10511
3 2841 6266 11824
3 2185 10511 6266
3 653 9040 11825
3 1450 6267 9040
3 2841 11825 6267
3 324 10512 9039
3 2185 6268 10512
3 1450 9039 6268
3 26 11914 11299
3 2886 6269 11914
3 2579 11299 6269
3 676 9048 11915
3 1451 6270 9048
3 2886 11915 6270
3 523 11300 9047
3 2579 6271 11300
3 1451 9047 6271
3 147 10506 11916
3 2182 6272 10506
3 2887 11916 6272
3 325 9044 10509
3 1452 6273 9044
3 2182 10509 6273
3 676 11917 9049
3 2887 6274 11917
3 1452 9049 6274
3 69 11302 10503
3 2580 6275 11302
3 2181 10503 6275
3 523 9046 11303
3 1453 6276 9046
3 2580 11303 6276
3 325 10504 9045
3 2181 6277 10504
3 1453 9045 6277
3 2 11930 11802
3 2894 6278 11930
3 2830 11802 6278
3 680 9054 11931
3 1454 6279 9054
3 2894 11931 6279
3 648 11803 9053
3 2830 6280 11803
3 1454 9053 6280
3 149 10522 11932
3 2190 6281 10522
3 2895 11932 6281
3 326 9050 10525
3 1455 6282 9050
3 2190 10525 6282
3 680 11933 9055
3 2895 6283 11933
3 1455 9055 6283
3 133 11804 10519
3 2831 6284 11804
3 2189 10519 6284
3 648 9052 11805
3 1456 6285 9052
3 2831 11805 6285
3 326 10520 9051
3 2189 6286 10520
3 1456 9051 6286
3 27 11290 11934
3 2574 6287 11290
3 2896 11934 6287
3 520 9060 11293
3 1457 6288 9060
3 2574 11293 6288
3 681 11935 9059
3 2896 6289 11935
3 1457 9059 6289
3 70 10514 11296
3 2186 6290 10514
3 2577 11296 6290
3 327 9056 10517
3 1458 6291 9056
3 2186 10517 6291
3 520 11297 9061
3 2577 6292 11297
3 1458 9061 6292
3 149 11936 10523
3 2897 6293 11936
3 2191 10523 6293
3 681 9058 11937
3 1459 6294 9058
3 2897 11937 6294
3 327 10524 9057
3 2191 6295 10524
3 1459 9057 6295
3 19 11806 11283
3 2832 6296 11806
3 2571 11283 6296
3 649 9066 11807
3 1460 6297 9066
3 2832 11807 6297
3 519 11284 9065
3 2571 6298 11284
3 1460 9065 6298
3 133 10518 11808
3 2188 6299 10518
3 2833 11808 6299
3 328 9062 10521
3 1461 6300 9062
3 2188 10521 6300
3 649 11809 9067
3 2833 6301 11809
3 1461 9067 6301
3 70 11286 10515
3 2572 6302 11286
3 2187 10515 6302
3 519 9064 11287
3 1462 6303 9064
3 2572 11287 6303
3 328 10516 9063
3 2187 6304 10516
3 1462 9063 6304
3 9 11922 11843
3 2890 6305 11922
3 2851 11843 6305
3 678 9072 11923
3 1463 6306 9072
3 2890 11923 6306
3 659 11844 9071
3 2851 6307 11844
3 1463 9071 6307
3 148 10534 11924
3 2196 6308 10534
3 2891 11924 6308
3 329 9068 10537
3 1464 6309 9068
3 2196 10537 6309
3 678 11925 9073
3 2891 6310 11925
3 1464 9073 6310
3 139 11846 10531
3 2852 6311 11846
3 2195 10531 6311
3 659 9070 11847
3 1465 6312 9070
3 2852 11847 6312
3 329 10532 9069
3 2195 6313 10532
3 1465 9069 6313
3 27 11322 11926
3 2590 6314 11322
3 2892 11926 6314
3 528 9078 11325
3 1466 6315 9078
3 2590 11325 6315
3 679 11927 9077
3 2892 6316 11927
3 1466 9077 6316
3 71 10526 11328
3 2192 6317 10526
3 2593 11328 6317
3 330 9074 10529
3 1467 6318 9074
3 2192 10529 6318
3 528 11329 9079
3 2593 6319 11329
3 1467 9079 6319
3 148 11928 10535
3 2893 6320 11928
3 2197 10535 6320
3 679 9076 11929
3 1468 6321 9076
3 2893 11929 6321
3 330 10536 9075
3 2197 6322 10536
3 1468 9075 6322
3 24 11850 11315
3 2854 6323 11850
3 2587 11315 6323
3 660 9084 11851
3 1469 6324 9084
3 2854 11851 6324
3 527 11316 9083
3 2587 6325 11316
3 1469 9083 6325
3 139 10530 11852
3 2194 6326 10530
3 2855 11852 6326
3 331 9080 10533
3 1470 6327 9080
3 2194 10533 6327
3 660 11853 9085
3 2855 6328 11853
3 1470 9085 6328
3 71 11318 10527
3 2588 6329 11318
3 2193 10527 6329
3 527 9082 11319
3 1471 6330 9082
3 2588 11319 6330
3 331 10528 9081
3 2193 6331 10528
3 1471 9081 6331
3 2 11938 11930
3 2898 6332 11938
3 2894 11930 6332
3 682 9090 11939
3 1472 6333 9090
3 2898 11939 6333
3 680 11931 9089
3 2894 6334 11931
3 1472 9089 6334
3 150 10546 11940
3 2202 6335 10546
3 2899 11940 6335
3 332 9086 10549
3 1473 6336 9086
3 2202 10549 6336
3 682 11941 9091
3 2899 6337 11941
3 1473 9091 6337
3 149 11932 10543
3 2895 6338 11932
3 2201 10543 6338
3 680 9088 11933
3 1474 6339 9088
3 2895 11933 6339
3 332 10544 9087
3 2201 6340 10544
3 1474 9087 6340
3 28 11306 11942
3 2582 6341 11306
3 2900 11942 6341
3 524 9096 11309
3 1475 6342 9096
3 2582 11309 6342
3 683 11943 9095
3 2900 6343 11943
3 1475 9095 6343
3 72 10538 11312
3 2198 6344 10538
3 2585 11312 6344
3 333 9092 10541
3 1476 6345 9092
3 2198 10541 6345
3 524 11313 9097
3 2585 6346 11313
3 1476 9097 6346
3 150 11944 10547
3 2901 6347 11944
3 2203 10547 6347
3 683 9094 11945
3 1477 6348 9094
3 2901 11945 6348
3 333 10548 9093
3 2203 6349 10548
3 1477 9093 6349
3 27 11934 11323
3 2896 6350 11934
3 2591 11323 6350
3 681 9102 11935
3 1478 6351 9102
3 2896 11935 6351
3 529 11324 9101
3 2591 6352 11324
3 1478 9101 6352
3 149 10542 11936
3 2200 6353 10542
3 2897 11936 6353
3 334 9098 10545
3 1479 6354 9098
3 2200 10545 6354
3 681 11937 9103
3 2897 6355 11937
3 1479 9103 6355
3 72 11326 10539
3 2592 6356 11326
3 2199 10539 6356
3 529 9100 11327
3 1480 6357 9100
3 2592 11327 6357
3 334 10540 9099
3 2199 6358 10540
3 1480 9099 6358
3 5 11858 11946
3 2858 6359 11858
3 2902 11946 6359
3 662 9108 11861
3 1481 6360 9108
3 2858 11861 6360
3 684 11947 9107
3 2902 6361 11947
3 1481 9107 6361
3 140 10558 11864
3 2208 6362 10558
3 2861 11864 6362
3 335 9104 10561
3 1482 6363 9104
3 2208 10561 6363
3 662 11865 9109
3 2861 6364 11865
3 1482 9109 6364
3 151 11948 10555
3 2903 6365 11948
3 2207 10555 6365
3 684 9106 11949
3 1483 6366 9106
3 2903 11949 6366
3 335 10556 9105
3 2207 6367 10556
3 1483 9105 6367
3 24 11314 11870
3 2586 6368 11314
3 2864 11870 6368
3 526 9114 11317
3 1484 6369 9114
3 2586 11317 6369
3 665 11871 9113
3 2864 6370 11871
3 1484 9113 6370
3 73 10550 11320
3 2204 6371 10550
3 2589 11320 6371
3 336 9110 10553
3 1485 6372 9110
3 2204 10553 6372
3 526 11321 9115
3 2589 6373 11321
3 1485 9115 6373
3 140 11872 10559
3 2865 6374 11872
3 2209 10559 6374
3 665 9112 11873
3 1486 6375 9112
3 2865 11873 6375
3 336 10560 9111
3 2209 6376 10560
3 1486 9111 6376
3 28 11950 11307
3 2904 6377 11950
3 2583 11307 6377
3 685 9120 11951
3 1487 6378 9120
3 2904 11951 6378
3 525 11308 9119
3 2583 6379 11308
3 1487 9119 6379
3 151 10554 11952
3 2206 6380 10554
3 2905 11952 6380
3 337 9116 10557
3 1488 6381 9116
3 2206 10557 6381
3 685 11953 9121
3 2905 6382 11953
3 1488 9121 6382
3 73 11310 10551
3 2584 6383 11310
3 2205 10551 6383
3 525 9118 11311
3 1489 6384 9118
3 2584 11311 6384
3 337 10552 9117
3 2205 6385 10552
3 1489 9117 6385
3 10 11955 11954
3 2907 6386 11955
3 2906 11954 6386
3 687 9126 11956
3 1490 6387 9126
3 2907 11956 6387
3 686 11957 9125
3 2906 6388 11957
3 1490 9125 6388
3 153 10570 11958
3 2214 6389 10570
3 2908 11958 6389
3 338 9122 10573
3 1491 6390 9122
3 2214 10573 6390
3 687 11959 9127
3 2908 6391 11959
3 1491 9127 6391
3 152 11960 10567
3 2909 6392 11960
3 2213 10567 6392
3 686 9124 11961
3 1492 6393 9124
3 2909 11961 6393
3 338 10568 9123
3 2213 6394 10568
3 1492 9123 6394
3 30 11346 11962
3 2602 6395 11346
3 2910 11962 6395
3 534 9132 11349
3 1493 6396 9132
3 2602 11349 6396
3 688 11963 9131
3 2910 6397 11963
3 1493 9131 6397
3 74 10562 11352
3 2210 6398 10562
3 2605 11352 6398
3 339 9128 10565
3 1494 6399 9128
3 2210 10565 6399
3 534 11353 9133
3 2605 6400 11353
3 1494 9133 6400
3 153 11964 10571
3 2911 6401 11964
3 2215 10571 6401
3 688 9130 11965
3 1495 6402 9130
3 2911 11965 6402
3 339 10572 9129
3 2215 6403 10572
3 1495 9129 6403
3 29 11966 11339
3 2912 6404 11966
3 2599 11339 6404
3 689 9138 11967
3 1496 6405 9138
3 2912 11967 6405
3 533 11340 9137
3 2599 6406 11340
3 1496 9137 6406
3 152 10566 11968
3 2212 6407 10566
3 2913 11968 6407
3 340 9134 10569
3 1497 6408 9134
3 2212 10569 6408
3 689 11969 9139
3 2913 6409 11969
3 1497 9139 6409
3 74 11342 10563
3 2600 6410 11342
3 2211 10563 6410
3 533 9136 11343
3 1498 6411 9136
3 2600 11343 6411
3 340 10564 9135
3 2211 6412 10564
3 1498 9135 6412
3 4 11874 11970
3 2866 6413 11874
3 2914 11970 6413
3 666 9144 11877
3 1499 6414 9144
3 2866 11877 6414
3 690 11971 9143
3 2914 6415 11971
3 1499 9143 6415
3 142 10582 11880
3 2220 6416 10582
3 2869 11880 6416
3 341 9140 10585
3 1500 6417 9140
3 2220 10585 6417
3 666 11881 9145
3 2869 6418 11881
3 1500 9145 6418
3 154 11972 10579
3 2915 6419 11972
3 2219 10579 6419
3 690 9142 11973
3 1501 6420 9142
3 2915 11973 6420
3 341 10580 9141
3 2219 6421 10580
3 1501 9141 6421
3 22 11330 11886
3 2594 6422 11330
3 2872 11886 6422
3 530 9150 11333
3 1502 6423 9150
3 2594 11333 6423
3 669 11887 9149
3 2872 6424 11887
3 1502 9149 6424
3 75 10574 11336
3 2216 6425 10574
3 2597 11336 6425
3 342 9146 10577
3 1503 6426 9146
3 2216 10577 6426
3 530 11337 9151
3 2597 6427 11337
3 1503 9151 6427
3 142 11888 10583
3 2873 6428 11888
3 2221 10583 6428
3 669 9148 11889
3 1504 6429 9148
3 2873 11889 6429
3 342 10584 9147
3 2221 6430 10584
3 1504 9147 6430
3 30 11974 11347
3 2916 6431 11974
3 2603 11347 6431
3 691 9156 11975
3 1505 6432 9156
3 2916 11975 6432
3 535 11348 9155
3 2603 6433 11348
3 1505 9155 6433
3 154 10578 11976
3 2218 6434 10578
3 2917 11976 6434
3 343 9152 10581
3 1506 6435 9152
3 2218 10581 6435
3 691 11977 9157
3 2917 6436 11977
3 1506 9157 6436
3 75 11350 10575
3 2604 6437 11350
3 2217 10575 6437
3 535 9154 11351
3 1507 6438 9154
3 2604 11351 6438
3 343 10576 9153
3 2217 6439 10576
3 1507 9153 6439
3 5 11978 11859
3 2918 6440 11978
3 2859 11859 6440
3 692 9162 11979
3 1508 6441 9162
3 2918 11979 6441
3 663 11860 9161
3 2859 6442 11860
3 1508 9161 6442
3 155 10594 11980
3 2226 6443 10594
3 2919 11980 6443
3 344 9158 10597
3 1509 6444 9158
3 2226 10597 6444
3 692 11981 9163
3 2919 6445 11981
3 1509 9163 6445
3 141 11862 10591
3 2860 6446 11862
3 2225 10591 6446
3 663 9160 11863
3 1510 6447 9160
3 2860 11863 6447
3 344 10592 9159
3 2225 6448 10592
3 1510 9159 6448
3 29 11338 11982
3 2598 6449 11338
3 2920 11982 6449
3 532 9168 11341
3 1511 6450 9168
3 2598 11341 6450
3 693 11983 9167
3 2920 6451 11983
3 1511 9167 6451
3 76 10586 11344
3 2222 6452 10586
3 2601 11344 6452
3 345 9164 10589
3 1512 6453 9164
3 2222 10589 6453
3 532 11345 9169
3 2601 6454 11345
3 1512 9169 6454
3 155 11984 10595
3 2921 6455 11984
3 2227 10595 6455
3 693 9166 11985
3 1513 6456 9166
3 2921 11985 6456
3 345 10596 9165
3 2227 6457 10596
3 1513 9165 6457
3 22 11866 11331
3 2862 6458 11866
3 2595 11331 6458
3 664 9174 11867
3 1514 6459 9174
3 2862 11867 6459
3 531 11332 9173
3 2595 6460 11332
3 1514 9173 6460
3 141 10590 11868
3 2224 6461 10590
3 2863 11868 6461
3 346 9170 10593
3 1515 6462 9170
3 2224 10593 6462
3 664 11869 9175
3 2863 6463 11869
3 1515 9175 6463
3 76 11334 10587
3 2596 6464 11334
3 2223 10587 6464
3 531 9172 11335
3 1516 6465 9172
3 2596 11335 6465
3 346 10588 9171
3 2223 6466 10588
3 1516 9171 6466
3 10 11954 11986
3 2906 6467 11954
3 2922 11986 6467
3 686 9180 11957
3 1517 6468 9180
3 2906 11957 6468
3 694 11987 9179
3 2922 6469 11987
3 1517 9179 6469
3 152 10606 11960
3 2232 6470 10606
3 2909 11960 6470
3 347 9176 10609
3 1518 6471 9176
3 2232 10609 6471
3 686 11961 9181
3 2909 6472 11961
3 1518 9181 6472
3 156 11988 10603
3 2923 6473 11988
3 2231 10603 6473
3 694 9178 11989
3 1519 6474 9178
3 2923 11989 6474
3 347 10604 9177
3 2231 6475 10604
3 1519 9177 6475
3 29 11370 11966
3 2614 6476 11370
3 2912 11966 6476
3 540 9186 11373
3 1520 6477 9186
3 2614 11373 6477
3 689 11967 9185
3 2912 6478 11967
3 1520 9185 6478
3 77 10598 11376
3 2228 6479 10598
3 2617 11376 6479
3 348 9182 10601
3 1521 6480 9182
3 2228 10601 6480
3 540 11377 9187
3 2617 6481 11377
3 1521 9187 6481
3 152 11968 10607
3 2913 6482 11968
3 2233 10607 6482
3 689 9184 11969
3 1522 6483 9184
3 2913 11969 6483
3 348 10608 9183
3 2233 6484 10608
3 1522 9183 6484
3 32 11990 11363
3 2924 6485 11990
3 2611 11363 6485
3 695 9192 11991
3 1523 6486 9192
3 2924 11991 6486
3 539 11364 9191
3 2611 6487 11364
3 1523 9191 6487
3 156 10602 11992
3 2230 6488 10602
3 2925 11992 6488
3 349 9188 10605
3 1524 6489 9188
3 2230 10605 6489
3 695 11993 9193
3 2925 6490 11993
3 1524 9193 6490
3 77 11366 10599
3 2612 6491 11366
3 2229 10599 6491
3 539 9190 11367
3 1525 6492 9190
3 2612 11367 6492
3 349 10600 9189
3 2229 6493 10600
3 1525 9189 6493
3 5 11994 11978
3 2926 6494 11994
3 2918 11978 6494
3 696 9198 11995
3 1526 6495 9198
3 2926 11995 6495
3 692 11979 9197
3 2918 6496 11979
3 1526 9197 6496
3 157 10618 11996
3 2238 6497 10618
3 2927 11996 6497
3 350 9194 10621
3 1527 6498 9194
3 2238 10621 6498
3 696 11997 9199
3 2927 6499 11997
3 1527 9199 6499
3 155 11980 10615
3 2919 6500 11980
3 2237 10615 6500
3 692 9196 11981
3 1528 6501 9196
3 2919 11981 6501
3 350 10616 9195
3 2237 6502 10616
3 1528 9195 6502
3 31 11354 11998
3 2606 6503 11354
3 2928 11998 6503
3 536 9204 11357
3 1529 6504 9204
3 2606 11357 6504
3 697 11999 9203
3 2928 6505 11999
3 1529 9203 6505
3 78 10610 11360
3 2234 6506 10610
3 2609 11360 6506
3 351 9200 10613
3 1530 6507 9200
3 2234 10613 6507
3 536 11361 9205
3 2609 6508 11361
3 1530 9205 6508
3 157 12000 10619
3 2929 6509 12000
3 2239 10619 6509
3 697 9202 12001
3 1531 6510 9202
3 2929 12001 6510
3 351 10620 9201
3 2239 6511 10620
3 1531 9201 6511
3 29 11982 11371
3 2920 6512 11982
3 2615 11371 6512
3 693 9210 11983
3 1532 6513 9210
3 2920 11983 6513
3 541 11372 9209
3 2615 6514 11372
3 1532 9209 6514
3 155 10614 11984
3 2236 6515 10614
3 2921 11984 6515
3 352 9206 10617
3 1533 6516 9206
3 2236 10617 6516
3 693 11985 9211
3 2921 6517 11985
3 1533 9211 6517
3 78 11374 10611
3 2616 6518 11374
3 2235 10611 6518
3 541 9208 11375
3 1534 6519 9208
3 2616 11375 6519
3 352 10612 9207
3 2235 6520 10612
3 1534 9207 6520
3 6 12003 12002
3 2931 6521 12003
3 2930 12002 6521
3 699 9216 12004
3 1535 6522 9216
3 2931 12004 6522
3 698 12005 9215
3 2930 6523 12005
3 1535 9215 6523
3 159 10630 12006
3 2244 6524 10630
3 2932 12006 6524
3 353 9212 10633
3 1536 6525 9212
3 2244 10633 6525
3 699 12007 9217
3 2932 6526 12007
3 1536 9217 6526
3 158 12008 10627
3 2933 6527 12008
3 2243 10627 6527
3 698 9214 12009
3 1537 6528 9214
3 2933 12009 6528
3 353 10628 9213
3 2243 6529 10628
3 1537 9213 6529
3 32 11362 12010
3 2610 6530 11362
3 2934 12010 6530
3 538 9222 11365
3 1538 6531 9222
3 2610 11365 6531
3 700 12011 9221
3 2934 6532 12011
3 1538 9221 6532
3 79 10622 11368
3 2240 6533 10622
3 2613 11368 6533
3 354 9218 10625
3 1539 6534 9218
3 2240 10625 6534
3 538 11369 9223
3 2613 6535 11369
3 1539 9223 6535
3 159 12012 10631
3 2935 6536 12012
3 2245 10631 6536
3 700 9220 12013
3 1540 6537 9220
3 2935 12013 6537
3 354 10632 9219
3 2245 6538 10632
3 1540 9219 6538
3 31 12014 11355
3 2936 6539 12014
3 2607 11355 6539
3 701 9228 12015
3 1541 6540 9228
3 2936 12015 6540
3 537 11356 9227
3 2607 6541 11356
3 1541 9227 6541
3 158 10626 12016
3 2242 6542 10626
3 2937 12016 6542
3 355 9224 10629
3 1542 6543 9224
3 2242 10629 6543
3 701 12017 9229
3 2937 6544 12017
3 1542 9229 6544
3 79 11358 10623
3 2608 6545 11358
3 2241 10623 6545
3 537 9226 11359
3 1543 6546 9226
3 2608 11359 6546
3 355 10624 9225
3 2241 6547 10624
3 1543 9225 6547
3 10 11986 12018
3 2922 6548 11986
3 2938 12018 6548
3 694 9234 11987
3 1544 6549 9234
3 2922 11987 6549
3 702 12019 9233
3 2938 6550 12019
3 1544 9233 6550
3 156 10642 11988
3 2250 6551 10642
3 2923 11988 6551
3 356 9230 10645
3 1545 6552 9230
3 2250 10645 6552
3 694 11989 9235
3 2923 6553 11989
3 1545 9235 6553
3 160 12020 10639
3 2939 6554 12020
3 2249 10639 6554
3 702 9232 12021
3 1546 6555 9232
3 2939 12021 6555
3 356 10640 9231
3 2249 6556 10640
3 1546 9231 6556
3 32 11394 11990
3 2626 6557 11394
3 2924 11990 6557
3 546 9240 11397
3 1547 6558 9240
3 2626 11397 6558
3 695 11991 9239
3 2924 6559 11991
3 1547 9239 6559
3 80 10634 11400
3 2246 6560 10634
3 2629 11400 6560
3 357 9236 10637
3 1548 6561 9236
3 2246 10637 6561
3 546 11401 9241
3 2629 6562 11401
3 1548 9241 6562
3 156 11992 10643
3 2925 6563 11992
3 2251 10643 6563
3 695 9238 11993
3 1549 6564 9238
3 2925 11993 6564
3 357 10644 9237
3 2251 6565 10644
3 1549 9237 6565
3 34 12022 11387
3 2940 6566 12022
3 2623 11387 6566
3 703 9246 12023
3 1550 6567 9246
3 2940 12023 6567
3 545 11388 9245
3 2623 6568 11388
3 1550 9245 6568
3 160 10638 12024
3 2248 6569 10638
3 2941 12024 6569
3 358 9242 10641
3 1551 6570 9242
3 2248 10641 6570
3 703 12025 9247
3 2941 6571 12025
3 1551 9247 6571
3 80 11390 10635
3 2624 6572 11390
3 2247 10635 6572
3 545 9244 11391
3 1552 6573 9244
3 2624 11391 6573
3 358 10636 9243
3 2247 6574 10636
3 1552 9243 6574
3 6 12026 12003
3 2942 6575 12026
3 2931 12003 6575
3 704 9252 12027
3 1553 6576 9252
3 2942 12027 6576
3 699 12004 9251
3 2931 6577 12004
3 1553 9251 6577
3 161 10654 12028
3 2256 6578 10654
3 2943 12028 6578
3 359 9248 10657
3 1554 6579 9248
3 2256 10657 6579
3 704 12029 9253
3 2943 6580 12029
3 1554 9253 6580
3 159 12006 10651
3 2932 6581 12006
3 2255 10651 6581
3 699 9250 12007
3 1555 6582 9250
3 2932 12007 6582
3 359 10652 9249
3 2255 6583 10652
3 1555 9249 6583
3 33 11378 12030
3 2618 6584 11378
3 2944 12030 6584
3 542 9258 11381
3 1556 6585 9258
3 2618 11381 6585
3 705 12031 9257
3 2944 6586 12031
3 1556 9257 6586
3 81 10646 11384
3 2252 6587 10646
3 2621 11384 6587
3 360 9254 10649
3 1557 6588 9254
3 2252 10649 6588
3 542 11385 9259
3 2621 6589 11385
3 1557 9259 6589
3 161 12032 10655
3 2945 6590 12032
3 2257 10655 6590
3 705 9256 12033
3 1558 6591 9256
3 2945 12033 6591
3 360 10656 9255
3 2257 6592 10656
3 1558 9255 6592
3 32 12010 11395
3 2934 6593 12010
3 2627 11395 6593
3 700 9264 12011
3 1559 6594 9264
3 2934 12011 6594
3 547 11396 9263
3 2627 6595 11396
3 1559 9263 6595
3 159 10650 12012
3 2254 6596 10650
3 2935 12012 6596
3 361 9260 10653
3 1560 6597 9260
3 2254 10653 6597
3 700 12013 9265
3 2935 6598 12013
3 1560 9265 6598
3 81 11398 10647
3 2628 6599 11398
3 2253 10647 6599
3 547 9262 11399
3 1561 6600 9262
3 2628 11399 6600
3 361 10648 9261
3 2253 6601 10648
3 1561 9261 6601
3 7 12035 12034
3 2947 6602 12035
3 2946 12034 6602
3 707 9270 12036
3 1562 6603 9270
3 2947 12036 6603
3 706 12037 9269
3 2946 6604 12037
3 1562 9269 6604
3 163 10666 12038
3 2262 6605 10666
3 2948 12038 6605
3 362 9266 10669
3 1563 6606 9266
3 2262 10669 6606
3 707 12039 9271
3 2948 6607 12039
3 1563 9271 6607
3 162 12040 10663
3 2949 6608 12040
3 2261 10663 6608
3 706 9268 12041
3 1564 6609 9268
3 2949 12041 6609
3 362 10664 9267
3 2261 6610 10664
3 1564 9267 6610
3 34 11386 12042
3 2622 6611 11386
3 2950 12042 6611
3 544 9276 11389
3 1565 6612 9276
3 2622 11389 6612
3 708 12043 9275
3 2950 6613 12043
3 1565 9275 6613
3 82 10658 11392
3 2258 6614 10658
3 2625 11392 6614
3 363 9272 10661
3 1566 6615 9272
3 2258 10661 6615
3 544 11393 9277
3 2625 6616 11393
3 1566 9277 6616
3 163 12044 10667
3 2951 6617 12044
3 2263 10667 6617
3 708 9274 12045
3 1567 6618 9274
3 2951 12045 6618
3 363 10668 9273
3 2263 6619 10668
3 1567 9273 6619
3 33 12046 11379
3 2952 6620 12046
3 2619 11379 6620
3 709 9282 12047
3 1568 6621 9282
3 2952 12047 6621
3 543 11380 9281
3 2619 6622 11380
3 1568 9281 6622
3 162 10662 12048
3 2260 6623 10662
3 2953 12048 6623
3 364 9278 10665
3 1569 6624 9278
3 2260 10665 6624
3 709 12049 9283
3 2953 6625 12049
3 1569 9283 6625
3 82 11382 10659
3 2620 6626 11382
3 2259 10659 6626
3 543 9280 11383
3 1570 6627 9280
3 2620 11383 6627
3 364 10660 9279
3 2259 6628 10660
3 1570 9279 6628
3 10 12018 11955
3 2938 6629 12018
3 2907 11955 6629
3 702 9288 12019
3 1571 6630 9288
3 2938 12019 6630
3 687 11956 9287
3 2907 6631 11956
3 1571 9287 6631
3 160 10678 12020
3 2268 6632 10678
3 2939 12020 6632
3 365 9284 10681
3 1572 6633 9284
3 2268 10681 6633
3 702 12021 9289
3 2939 6634 12021
3 1572 9289 6634
3 153 11958 10675
3 2908 6635 11958
3 2267 10675 6635
3 687 9286 11959
3 1573 6636 9286
3 2908 11959 6636
3 365 10676 9285
3 2267 6637 10676
3 1573 9285 6637
3 34 11418 12022
3 2638 6638 11418
3 2940 12022 6638
3 552 9294 11421
3 1574 6639 9294
3 2638 11421 6639
3 703 12023 9293
3 2940 6640 12023
3 1574 9293 6640
3 83 10670 11424
3 2264 6641 10670
3 2641 11424 6641
3 366 9290 10673
3 1575 6642 9290
3 2264 10673 6642
3 552 11425 9295
3 2641 6643 11425
3 1575 9295 6643
3 160 12024 10679
3 2941 6644 12024
3 2269 10679 6644
3 703 9292 12025
3 1576 6645 9292
3 2941 12025 6645
3 366 10680 9291
3 2269 6646 10680
3 1576 9291 6646
3 30 11962 11411
3 2910 6647 11962
3 2635 11411 6647
3 688 9300 11963
3 1577 6648 9300
3 2910 11963 6648
3 551 11412 9299
3 2635 6649 11412
3 1577 9299 6649
3 153 10674 11964
3 2266 6650 10674
3 2911 11964 6650
3 367 9296 10677
3 1578 6651 9296
3 2266 10677 6651
3 688 11965 9301
3 2911 6652 11965
3 1578 9301 6652
3 83 11414 10671
3 2636 6653 11414
3 2265 10671 6653
3 551 9298 11415
3 1579 6654 9298
3 2636 11415 6654
3 367 10672 9297
3 2265 6655 10672
3 1579 9297 6655
3 7 12050 12035
3 2954 6656 12050
3 2947 12035 6656
3 710 9306 12051
3 1580 6657 9306
3 2954 12051 6657
3 707 12036 9305
3 2947 6658 12036
3 1580 9305 6658
3 164 10690 12052
3 2274 6659 10690
3 2955 12052 6659
3 368 9302 10693
3 1581 6660 9302
3 2274 10693 6660
3 710 12053 9307
3 2955 6661 12053
3 1581 9307 6661
3 163 12038 10687
3 2948 6662 12038
3 2273 10687 6662
3 707 9304 12039
3 1582 6663 9304
3 2948 12039 6663
3 368 10688 9303
3 2273 6664 10688
3 1582 9303 6664
3 35 11402 12054
3 2630 6665 11402
3 2956 12054 6665
3 548 9312 11405
3 1583 6666 9312
3 2630 11405 6666
3 711 12055 9311
3 2956 6667 12055
3 1583 9311 6667
3 84 10682 11408
3 2270 6668 10682
3 2633 11408 6668
3 369 9308 10685
3 1584 6669 9308
3 2270 10685 6669
3 548 11409 9313
3 2633 6670 11409
3 1584 9313 6670
3 164 12056 10691
3 2957 6671 12056
3 2275 10691 6671
3 711 9310 12057
3 1585 6672 9310
3 2957 12057 6672
3 369 10692 9309
3 2275 6673 10692
3 1585 9309 6673
3 34 12042 11419
3 2950 6674 12042
3 2639 11419 6674
3 708 9318 12043
3 1586 6675 9318
3 2950 12043 6675
3 553 11420 9317
3 2639 6676 11420
3 1586 9317 6676
3 163 10686 12044
3 2272 6677 10686
3 2951 12044 6677
3 370 9314 10689
3 1587 6678 9314
3 2272 10689 6678
3 708 12045 9319
3 2951 6679 12045
3 1587 9319 6679
3 84 11422 10683
3 2640 6680 11422
3 2271 10683 6680
3 553 9316 11423
3 1588 6681 9316
3 2640 11423 6681
3 370 10684 9315
3 2271 6682 10684
3 1588 9315 6682
3 4 11970 12058
3 2914 6683 11970
3 2958 12058 6683
3 690 9324 11971
3 1589 6684 9324
3 2914 11971 6684
3 712 12059 9323
3 2958 6685 12059
3 1589 9323 6685
3 154 10702 11972
3 2280 6686 10702
3 2915 11972 6686
3 371 9320 10705
3 1590 6687 9320
3 2280 10705 6687
3 690 11973 9325
3 2915 6688 11973
3 1590 9325 6688
3 165 12060 10699
3 2959 6689 12060
3 2279 10699 6689
3 712 9322 12061
3 1591 6690 9322
3 2959 12061 6690
3 371 10700 9321
3 2279 6691 10700
3 1591 9321 6691
3 30 11410 11974
3 2634 6692 11410
3 2916 11974 6692
3 550 9330 11413
3 1592 6693 9330
3 2634 11413 6693
3 691 11975 9329
3 2916 6694 11975
3 1592 9329 6694
3 85 10694 11416
3 2276 6695 10694
3 2637 11416 6695
3 372 9326 10697
3 1593 6696 9326
3 2276 10697 6696
3 550 11417 9331
3 2637 6697 11417
3 1593 9331 6697
3 154 11976 10703
3 2917 6698 11976
3 2281 10703 6698
3 691 9328 11977
3 1594 6699 9328
3 2917 11977 6699
3 372 10704 9327
3 2281 6700 10704
3 1594 9327 6700
3 35 12062 11403
3 2960 6701 12062
3 2631 11403 6701
3 713 9336 12063
3 1595 6702 9336
3 2960 12063 6702
3 549 11404 9335
3 2631 6703 11404
3 1595 9335 6703
3 165 10698 12064
3 2278 6704 10698
3 2961 12064 6704
3 373 9332 10701
3 1596 6705 9332
3 2278 10701 6705
3 713 12065 9337
3 2961 6706 12065
3 1596 9337 6706
3 85 11406 10695
3 2632 6707 11406
3 2277 10695 6707
3 549 9334 11407
3 1597 6708 9334
3 2632 11407 6708
3 373 10696 9333
3 2277 6709 10696
3 1597 9333 6709
3 11 12067 12066
3 2963 6710 12067
3 2962 12066 6710
3 715 9342 12068
3 1598 6711 9342
3 2963 12068 6711
3 714 12069 9341
3 2962 6712 12069
3 1598 9341 6712
3 167 10714 12070
3 2286 6713 10714
3 2964 12070 6713
3 374 9338 10717
3 1599 6714 9338
3 2286 10717 6714
3 715 12071 9343
3 2964 6715 12071
3 1599 9343 6715
3 166 12072 10711
3 2965 6716 12072
3 2285 10711 6716
3 714 9340 12073
3 1600 6717 9340
3 2965 12073 6717
3 374 10712 9339
3 2285 6718 10712
3 1600 9339 6718
3 37 11442 12074
3 2650 6719 11442
3 2966 12074 6719
3 558 9348 11445
3 1601 6720 9348
3 2650 11445 6720
3 716 12075 9347
3 2966 6721 12075
3 1601 9347 6721
3 86 10706 11448
3 2282 6722 10706
3 2653 11448 6722
3 375 9344 10709
3 1602 6723 9344
3 2282 10709 6723
3 558 11449 9349
3 2653 6724 11449
3 1602 9349 6724
3 167 12076 10715
3 2967 6725 12076
3 2287 10715 6725
3 716 9346 12077
3 1603 6726 9346
3 2967 12077 6726
3 375 10716 9345
3 2287 6727 10716
3 1603 9345 6727
3 36 12078 11435
3 2968 6728 12078
3 2647 11435 6728
3 717 9354 12079
3 1604 6729 9354
3 2968 12079 6729
3 557 11436 9353
3 2647 6730 11436
3 1604 9353 6730
3 166 10710 12080
3 2284 6731 10710
3 2969 12080 6731
3 376 9350 10713
3 1605 6732 9350
3 2284 10713 6732
3 717 12081 9355
3 2969 6733 12081
3 1605 9355 6733
3 86 11438 10707
3 2648 6734 11438
3 2283 10707 6734
3 557 9352 11439
3 1606 6735 9352
3 2648 11439 6735
3 376 10708 9351
3 2283 6736 10708
3 1606 9351 6736
3 1 11746 12082
3 2802 6737 11746
3 2970 12082 6737
3 634 9360 11749
3 1607 6738 9360
3 2802 11749 6738
3 718 12083 9359
3 2970 6739 12083
3 1607 9359 6739
3 126 10726 11752
3 2292 6740 10726
3 2805 11752 6740
3 377 9356 10729
3 1608 6741 9356
3 2292 10729 6741
3 634 11753 9361
3 2805 6742 11753
3 1608 9361 6742
3 168 12084 10723
3 2971 6743 12084
3 2291 10723 6743
3 718 9358 12085
3 1609 6744 9358
3 2971 12085 6744
3 377 10724 9357
3 2291 6745 10724
3 1609 9357 6745
3 14 11426 11758
3 2642 6746 11426
3 2808 11758 6746
3 554 9366 11429
3 1610 6747 9366
3 2642 11429 6747
3 637 11759 9365
3 2808 6748 11759
3 1610 9365 6748
3 87 10718 11432
3 2288 6749 10718
3 2645 11432 6749
3 378 9362 10721
3 1611 6750 9362
3 2288 10721 6750
3 554 11433 9367
3 2645 6751 11433
3 1611 9367 6751
3 126 11760 10727
3 2809 6752 11760
3 2293 10727 6752
3 637 9364 11761
3 1612 6753 9364
3 2809 11761 6753
3 378 10728 9363
3 2293 6754 10728
3 1612 9363 6754
3 37 12086 11443
3 2972 6755 12086
3 2651 11443 6755
3 719 9372 12087
3 1613 6756 9372
3 2972 12087 6756
3 559 11444 9371
3 2651 6757 11444
3 1613 9371 6757
3 168 10722 12088
3 2290 6758 10722
3 2973 12088 6758
3 379 9368 10725
3 1614 6759 9368
3 2290 10725 6759
3 719 12089 9373
3 2973 6760 12089
3 1614 9373 6760
3 87 11446 10719
3 2652 6761 11446
3 2289 10719 6761
3 559 9370 11447
3 1615 6762 9370
3 2652 11447 6762
3 379 10720 9369
3 2289 6763 10720
3 1615 9369 6763
3 0 12090 11731
3 2974 6764 12090
3 2795 11731 6764
3 720 9378 12091
3 1616 6765 9378
3 2974 12091 6765
3 631 11732 9377
3 2795 6766 11732
3 1616 9377 6766
3 169 10738 12092
3 2298 6767 10738
3 2975 12092 6767
3 380 9374 10741
3 1617 6768 9374
3 2298 10741 6768
3 720 12093 9379
3 2975 6769 12093
3 1617 9379 6769
3 125 11734 10735
3 2796 6770 11734
3 2297 10735 6770
3 631 9376 11735
3 1618 6771 9376
3 2796 11735 6771
3 380 10736 9375
3 2297 6772 10736
3 1618 9375 6772
3 36 11434 12094
3 2646 6773 11434
3 2976 12094 6773
3 556 9384 11437
3 1619 6774 9384
3 2646 11437 6774
3 721 12095 9383
3 2976 6775 12095
3 1619 9383 6775
3 88 10730 11440
3 2294 6776 10730
3 2649 11440 6776
3 381 9380 10733
3 1620 6777 9380
3 2294 10733 6777
3 556 11441 9385
3 2649 6778 11441
3 1620 9385 6778
3 169 12096 10739
3 2977 6779 12096
3 2299 10739 6779
3 721 9382 12097
3 1621 6780 9382
3 2977 12097 6780
3 381 10740 9381
3 2299 6781 10740
3 1621 9381 6781
3 14 11738 11427
3 2798 6782 11738
3 2643 11427 6782
3 632 9390 11739
3 1622 6783 9390
3 2798 11739 6783
3 555 11428 9389
3 2643 6784 11428
3 1622 9389 6784
3 125 10734 11740
3 2296 6785 10734
3 2799 11740 6785
3 382 9386 10737
3 1623 6786 9386
3 2296 10737 6786
3 632 11741 9391
3 2799 6787 11741
3 1623 9391 6787
3 88 11430 10731
3 2644 6788 11430
3 2295 10731 6788
3 555 9388 11431
3 1624 6789 9388
3 2644 11431 6789
3 382 10732 9387
3 2295 6790 10732
3 1624 9387 6790
3 11 12066 12098
3 2962 6791 12066
3 2978 12098 6791
3 714 9396 12069
3 1625 6792 9396
3 2962 12069 6792
3 722 12099 9395
3 2978 6793 12099
3 1625 9395 6793
3 166 10750 12072
3 2304 6794 10750
3 2965 12072 6794
3 383 9392 10753
3 1626 6795 9392
3 2304 10753 6795
3 714 12073 9397
3 2965 6796 12073
3 1626 9397 6796
3 170 12100 10747
3 2979 6797 12100
3 2303 10747 6797
3 722 9394 12101
3 1627 6798 9394
3 2979 12101 6798
3 383 10748 9393
3 2303 6799 10748
3 1627 9393 6799
3 36 11466 12078
3 2662 6800 11466
3 2968 12078 6800
3 564 9402 11469
3 1628 6801 9402
3 2662 11469 6801
3 717 12079 9401
3 2968 6802 12079
3 1628 9401 6802
3 89 10742 11472
3 2300 6803 10742
3 2665 11472 6803
3 384 9398 10745
3 1629 6804 9398
3 2300 10745 6804
3 564 11473 9403
3 2665 6805 11473
3 1629 9403 6805
3 166 12080 10751
3 2969 6806 12080
3 2305 10751 6806
3 717 9400 12081
3 1630 6807 9400
3 2969 12081 6807
3 384 10752 9399
3 2305 6808 10752
3 1630 9399 6808
3 39 12102 11459
3 2980 6809 12102
3 2659 11459 6809
3 723 9408 12103
3 1631 6810 9408
3 2980 12103 6810
3 563 11460 9407
3 2659 6811 11460
3 1631 9407 6811
3 170 10746 12104
3 2302 6812 10746
3 2981 12104 6812
3 385 9404 10749
3 1632 6813 9404
3 2302 10749 6813
3 723 12105 9409
3 2981 6814 12105
3 1632 9409 6814
3 89 11462 10743
3 2660 6815 11462
3 2301 10743 6815
3 563 9406 11463
3 1633 6816 9406
3 2660 11463 6816
3 385 10744 9405
3 2301 6817 10744
3 1633 9405 6817
3 0 12106 12090
3 2982 6818 12106
3 2974 12090 6818
3 724 9414 12107
3 1634 6819 9414
3 2982 12107 6819
3 720 12091 9413
3 2974 6820 12091
3 1634 9413 6820
3 171 10762 12108
3 2310 6821 10762
3 2983 12108 6821
3 386 9410 10765
3 1635 6822 9410
3 2310 10765 6822
3 724 12109 9415
3 2983 6823 12109
3 1635 9415 6823
3 169 12092 10759
3 2975 6824 12092
3 2309 10759 6824
3 720 9412 12093
3 1636 6825 9412
3 2975 12093 6825
3 386 10760 9411
3 2309 6826 10760
3 1636 9411 6826
3 38 11450 12110
3 2654 6827 11450
3 2984 12110 6827
3 560 9420 11453
3 1637 6828 9420
3 2654 11453 6828
3 725 12111 9419
3 2984 6829 12111
3 1637 9419 6829
3 90 10754 11456
3 2306 6830 10754
3 2657 11456 6830
3 387 9416 10757
3 1638 6831 9416
3 2306 10757 6831
3 560 11457 9421
3 2657 6832 11457
3 1638 9421 6832
3 171 12112 10763
3 2985 6833 12112
3 2311 10763 6833
3 725 9418 12113
3 1639 6834 9418
3 2985 12113 6834
3 387 10764 9417
3 2311 6835 10764
3 1639 9417 6835
3 36 12094 11467
3 2976 6836 12094
3 2663 11467 6836
3 721 9426 12095
3 1640 6837 9426
3 2976 12095 6837
3 565 11468 9425
3 2663 6838 11468
3 1640 9425 6838
3 169 10758 12096
3 2308 6839 10758
3 2977 12096 6839
3 388 9422 10761
3 1641 6840 9422
3 2308 10761 6840
3 721 12097 9427
3 2977 6841 12097
3 1641 9427 6841
3 90 11470 10755
3 2664 6842 11470
3 2307 10755 6842
3 565 9424 11471
3 1642 6843 9424
3 2664 11471 6843
3 388 10756 9423
3 2307 6844 10756
3 1642 9423 6844
3 7 12115 12114
3 2987 6845 12115
3 2986 12114 6845
3 727 9432 12116
3 1643 6846 9432
3 2987 12116 6846
3 726 12117 9431
3 2986 6847 12117
3 1643 9431 6847
3 173 10774 12118
3 2316 6848 10774
3 2988 12118 6848
3 389 9428 10777
3 1644 6849 9428
3 2316 10777 6849
3 727 12119 9433
3 2988 6850 12119
3 1644 9433 6850
3 172 12120 10771
3 2989 6851 12120
3 2315 10771 6851
3 726 9430 12121
3 1645 6852 9430
3 2989 12121 6852
3 389 10772 9429
3 2315 6853 10772
3 1645 9429 6853
3 39 11458 12122
3 2658 6854 11458
3 2990 12122 6854
3 562 9438 11461
3 1646 6855 9438
3 2658 11461 6855
3 728 12123 9437
3 2990 6856 12123
3 1646 9437 6856
3 91 10766 11464
3 2312 6857 10766
3 2661 11464 6857
3 390 9434 10769
3 1647 6858 9434
3 2312 10769 6858
3 562 11465 9439
3 2661 6859 11465
3 1647 9439 6859
3 173 12124 10775
3 2991 6860 12124
3 2317 10775 6860
3 728 9436 12125
3 1648 6861 9436
3 2991 12125 6861
3 390 10776 9435
3 2317 6862 10776
3 1648 9435 6862
3 38 12126 11451
3 2992 6863 12126
3 2655 11451 6863
3 729 9444 12127
3 1649 6864 9444
3 2992 12127 6864
3 561 11452 9443
3 2655 6865 11452
3 1649 9443 6865
3 172 10770 12128
3 2314 6866 10770
3 2993 12128 6866
3 391 9440 10773
3 1650 6867 9440
3 2314 10773 6867
3 729 12129 9445
3 2993 6868 12129
3 1650 9445 6868
3 91 11454 10767
3 2656 6869 11454
3 2313 10767 6869
3 561 9442 11455
3 1651 6870 9442
3 2656 11455 6870
3 391 10768 9441
3 2313 6871 10768
3 1651 9441 6871
3 11 12098 12130
3 2978 6872 12098
3 2994 12130 6872
3 722 9450 12099
3 1652 6873 9450
3 2978 12099 6873
3 730 12131 9449
3 2994 6874 12131
3 1652 9449 6874
3 170 10786 12100
3 2322 6875 10786
3 2979 12100 6875
3 392 9446 10789
3 1653 6876 9446
3 2322 10789 6876
3 722 12101 9451
3 2979 6877 12101
3 1653 9451 6877
3 174 12132 10783
3 2995 6878 12132
3 2321 10783 6878
3 730 9448 12133
3 1654 6879 9448
3 2995 12133 6879
3 392 10784 9447
3 2321 6880 10784
3 1654 9447 6880
3 39 11490 12102
3 2674 6881 11490
3 2980 12102 6881
3 570 9456 11493
3 1655 6882 9456
3 2674 11493 6882
3 723 12103 9455
3 2980 6883 12103
3 1655 9455 6883
3 92 10778 11496
3 2318 6884 10778
3 2677 11496 6884
3 393 9452 10781
3 1656 6885 9452
3 2318 10781 6885
3 570 11497 9457
3 2677 6886 11497
3 1656 9457 6886
3 170 12104 10787
3 2981 6887 12104
3 2323 10787 6887
3 723 9454 12105
3 1657 6888 9454
3 2981 12105 6888
3 393 10788 9453
3 2323 6889 10788
3 1657 9453 6889
3 40 12134 11483
3 2996 6890 12134
3 2671 11483 6890
3 731 9462 12135
3 1658 6891 9462
3 2996 12135 6891
3 569 11484 9461
3 2671 6892 11484
3 1658 9461 6892
3 174 10782 12136
3 2320 6893 10782
3 2997 12136 6893
3 394 9458 10785
3 1659 6894 9458
3 2320 10785 6894
3 731 12137 9463
3 2997 6895 12137
3 1659 9463 6895
3 92 11486 10779
3 2672 6896 11486
3 2319 10779 6896
3 569 9460 11487
3 1660 6897 9460
3 2672 11487 6897
3 394 10780 9459
3 2319 6898 10780
3 1660 9459 6898
3 7 12034 12115
3 2946 6899 12034
3 2987 12115 6899
3 706 9468 12037
3 1661 6900 9468
3 2946 12037 6900
3 727 12116 9467
3 2987 6901 12116
3 1661 9467 6901
3 162 10798 12040
3 2328 6902 10798
3 2949 12040 6902
3 395 9464 10801
3 1662 6903 9464
3 2328 10801 6903
3 706 12041 9469
3 2949 6904 12041
3 1662 9469 6904
3 173 12118 10795
3 2988 6905 12118
3 2327 10795 6905
3 727 9466 12119
3 1663 6906 9466
3 2988 12119 6906
3 395 10796 9465
3 2327 6907 10796
3 1663 9465 6907
3 33 11474 12046
3 2666 6908 11474
3 2952 12046 6908
3 566 9474 11477
3 1664 6909 9474
3 2666 11477 6909
3 709 12047 9473
3 2952 6910 12047
3 1664 9473 6910
3 93 10790 11480
3 2324 6911 10790
3 2669 11480 6911
3 396 9470 10793
3 1665 6912 9470
3 2324 10793 6912
3 566 11481 9475
3 2669 6913 11481
3 1665 9475 6913
3 162 12048 10799
3 2953 6914 12048
3 2329 10799 6914
3 709 9472 12049
3 1666 6915 9472
3 2953 12049 6915
3 396 10800 9471
3 2329 6916 10800
3 1666 9471 6916
3 39 12122 11491
3 2990 6917 12122
3 2675 11491 6917
3 728 9480 12123
3 1667 6918 9480
3 2990 12123 6918
3 571 11492 9479
3 2675 6919 11492
3 1667 9479 6919
3 173 10794 12124
3 2326 6920 10794
3 2991 12124 6920
3 397 9476 10797
3 1668 6921 9476
3 2326 10797 6921
3 728 12125 9481
3 2991 6922 12125
3 1668 9481 6922
3 93 11494 10791
3 2676 6923 11494
3 2325 10791 6923
3 571 9478 11495
3 1669 6924 9478
3 2676 11495 6924
3 397 10792 9477
3 2325 6925 10792
3 1669 9477 6925
3 6 12138 12026
3 2998 6926 12138
3 2942 12026 6926
3 732 9486 12139
3 1670 6927 9486
3 2998 12139 6927
3 704 12027 9485
3 2942 6928 12027
3 1670 9485 6928
3 175 10810 12140
3 2334 6929 10810
3 2999 12140 6929
3 398 9482 10813
3 1671 6930 9482
3 2334 10813 6930
3 732 12141 9487
3 2999 6931 12141
3 1671 9487 6931
3 161 12028 10807
3 2943 6932 12028
3 2333 10807 6932
3 704 9484 12029
3 1672 6933 9484
3 2943 12029 6933
3 398 10808 9483
3 2333 6934 10808
3 1672 9483 6934
3 40 11482 12142
3 2670 6935 11482
3 3000 12142 6935
3 568 9492 11485
3 1673 6936 9492
3 2670 11485 6936
3 733 12143 9491
3 3000 6937 12143
3 1673 9491 6937
3 94 10802 11488
3 2330 6938 10802
3 2673 11488 6938
3 399 9488 10805
3 1674 6939 9488
3 2330 10805 6939
3 568 11489 9493
3 2673 6940 11489
3 1674 9493 6940
3 175 12144 10811
3 3001 6941 12144
3 2335 10811 6941
3 733 9490 12145
3 1675 6942 9490
3 3001 12145 6942
3 399 10812 9489
3 2335 6943 10812
3 1675 9489 6943
3 33 12030 11475
3 2944 6944 12030
3 2667 11475 6944
3 705 9498 12031
3 1676 6945 9498
3 2944 12031 6945
3 567 11476 9497
3 2667 6946 11476
3 1676 9497 6946
3 161 10806 12032
3 2332 6947 10806
3 2945 12032 6947
3 400 9494 10809
3 1677 6948 9494
3 2332 10809 6948
3 705 12033 9499
3 2945 6949 12033
3 1677 9499 6949
3 94 11478 10803
3 2668 6950 11478
3 2331 10803 6950
3 567 9496 11479
3 1678 6951 9496
3 2668 11479 6951
3 400 10804 9495
3 2331 6952 10804
3 1678 9495 6952
3 11 12130 12067
3 2994 6953 12130
3 2963 12067 6953
3 730 9504 12131
3 1679 6954 9504
3 2994 12131 6954
3 715 12068 9503
3 2963 6955 12068
3 1679 9503 6955
3 174 10822 12132
3 2340 6956 10822
3 2995 12132 6956
3 401 9500 10825
3 1680 6957 9500
3 2340 10825 6957
3 730 12133 9505
3 2995 6958 12133
3 1680 9505 6958
3 167 12070 10819
3 2964 6959 12070
3 2339 10819 6959
3 715 9502 12071
3 1681 6960 9502
3 2964 12071 6960
3 401 10820 9501
3 2339 6961 10820
3 1681 9501 6961
3 40 11514 12134
3 2686 6962 11514
3 2996 12134 6962
3 576 9510 11517
3 1682 6963 9510
3 2686 11517 6963
3 731 12135 9509
3 2996 6964 12135
3 1682 9509 6964
3 95 10814 11520
3 2336 6965 10814
3 2689 11520 6965
3 402 9506 10817
3 1683 6966 9506
3 2336 10817 6966
3 576 11521 9511
3 2689 6967 11521
3 1683 9511 6967
3 174 12136 10823
3 2997 6968 12136
3 2341 10823 6968
3 731 9508 12137
3 1684 6969 9508
3 2997 12137 6969
3 402 10824 9507
3 2341 6970 10824
3 1684 9507 6970
3 37 12074 11507
3 2966 6971 12074
3 2683 11507 6971
3 716 9516 12075
3 1685 6972 9516
3 2966 12075 6972
3 575 11508 9515
3 2683 6973 11508
3 1685 9515 6973
3 167 10818 12076
3 2338 6974 10818
3 2967 12076 6974
3 403 9512 10821
3 1686 6975 9512
3 2338 10821 6975
3 716 12077 9517
3 2967 6976 12077
3 1686 9517 6976
3 95 11510 10815
3 2684 6977 11510
3 2337 10815 6977
3 575 9514 11511
3 1687 6978 9514
3 2684 11511 6978
3 403 10816 9513
3 2337 6979 10816
3 1687 9513 6979
3 6 12146 12138
3 3002 6980 12146
3 2998 12138 6980
3 734 9522 12147
3 1688 6981 9522
3 3002 12147 6981
3 732 12139 9521
3 2998 6982 12139
3 1688 9521 6982
3 176 10834 12148
3 2346 6983 10834
3 3003 12148 6983
3 404 9518 10837
3 1689 6984 9518
3 2346 10837 6984
3 734 12149 9523
3 3003 6985 12149
3 1689 9523 6985
3 175 12140 10831
3 2999 6986 12140
3 2345 10831 6986
3 732 9520 12141
3 1690 6987 9520
3 2999 12141 6987
3 404 10832 9519
3 2345 6988 10832
3 1690 9519 6988
3 41 11498 12150
3 2678 6989 11498
3 3004 12150 6989
3 572 9528 11501
3 1691 6990 9528
3 2678 11501 6990
3 735 12151 9527
3 3004 6991 12151
3 1691 9527 6991
3 96 10826 11504
3 2342 6992 10826
3 2681 11504 6992
3 405 9524 10829
3 1692 6993 9524
3 2342 10829 6993
3 572 11505 9529
3 2681 6994 11505
3 1692 9529 6994
3 176 12152 10835
3 3005 6995 12152
3 2347 10835 6995
3 735 9526 12153
3 1693 6996 9526
3 3005 12153 6996
3 405 10836 9525
3 2347 6997 10836
3 1693 9525 6997
3 40 12142 11515
3 3000 6998 12142
3 2687 11515 6998
3 733 9534 12143
3 1694 6999 9534
3 3000 12143 6999
3 577 11516 9533
3 2687 7000 11516
3 1694 9533 7000
3 175 10830 12144
3 2344 7001 10830
3 3001 12144 7001
3 406 9530 10833
3 1695 7002 9530
3 2344 10833 7002
3 733 12145 9535
3 3001 7003 12145
3 1695 9535 7003
3 96 11518 10827
3 2688 7004 11518
3 2343 10827 7004
3 577 9532 11519
3 1696 7005 9532
3 2688 11519 7005
3 406 10828 9531
3 2343 7006 10828
3 1696 9531 7006
3 1 12082 12154
3 2970 7007 12082
3 3006 12154 7007
3 718 9540 12083
3 1697 7008 9540
3 2970 12083 7008
3 736 12155 9539
3 3006 7009 12155
3 1697 9539 7009
3 168 10846 12084
3 2352 7010 10846
3 2971 12084 7010
3 407 9536 10849
3 1698 7011 9536
3 2352 10849 7011
3 718 12085 9541
3 2971 7012 12085
3 1698 9541 7012
3 177 12156 10843
3 3007 7013 12156
3 2351 10843 7013
3 736 9538 12157
3 1699 7014 9538
3 3007 12157 7014
3 407 10844 9537
3 2351 7015 10844
3 1699 9537 7015
3 37 11506 12086
3 2682 7016 11506
3 2972 12086 7016
3 574 9546 11509
3 1700 7017 9546
3 2682 11509 7017
3 719 12087 9545
3 2972 7018 12087
3 1700 9545 7018
3 97 10838 11512
3 2348 7019 10838
3 2685 11512 7019
3 408 9542 10841
3 1701 7020 9542
3 2348 10841 7020
3 574 11513 9547
3 2685 7021 11513
3 1701 9547 7021
3 168 12088 10847
3 2973 7022 12088
3 2353 10847 7022
3 719 9544 12089
3 1702 7023 9544
3 2973 12089 7023
3 408 10848 9543
3 2353 7024 10848
3 1702 9543 7024
3 41 12158 11499
3 3008 7025 12158
3 2679 11499 7025
3 737 9552 12159
3 1703 7026 9552
3 3008 12159 7026
3 573 11500 9551
3 2679 7027 11500
3 1703 9551 7027
3 177 10842 12160
3 2350 7028 10842
3 3009 12160 7028
3 409 9548 10845
3 1704 7029 9548
3 2350 10845 7029
3 737 12161 9553
3 3009 7030 12161
3 1704 9553 7030
3 97 11502 10839
3 2680 7031 11502
3 2349 10839 7031
3 573 9550 11503
3 1705 7032 9550
3 2680 11503 7032
3 409 10840 9549
3 2349 7033 10840
3 1705 9549 7033
3 12 12163 12162
3 3011 7034 12163
3 3010 12162 7034
3 739 9558 12164
3 1706 7035 9558
3 3011 12164 7035
3 738 12165 9557
3 3010 7036 12165
3 1706 9557 7036
3 179 10858 12166
3 2358 7037 10858
3 3012 12166 7037
3 410 9554 10861
3 1707 7038 9554
3 2358 10861 7038
3 739 12167 9559
3 3012 7039 12167
3 1707 9559 7039
3 178 12168 10855
3 3013 7040 12168
3 2357 10855 7040
3 738 9556 12169
3 1708 7041 9556
3 3013 12169 7041
3 410 10856 9555
3 2357 7042 10856
3 1708 9555 7042
3 43 11538 12170
3 2698 7043 11538
3 3014 12170 7043
3 582 9564 11541
3 1709 7044 9564
3 2698 11541 7044
3 740 12171 9563
3 3014 7045 12171
3 1709 9563 7045
3 98 10850 11544
3 2354 7046 10850
3 2701 11544 7046
3 411 9560 10853
3 1710 7047 9560
3 2354 10853 7047
3 582 11545 9565
3 2701 7048 11545
3 1710 9565 7048
3 179 12172 10859
3 3015 7049 12172
3 2359 10859 7049
3 740 9562 12173
3 1711 7050 9562
3 3015 12173 7050
3 411 10860 9561
3 2359 7051 10860
3 1711 9561 7051
3 42 12174 11531
3 3016 7052 12174
3 2695 11531 7052
3 741 9570 12175
3 1712 7053 9570
3 3016 12175 7053
3 581 11532 9569
3 2695 7054 11532
3 1712 9569 7054
3 178 10854 12176
3 2356 7055 10854
3 3017 12176 7055
3 412 9566 10857
3 1713 7056 9566
3 2356 10857 7056
3 741 12177 9571
3 3017 7057 12177
3 1713 9571 7057
3 98 11534 10851
3 2696 7058 11534
3 2355 10851 7058
3 581 9568 11535
3 1714 7059 9568
3 2696 11535 7059
3 412 10852 9567
3 2355 7060 10852
3 1714 9567 7060
3 6 12002 12178
3 2930 7061 12002
3 3018 12178 7061
3 698 9576 12005
3 1715 7062 9576
3 2930 12005 7062
3 742 12179 9575
3 3018 7063 12179
3 1715 9575 7063
3 158 10870 12008
3 2364 7064 10870
3 2933 12008 7064
3 413 9572 10873
3 1716 7065 9572
3 2364 10873 7065
3 698 12009 9577
3 2933 7066 12009
3 1716 9577 7066
3 180 12180 10867
3 3019 7067 12180
3 2363 10867 7067
3 742 9574 12181
3 1717 7068 9574
3 3019 12181 7068
3 413 10868 9573
3 2363 7069 10868
3 1717 9573 7069
3 31 11522 12014
3 2690 7070 11522
3 2936 12014 7070
3 578 9582 11525
3 1718 7071 9582
3 2690 11525 7071
3 701 12015 9581
3 2936 7072 12015
3 1718 9581 7072
3 99 10862 11528
3 2360 7073 10862
3 2693 11528 7073
3 414 9578 10865
3 1719 7074 9578
3 2360 10865 7074
3 578 11529 9583
3 2693 7075 11529
3 1719 9583 7075
3 158 12016 10871
3 2937 7076 12016
3 2365 10871 7076
3 701 9580 12017
3 1720 7077 9580
3 2937 12017 7077
3 414 10872 9579
3 2365 7078 10872
3 1720 9579 7078
3 43 12182 11539
3 3020 7079 12182
3 2699 11539 7079
3 743 9588 12183
3 1721 7080 9588
3 3020 12183 7080
3 583 11540 9587
3 2699 7081 11540
3 1721 9587 7081
3 180 10866 12184
3 2362 7082 10866
3 3021 12184 7082
3 415 9584 10869
3 1722 7083 9584
3 2362 10869 7083
3 743 12185 9589
3 3021 7084 12185
3 1722 9589 7084
3 99 11542 10863
3 2700 7085 11542
3 2361 10863 7085
3 583 9586 11543
3 1723 7086 9586
3 2700 11543 7086
3 415 10864 9585
3 2361 7087 10864
3 1723 9585 7087
3 5 12186 11994
3 3022 7088 12186
3 2926 11994 7088
3 744 9594 12187
3 1724 7089 9594
3 3022 12187 7089
3 696 11995 9593
3 2926 7090 11995
3 1724 9593 7090
3 181 10882 12188
3 2370 7091 10882
3 3023 12188 7091
3 416 9590 10885
3 1725 7092 9590
3 2370 10885 7092
3 744 12189 9595
3 3023 7093 12189
3 1725 9595 7093
3 157 11996 10879
3 2927 7094 11996
3 2369 10879 7094
3 696 9592 11997
3 1726 7095 9592
3 2927 11997 7095
3 416 10880 9591
3 2369 7096 10880
3 1726 9591 7096
3 42 11530 12190
3 2694 7097 11530
3 3024 12190 7097
3 580 9600 11533
3 1727 7098 9600
3 2694 11533 7098
3 745 12191 9599
3 3024 7099 12191
3 1727 9599 7099
3 100 10874 11536
3 2366 7100 10874
3 2697 11536 7100
3 417 9596 10877
3 1728 7101 9596
3 2366 10877 7101
3 580 11537 9601
3 2697 7102 11537
3 1728 9601 7102
3 181 12192 10883
3 3025 7103 12192
3 2371 10883 7103
3 745 9598 12193
3 1729 7104 9598
3 3025 12193 7104
3 417 10884 9597
3 2371 7105 10884
3 1729 9597 7105
3 31 11998 11523
3 2928 7106 11998
3 2691 11523 7106
3 697 9606 11999
3 1730 7107 9606
3 2928 11999 7107
3 579 11524 9605
3 2691 7108 11524
3 1730 9605 7108
3 157 10878 12000
3 2368 7109 10878
3 2929 12000 7109
3 418 9602 10881
3 1731 7110 9602
3 2368 10881 7110
3 697 12001 9607
3 2929 7111 12001
3 1731 9607 7111
3 100 11526 10875
3 2692 7112 11526
3 2367 10875 7112
3 579 9604 11527
3 1732 7113 9604
3 2692 11527 7113
3 418 10876 9603
3 2367 7114 10876
3 1732 9603 7114
3 12 12162 12194
3 3010 7115 12162
3 3026 12194 7115
3 738 9612 12165
3 1733 7116 9612
3 3010 12165 7116
3 746 12195 9611
3 3026 7117 12195
3 1733 9611 7117
3 178 10894 12168
3 2376 7118 10894
3 3013 12168 7118
3 419 9608 10897
3 1734 7119 9608
3 2376 10897 7119
3 738 12169 9613
3 3013 7120 12169
3 1734 9613 7120
3 182 12196 10891
3 3027 7121 12196
3 2375 10891 7121
3 746 9610 12197
3 1735 7122 9610
3 3027 12197 7122
3 419 10892 9609
3 2375 7123 10892
3 1735 9609 7123
3 42 11562 12174
3 2710 7124 11562
3 3016 12174 7124
3 588 9618 11565
3 1736 7125 9618
3 2710 11565 7125
3 741 12175 9617
3 3016 7126 12175
3 1736 9617 7126
3 101 10886 11568
3 2372 7127 10886
3 2713 11568 7127
3 420 9614 10889
3 1737 7128 9614
3 2372 10889 7128
3 588 11569 9619
3 2713 7129 11569
3 1737 9619 7129
3 178 12176 10895
3 3017 7130 12176
3 2377 10895 7130
3 741 9616 12177
3 1738 7131 9616
3 3017 12177 7131
3 420 10896 9615
3 2377 7132 10896
3 1738 9615 7132
3 44 12198 11555
3 3028 7133 12198
3 2707 11555 7133
3 747 9624 12199
3 1739 7134 9624
3 3028 12199 7134
3 587 11556 9623
3 2707 7135 11556
3 1739 9623 7135
3 182 10890 12200
3 2374 7136 10890
3 3029 12200 7136
3 421 9620 10893
3 1740 7137 9620
3 2374 10893 7137
3 747 12201 9625
3 3029 7138 12201
3 1740 9625 7138
3 101 11558 10887
3 2708 7139 11558
3 2373 10887 7139
3 587 9622 11559
3 1741 7140 9622
3 2708 11559 7140
3 421 10888 9621
3 2373 7141 10888
3 1741 9621 7141
3 5 11946 12186
3 2902 7142 11946
3 3022 12186 7142
3 684 9630 11947
3 1742 7143 9630
3 2902 11947 7143
3 744 12187 9629
3 3022 7144 12187
3 1742 9629 7144
3 151 10906 11948
3 2382 7145 10906
3 2903 11948 7145
3 422 9626 10909
3 1743 7146 9626
3 2382 10909 7146
3 684 11949 9631
3 2903 7147 11949
3 1743 9631 7147
3 181 12188 10903
3 3023 7148 12188
3 2381 10903 7148
3 744 9628 12189
3 1744 7149 9628
3 3023 12189 7149
3 422 10904 9627
3 2381 7150 10904
3 1744 9627 7150
3 28 11546 11950
3 2702 7151 11546
3 2904 11950 7151
3 584 9636 11549
3 1745 7152 9636
3 2702 11549 7152
3 685 11951 9635
3 2904 7153 11951
3 1745 9635 7153
3 102 10898 11552
3 2378 7154 10898
3 2705 11552 7154
3 423 9632 10901
3 1746 7155 9632
3 2378 10901 7155
3 584 11553 9637
3 2705 7156 11553
3 1746 9637 7156
3 151 11952 10907
3 2905 7157 11952
3 2383 10907 7157
3 685 9634 11953
3 1747 7158 9634
3 2905 11953 7158
3 423 10908 9633
3 2383 7159 10908
3 1747 9633 7159
3 42 12190 11563
3 3024 7160 12190
3 2711 11563 7160
3 745 9642 12191
3 1748 7161 9642
3 3024 12191 7161
3 589 11564 9641
3 2711 7162 11564
3 1748 9641 7162
3 181 10902 12192
3 2380 7163 10902
3 3025 12192 7163
3 424 9638 10905
3 1749 7164 9638
3 2380 10905 7164
3 745 12193 9643
3 3025 7165 12193
3 1749 9643 7165
3 102 11566 10899
3 2712 7166 11566
3 2379 10899 7166
3 589 9640 11567
3 1750 7167 9640
3 2712 11567 7167
3 424 10900 9639
3 2379 7168 10900
3 1750 9639 7168
3 2 12202 11938
3 3030 7169 12202
3 2898 11938 7169
3 748 9648 12203
3 1751 7170 9648
3 3030 12203 7170
3 682 11939 9647
3 2898 7171 11939
3 1751 9647 7171
3 183 10918 12204
3 2388 7172 10918
3 3031 12204 7172
3 425 9644 10921
3 1752 7173 9644
3 2388 10921 7173
3 748 12205 9649
3 3031 7174 12205
3 1752 9649 7174
3 150 11940 10915
3 2899 7175 11940
3 2387 10915 7175
3 682 9646 11941
3 1753 7176 9646
3 2899 11941 7176
3 425 10916 9645
3 2387 7177 10916
3 1753 9645 7177
3 44 11554 12206
3 2706 7178 11554
3 3032 12206 7178
3 586 9654 11557
3 1754 7179 9654
3 2706 11557 7179
3 749 12207 9653
3 3032 7180 12207
3 1754 9653 7180
3 103 10910 11560
3 2384 7181 10910
3 2709 11560 7181
3 426 9650 10913
3 1755 7182 9650
3 2384 10913 7182
3 586 11561 9655
3 2709 7183 11561
3 1755 9655 7183
3 183 12208 10919
3 3033 7184 12208
3 2389 10919 7184
3 749 9652 12209
3 1756 7185 9652
3 3033 12209 7185
3 426 10920 9651
3 2389 7186 10920
3 1756 9651 7186
3 28 11942 11547
3 2900 7187 11942
3 2703 11547 7187
3 683 9660 11943
3 1757 7188 9660
3 2900 11943 7188
3 585 11548 9659
3 2703 7189 11548
3 1757 9659 7189
3 150 10914 11944
3 2386 7190 10914
3 2901 11944 7190
3 427 9656 10917
3 1758 7191 9656
3 2386 10917 7191
3 683 11945 9661
3 2901 7192 11945
3 1758 9661 7192
3 103 11550 10911
3 2704 7193 11550
3 2385 10911 7193
3 585 9658 11551
3 1759 7194 9658
3 2704 11551 7194
3 427 10912 9657
3 2385 7195 10912
3 1759 9657 7195
3 12 12194 12210
3 3026 7196 12194
3 3034 12210 7196
3 746 9666 12195
3 1760 7197 9666
3 3026 12195 7197
3 750 12211 9665
3 3034 7198 12211
3 1760 9665 7198
3 182 10930 12196
3 2394 7199 10930
3 3027 12196 7199
3 428 9662 10933
3 1761 7200 9662
3 2394 10933 7200
3 746 12197 9667
3 3027 7201 12197
3 1761 9667 7201
3 184 12212 10927
3 3035 7202 12212
3 2393 10927 7202
3 750 9664 12213
3 1762 7203 9664
3 3035 12213 7203
3 428 10928 9663
3 2393 7204 10928
3 1762 9663 7204
3 44 11586 12198
3 2722 7205 11586
3 3028 12198 7205
3 594 9672 11589
3 1763 7206 9672
3 2722 11589 7206
3 747 12199 9671
3 3028 7207 12199
3 1763 9671 7207
3 104 10922 11592
3 2390 7208 10922
3 2725 11592 7208
3 429 9668 10925
3 1764 7209 9668
3 2390 10925 7209
3 594 11593 9673
3 2725 7210 11593
3 1764 9673 7210
3 182 12200 10931
3 3029 7211 12200
3 2395 10931 7211
3 747 9670 12201
3 1765 7212 9670
3 3029 12201 7212
3 429 10932 9669
3 2395 7213 10932
3 1765 9669 7213
3 45 12214 11579
3 3036 7214 12214
3 2719 11579 7214
3 751 9678 12215
3 1766 7215 9678
3 3036 12215 7215
3 593 11580 9677
3 2719 7216 11580
3 1766 9677 7216
3 184 10926 12216
3 2392 7217 10926
3 3037 12216 7217
3 430 9674 10929
3 1767 7218 9674
3 2392 10929 7218
3 751 12217 9679
3 3037 7219 12217
3 1767 9679 7219
3 104 11582 10923
3 2720 7220 11582
3 2391 10923 7220
3 593 9676 11583
3 1768 7221 9676
3 2720 11583 7221
3 430 10924 9675
3 2391 7222 10924
3 1768 9675 7222
3 2 11778 12202
3 2818 7223 11778
3 3030 12202 7223
3 642 9684 11781
3 1769 7224 9684
3 2818 11781 7224
3 748 12203 9683
3 3030 7225 12203
3 1769 9683 7225
3 130 10942 11784
3 2400 7226 10942
3 2821 11784 7226
3 431 9680 10945
3 1770 7227 9680
3 2400 10945 7227
3 642 11785 9685
3 2821 7228 11785
3 1770 9685 7228
3 183 12204 10939
3 3031 7229 12204
3 2399 10939 7229
3 748 9682 12205
3 1771 7230 9682
3 3031 12205 7230
3 431 10940 9681
3 2399 7231 10940
3 1771 9681 7231
3 17 11570 11790
3 2714 7232 11570
3 2824 11790 7232
3 590 9690 11573
3 1772 7233 9690
3 2714 11573 7233
3 645 11791 9689
3 2824 7234 11791
3 1772 9689 7234
3 105 10934 11576
3 2396 7235 10934
3 2717 11576 7235
3 432 9686 10937
3 1773 7236 9686
3 2396 10937 7236
3 590 11577 9691
3 2717 7237 11577
3 1773 9691 7237
3 130 11792 10943
3 2825 7238 11792
3 2401 10943 7238
3 645 9688 11793
3 1774 7239 9688
3 2825 11793 7239
3 432 10944 9687
3 2401 7240 10944
3 1774 9687 7240
3 44 12206 11587
3 3032 7241 12206
3 2723 11587 7241
3 749 9696 12207
3 1775 7242 9696
3 3032 12207 7242
3 595 11588 9695
3 2723 7243 11588
3 1775 9695 7243
3 183 10938 12208
3 2398 7244 10938
3 3033 12208 7244
3 433 9692 10941
3 1776 7245 9692
3 2398 10941 7245
3 749 12209 9697
3 3033 7246 12209
3 1776 9697 7246
3 105 11590 10935
3 2724 7247 11590
3 2397 10935 7247
3 595 9694 11591
3 1777 7248 9694
3 2724 11591 7248
3 433 10936 9693
3 2397 7249 10936
3 1777 9693 7249
3 1 12218 11770
3 3038 7250 12218
3 2814 11770 7250
3 752 9702 12219
3 1778 7251 9702
3 3038 12219 7251
3 640 11771 9701
3 2814 7252 11771
3 1778 9701 7252
3 185 10954 12220
3 2406 7253 10954
3 3039 12220 7253
3 434 9698 10957
3 1779 7254 9698
3 2406 10957 7254
3 752 12221 9703
3 3039 7255 12221
3 1779 9703 7255
3 129 11772 10951
3 2815 7256 11772
3 2405 10951 7256
3 640 9700 11773
3 1780 7257 9700
3 2815 11773 7257
3 434 10952 9699
3 2405 7258 10952
3 1780 9699 7258
3 45 11578 12222
3 2718 7259 11578
3 3040 12222 7259
3 592 9708 11581
3 1781 7260 9708
3 2718 11581 7260
3 753 12223 9707
3 3040 7261 12223
3 1781 9707 7261
3 106 10946 11584
3 2402 7262 10946
3 2721 11584 7262
3 435 9704 10949
3 1782 7263 9704
3 2402 10949 7263
3 592 11585 9709
3 2721 7264 11585
3 1782 9709 7264
3 185 12224 10955
3 3041 7265 12224
3 2407 10955 7265
3 753 9706 12225
3 1783 7266 9706
3 3041 12225 7266
3 435 10956 9705
3 2407 7267 10956
3 1783 9705 7267
3 17 11774 11571
3 2816 7268 11774
3 2715 11571 7268
3 641 9714 11775
3 1784 7269 9714
3 2816 11775 7269
3 591 11572 9713
3 2715 7270 11572
3 1784 9713 7270
3 129 10950 11776
3 2404 7271 10950
3 2817 11776 7271
3 436 9710 10953
3 1785 7272 9710
3 2404 10953 7272
3 641 11777 9715
3 2817 7273 11777
3 1785 9715 7273
3 106 11574 10947
3 2716 7274 11574
3 2403 10947 7274
3 591 9712 11575
3 1786 7275 9712
3 2716 11575 7275
3 436 10948 9711
3 2403 7276 10948
3 1786 9711 7276
3 12 12210 12163
3 3034 7277 12210
3 3011 12163 7277
3 750 9720 12211
3 1787 7278 9720
3 3034 12211 7278
3 739 12164 9719
3 3011 7279 12164
3 1787 9719 7279
3 184 10966 12212
3 2412 7280 10966
3 3035 12212 7280
3 437 9716 10969
3 1788 7281 9716
3 2412 10969 7281
3 750 12213 9721
3 3035 7282 12213
3 1788 9721 7282
3 179 12166 10963
3 3012 7283 12166
3 2411 10963 7283
3 739 9718 12167
3 1789 7284 9718
3 3012 12167 7284
3 437 10964 9717
3 2411 7285 10964
3 1789 9717 7285
3 45 11610 12214
3 2734 7286 11610
3 3036 12214 7286
3 600 9726 11613
3 1790 7287 9726
3 2734 11613 7287
3 751 12215 9725
3 3036 7288 12215
3 1790 9725 7288
3 107 10958 11616
3 2408 7289 10958
3 2737 11616 7289
3 438 9722 10961
3 1791 7290 9722
3 2408 10961 7290
3 600 11617 9727
3 2737 7291 11617
3 1791 9727 7291
3 184 12216 10967
3 3037 7292 12216
3 2413 10967 7292
3 751 9724 12217
3 1792 7293 9724
3 3037 12217 7293
3 438 10968 9723
3 2413 7294 10968
3 1792 9723 7294
3 43 12170 11603
3 3014 7295 12170
3 2731 11603 7295
3 740 9732 12171
3 1793 7296 9732
3 3014 12171 7296
3 599 11604 9731
3 2731 7297 11604
3 1793 9731 7297
3 179 10962 12172
3 2410 7298 10962
3 3015 12172 7298
3 439 9728 10965
3 1794 7299 9728
3 2410 10965 7299
3 740 12173 9733
3 3015 7300 12173
3 1794 9733 7300
3 107 11606 10959
3 2732 7301 11606
3 2409 10959 7301
3 599 9730 11607
3 1795 7302 9730
3 2732 11607 7302
3 439 10960 9729
3 2409 7303 10960
3 1795 9729 7303
3 1 12154 12218
3 3006 7304 12154
3 3038 12218 7304
3 736 9738 12155
3 1796 7305 9738
3 3006 12155 7305
3 752 12219 9737
3 3038 7306 12219
3 1796 9737 7306
3 177 10978 12156
3 2418 7307 10978
3 3007 12156 7307
3 440 9734 10981
3 1797 7308 9734
3 2418 10981 7308
3 736 12157 9739
3 3007 7309 12157
3 1797 9739 7309
3 185 12220 10975
3 3039 7310 12220
3 2417 10975 7310
3 752 9736 12221
3 1798 7311 9736
3 3039 12221 7311
3 440 10976 9735
3 2417 7312 10976
3 1798 9735 7312
3 41 11594 12158
3 2726 7313 11594
3 3008 12158 7313
3 596 9744 11597
3 1799 7314 9744
3 2726 11597 7314
3 737 12159 9743
3 3008 7315 12159
3 1799 9743 7315
3 108 10970 11600
3 2414 7316 10970
3 2729 11600 7316
3 441 9740 10973
3 1800 7317 9740
3 2414 10973 7317
3 596 11601 9745
3 2729 7318 11601
3 1800 9745 7318
3 177 12160 10979
3 3009 7319 12160
3 2419 10979 7319
3 737 9742 12161
3 1801 7320 9742
3 3009 12161 7320
3 441 10980 9741
3 2419 7321 10980
3 1801 9741 7321
3 45 12222 11611
3 3040 7322 12222
3 2735 11611 7322
3 753 9750 12223
3 1802 7323 9750
3 3040 12223 7323
3 601 11612 9749
3 2735 7324 11612
3 1802 9749 7324
3 185 10974 12224
3 2416 7325 10974
3 3041 12224 7325
3 442 9746 10977
3 1803 7326 9746
3 2416 10977 7326
3 753 12225 9751
3 3041 7327 12225
3 1803 9751 7327
3 108 11614 10971
3 2736 7328 11614
3 2415 10971 7328
3 601 9748 11615
3 1804 7329 9748
3 2736 11615 7329
3 442 10972 9747
3 2415 7330 10972
3 1804 9747 7330
3 6 12178 12146
3 3018 7331 12178
3 3002 12146 7331
3 742 9756 12179
3 1805 7332 9756
3 3018 12179 7332
3 734 12147 9755
3 3002 7333 12147
3 1805 9755 7333
3 180 10990 12180
3 2424 7334 10990
3 3019 12180 7334
3 443 9752 10993
3 1806 7335 9752
3 2424 10993 7335
3 742 12181 9757
3 3019 7336 12181
3 1806 9757 7336
3 176 12148 10987
3 3003 7337 12148
3 2423 10987 7337
3 734 9754 12149
3 1807 7338 9754
3 3003 12149 7338
3 443 10988 9753
3 2423 7339 10988
3 1807 9753 7339
3 43 11602 12182
3 2730 7340 11602
3 3020 12182 7340
3 598 9762 11605
3 1808 7341 9762
3 2730 11605 7341
3 743 12183 9761
3 3020 7342 12183
3 1808 9761 7342
3 109 10982 11608
3 2420 7343 10982
3 2733 11608 7343
3 444 9758 10985
3 1809 7344 9758
3 2420 10985 7344
3 598 11609 9763
3 2733 7345 11609
3 1809 9763 7345
3 180 12184 10991
3 3021 7346 12184
3 2425 10991 7346
3 743 9760 12185
3 1810 7347 9760
3 3021 12185 7347
3 444 10992 9759
3 2425 7348 10992
3 1810 9759 7348
3 41 12150 11595
3 3004 7349 12150
3 2727 11595 7349
3 735 9768 12151
3 1811 7350 9768
3 3004 12151 7350
3 597 11596 9767
3 2727 7351 11596
3 1811 9767 7351
3 176 10986 12152
3 2422 7352 10986
3 3005 12152 7352
3 445 9764 10989
3 1812 7353 9764
3 2422 10989 7353
3 735 12153 9769
3 3005 7354 12153
3 1812 9769 7354
3 109 11598 10983
3 2728 7355 11598
3 2421 10983 7355
3 597 9766 11599
3 1813 7356 9766
3 2728 11599 7356
3 445 10984 9765
3 2421 7357 10984
3 1813 9765 7357
3 13 12227 12226
3 3043 7358 12227
3 3042 12226 7358
3 755 9774 12228
3 1814 7359 9774
3 3043 12228 7359
3 754 12229 9773
3 3042 7360 12229
3 1814 9773 7360
3 187 11002 12230
3 2430 7361 11002
3 3044 12230 7361
3 446 9770 11005
3 1815 7362 9770
3 2430 11005 7362
3 755 12231 9775
3 3044 7363 12231
3 1815 9775 7363
3 186 12232 10999
3 3045 7364 12232
3 2429 10999 7364
3 754 9772 12233
3 1816 7365 9772
3 3045 12233 7365
3 446 11000 9771
3 2429 7366 11000
3 1816 9771 7366
3 47 11634 12234
3 2746 7367 11634
3 3046 12234 7367
3 606 9780 11637
3 1817 7368 9780
3 2746 11637 7368
3 756 12235 9779
3 3046 7369 12235
3 1817 9779 7369
3 110 10994 11640
3 2426 7370 10994
3 2749 11640 7370
3 447 9776 10997
3 1818 7371 9776
3 2426 10997 7371
3 606 11641 9781
3 2749 7372 11641
3 1818 9781 7372
3 187 12236 11003
3 3047 7373 12236
3 2431 11003 7373
3 756 9778 12237
3 1819 7374 9778
3 3047 12237 7374
3 447 11004 9777
3 2431 7375 11004
3 1819 9777 7375
3 46 12238 11627
3 3048 7376 12238
3 2743 11627 7376
3 757 9786 12239
3 1820 7377 9786
3 3048 12239 7377
3 605 11628 9785
3 2743 7378 11628
3 1820 9785 7378
3 186 10998 12240
3 2428 7379 10998
3 3049 12240 7379
3 448 9782 11001
3 1821 7380 9782
3 2428 11001 7380
3 757 12241 9787
3 3049 7381 12241
3 1821 9787 7381
3 110 11630 10995
3 2744 7382 11630
3 2427 10995 7382
3 605 9784 11631
3 1822 7383 9784
3 2744 11631 7383
3 448 10996 9783
3 2427 7384 10996
3 1822 9783 7384
3 0 11834 12242
3 2846 7385 11834
3 3050 12242 7385
3 656 9792 11835
3 1823 7386 9792
3 2846 11835 7386
3 758 12243 9791
3 3050 7387 12243
3 1823 9791 7387
3 137 11014 11836
3 2436 7388 11014
3 2847 11836 7388
3 449 9788 11017
3 1824 7389 9788
3 2436 11017 7389
3 656 11837 9793
3 2847 7390 11837
3 1824 9793 7390
3 188 12244 11011
3 3051 7391 12244
3 2435 11011 7391
3 758 9790 12245
3 1825 7392 9790
3 3051 12245 7392
3 449 11012 9789
3 2435 7393 11012
3 1825 9789 7393
3 21 11618 11838
3 2738 7394 11618
3 2848 11838 7394
3 602 9798 11621
3 1826 7395 9798
3 2738 11621 7395
3 657 11839 9797
3 2848 7396 11839
3 1826 9797 7396
3 111 11006 11624
3 2432 7397 11006
3 2741 11624 7397
3 450 9794 11009
3 1827 7398 9794
3 2432 11009 7398
3 602 11625 9799
3 2741 7399 11625
3 1827 9799 7399
3 137 11840 11015
3 2849 7400 11840
3 2437 11015 7400
3 657 9796 11841
3 1828 7401 9796
3 2849 11841 7401
3 450 11016 9795
3 2437 7402 11016
3 1828 9795 7402
3 47 12246 11635
3 3052 7403 12246
3 2747 11635 7403
3 759 9804 12247
3 1829 7404 9804
3 3052 12247 7404
3 607 11636 9803
3 2747 7405 11636
3 1829 9803 7405
3 188 11010 12248
3 2434 7406 11010
3 3053 12248 7406
3 451 9800 11013
3 1830 7407 9800
3 2434 11013 7407
3 759 12249 9805
3 3053 7408 12249
3 1830 9805 7408
3 111 11638 11007
3 2748 7409 11638
3 2433 11007 7409
3 607 9802 11639
3 1831 7410 9802
3 2748 11639 7410
3 451 11008 9801
3 2433 7411 11008
3 1831 9801 7411
3 3 12250 11826
3 3054 7412 12250
3 2842 11826 7412
3 760 9810 12251
3 1832 7413 9810
3 3054 12251 7413
3 654 11827 9809
3 2842 7414 11827
3 1832 9809 7414
3 189 11026 12252
3 2442 7415 11026
3 3055 12252 7415
3 452 9806 11029
3 1833 7416 9806
3 2442 11029 7416
3 760 12253 9811
3 3055 7417 12253
3 1833 9811 7417
3 136 11828 11023
3 2843 7418 11828
3 2441 11023 7418
3 654 9808 11829
3 1834 7419 9808
3 2843 11829 7419
3 452 11024 9807
3 2441 7420 11024
3 1834 9807 7420
3 46 11626 12254
3 2742 7421 11626
3 3056 12254 7421
3 604 9816 11629
3 1835 7422 9816
3 2742 11629 7422
3 761 12255 9815
3 3056 7423 12255
3 1835 9815 7423
3 112 11018 11632
3 2438 7424 11018
3 2745 11632 7424
3 453 9812 11021
3 1836 7425 9812
3 2438 11021 7425
3 604 11633 9817
3 2745 7426 11633
3 1836 9817 7426
3 189 12256 11027
3 3057 7427 12256
3 2443 11027 7427
3 761 9814 12257
3 1837 7428 9814
3 3057 12257 7428
3 453 11028 9813
3 2443 7429 11028
3 1837 9813 7429
3 21 11830 11619
3 2844 7430 11830
3 2739 11619 7430
3 655 9822 11831
3 1838 7431 9822
3 2844 11831 7431
3 603 11620 9821
3 2739 7432 11620
3 1838 9821 7432
3 136 11022 11832
3 2440 7433 11022
3 2845 11832 7433
3 454 9818 11025
3 1839 7434 9818
3 2440 11025 7434
3 655 11833 9823
3 2845 7435 11833
3 1839 9823 7435
3 112 11622 11019
3 2740 7436 11622
3 2439 11019 7436
3 603 9820 11623
3 1840 7437 9820
3 2740 11623 7437
3 454 11020 9819
3 2439 7438 11020
3 1840 9819 7438
3 13 12226 12258
3 3042 7439 12226
3 3058 12258 7439
3 754 9828 12229
3 1841 7440 9828
3 3042 12229 7440
3 762 12259 9827
3 3058 7441 12259
3 1841 9827 7441
3 186 11038 12232
3 2448 7442 11038
3 3045 12232 7442
3 455 9824 11041
3 1842 7443 9824
3 2448 11041 7443
3 754 12233 9829
3 3045 7444 12233
3 1842 9829 7444
3 190 12260 11035
3 3059 7445 12260
3 2447 11035 7445
3 762 9826 12261
3 1843 7446 9826
3 3059 12261 7446
3 455 11036 9825
3 2447 7447 11036
3 1843 9825 7447
3 46 11658 12238
3 2758 7448 11658
3 3048 12238 7448
3 612 9834 11661
3 1844 7449 9834
3 2758 11661 7449
3 757 12239 9833
3 3048 7450 12239
3 1844 9833 7450
3 113 11030 11664
3 2444 7451 11030
3 2761 11664 7451
3 456 9830 11033
3 1845 7452 9830
3 2444 11033 7452
3 612 11665 9835
3 2761 7453 11665
3 1845 9835 7453
3 186 12240 11039
3 3049 7454 12240
3 2449 11039 7454
3 757 9832 12241
3 1846 7455 9832
3 3049 12241 7455
3 456 11040 9831
3 2449 7456 11040
3 1846 9831 7456
3 48 12262 11651
3 3060 7457 12262
3 2755 11651 7457
3 763 9840 12263
3 1847 7458 9840
3 3060 12263 7458
3 611 11652 9839
3 2755 7459 11652
3 1847 9839 7459
3 190 11034 12264
3 2446 7460 11034
3 3061 12264 7460
3 457 9836 11037
3 1848 7461 9836
3 2446 11037 7461
3 763 12265 9841
3 3061 7462 12265
3 1848 9841 7462
3 113 11654 11031
3 2756 7463 11654
3 2445 11031 7463
3 611 9838 11655
3 1849 7464 9838
3 2756 11655 7464
3 457 11032 9837
3 2445 7465 11032
3 1849 9837 7465
3 3 11906 12250
3 2882 7466 11906
3 3054 12250 7466
3 674 9846 11909
3 1850 7467 9846
3 2882 11909 7467
3 760 12251 9845
3 3054 7468 12251
3 1850 9845 7468
3 146 11050 11912
3 2454 7469 11050
3 2885 11912 7469
3 458 9842 11053
3 1851 7470 9842
3 2454 11053 7470
3 674 11913 9847
3 2885 7471 11913
3 1851 9847 7471
3 189 12252 11047
3 3055 7472 12252
3 2453 11047 7472
3 760 9844 12253
3 1852 7473 9844
3 3055 12253 7473
3 458 11048 9843
3 2453 7474 11048
3 1852 9843 7474
3 25 11642 11918
3 2750 7475 11642
3 2888 11918 7475
3 608 9852 11645
3 1853 7476 9852
3 2750 11645 7476
3 677 11919 9851
3 2888 7477 11919
3 1853 9851 7477
3 114 11042 11648
3 2450 7478 11042
3 2753 11648 7478
3 459 9848 11045
3 1854 7479 9848
3 2450 11045 7479
3 608 11649 9853
3 2753 7480 11649
3 1854 9853 7480
3 146 11920 11051
3 2889 7481 11920
3 2455 11051 7481
3 677 9850 11921
3 1855 7482 9850
3 2889 11921 7482
3 459 11052 9849
3 2455 7483 11052
3 1855 9849 7483
3 46 12254 11659
3 3056 7484 12254
3 2759 11659 7484
3 761 9858 12255
3 1856 7485 9858
3 3056 12255 7485
3 613 11660 9857
3 2759 7486 11660
3 1856 9857 7486
3 189 11046 12256
3 2452 7487 11046
3 3057 12256 7487
3 460 9854 11049
3 1857 7488 9854
3 2452 11049 7488
3 761 12257 9859
3 3057 7489 12257
3 1857 9859 7489
3 114 11662 11043
3 2760 7490 11662
3 2451 11043 7490
3 613 9856 11663
3 1858 7491 9856
3 2760 11663 7491
3 460 11044 9855
3 2451 7492 11044
3 1858 9855 7492
3 4 12266 11898
3 3062 7493 12266
3 2878 11898 7493
3 764 9864 12267
3 1859 7494 9864
3 3062 12267 7494
3 672 11899 9863
3 2878 7495 11899
3 1859 9863 7495
3 191 11062 12268
3 2460 7496 11062
3 3063 12268 7496
3 461 9860 11065
3 1860 7497 9860
3 2460 11065 7497
3 764 12269 9865
3 3063 7498 12269
3 1860 9865 7498
3 145 11900 11059
3 2879 7499 11900
3 2459 11059 7499
3 672 9862 11901
3 1861 7500 9862
3 2879 11901 7500
3 461 11060 9861
3 2459 7501 11060
3 1861 9861 7501
3 48 11650 12270
3 2754 7502 11650
3 3064 12270 7502
3 610 9870 11653
3 1862 7503 9870
3 2754 11653 7503
3 765 12271 9869
3 3064 7504 12271
3 1862 9869 7504
3 115 11054 11656
3 2456 7505 11054
3 2757 11656 7505
3 462 9866 11057
3 1863 7506 9866
3 2456 11057 7506
3 610 11657 9871
3 2757 7507 11657
3 1863 9871 7507
3 191 12272 11063
3 3065 7508 12272
3 2461 11063 7508
3 765 9868 12273
3 1864 7509 9868
3 3065 12273 7509
3 462 11064 9867
3 2461 7510 11064
3 1864 9867 7510
3 25 11902 11643
3 2880 7511 11902
3 2751 11643 7511
3 673 9876 11903
3 1865 7512 9876
3 2880 11903 7512
3 609 11644 9875
3 2751 7513 11644
3 1865 9875 7513
3 145 11058 11904
3 2458 7514 11058
3 2881 11904 7514
3 463 9872 11061
3 1866 7515 9872
3 2458 11061 7515
3 673 11905 9877
3 2881 7516 11905
3 1866 9877 7516
3 115 11646 11055
3 2752 7517 11646
3 2457 11055 7517
3 609 9874 11647
3 1867 7518 9874
3 2752 11647 7518
3 463 11056 9873
3 2457 7519 11056
3 1867 9873 7519
3 13 12258 12274
3 3058 7520 12258
3 3066 12274 7520
3 762 9882 12259
3 1868 7521 9882
3 3058 12259 7521
3 766 12275 9881
3 3066 7522 12275
3 1868 9881 7522
3 190 11074 12260
3 2466 7523 11074
3 3059 12260 7523
3 464 9878 11077
3 1869 7524 9878
3 2466 11077 7524
3 762 12261 9883
3 3059 7525 12261
3 1869 9883 7525
3 192 12276 11071
3 3067 7526 12276
3 2465 11071 7526
3 766 9880 12277
3 1870 7527 9880
3 3067 12277 7527
3 464 11072 9879
3 2465 7528 11072
3 1870 9879 7528
3 48 11682 12262
3 2770 7529 11682
3 3060 12262 7529
3 618 9888 11685
3 1871 7530 9888
3 2770 11685 7530
3 763 12263 9887
3 3060 7531 12263
3 1871 9887 7531
3 116 11066 11688
3 2462 7532 11066
3 2773 11688 7532
3 465 9884 11069
3 1872 7533 9884
3 2462 11069 7533
3 618 11689 9889
3 2773 7534 11689
3 1872 9889 7534
3 190 12264 11075
3 3061 7535 12264
3 2467 11075 7535
3 763 9886 12265
3 1873 7536 9886
3 3061 12265 7536
3 465 11076 9885
3 2467 7537 11076
3 1873 9885 7537
3 49 12278 11675
3 3068 7538 12278
3 2767 11675 7538
3 767 9894 12279
3 1874 7539 9894
3 3068 12279 7539
3 617 11676 9893
3 2767 7540 11676
3 1874 9893 7540
3 192 11070 12280
3 2464 7541 11070
3 3069 12280 7541
3 466 9890 11073
3 1875 7542 9890
3 2464 11073 7542
3 767 12281 9895
3 3069 7543 12281
3 1875 9895 7543
3 116 11678 11067
3 2768 7544 11678
3 2463 11067 7544
3 617 9892 11679
3 1876 7545 9892
3 2768 11679 7545
3 466 11068 9891
3 2463 7546 11068
3 1876 9891 7546
3 4 12058 12266
3 2958 7547 12058
3 3062 12266 7547
3 712 9900 12059
3 1877 7548 9900
3 2958 12059 7548
3 764 12267 9899
3 3062 7549 12267
3 1877 9899 7549
3 165 11086 12060
3 2472 7550 11086
3 2959 12060 7550
3 467 9896 11089
3 1878 7551 9896
3 2472 11089 7551
3 712 12061 9901
3 2959 7552 12061
3 1878 9901 7552
3 191 12268 11083
3 3063 7553 12268
3 2471 11083 7553
3 764 9898 12269
3 1879 7554 9898
3 3063 12269 7554
3 467 11084 9897
3 2471 7555 11084
3 1879 9897 7555
3 35 11666 12062
3 2762 7556 11666
3 2960 12062 7556
3 614 9906 11669
3 1880 7557 9906
3 2762 11669 7557
3 713 12063 9905
3 2960 7558 12063
3 1880 9905 7558
3 117 11078 11672
3 2468 7559 11078
3 2765 11672 7559
3 468 9902 11081
3 1881 7560 9902
3 2468 11081 7560
3 614 11673 9907
3 2765 7561 11673
3 1881 9907 7561
3 165 12064 11087
3 2961 7562 12064
3 2473 11087 7562
3 713 9904 12065
3 1882 7563 9904
3 2961 12065 7563
3 468 11088 9903
3 2473 7564 11088
3 1882 9903 7564
3 48 12270 11683
3 3064 7565 12270
3 2771 11683 7565
3 765 9912 12271
3 1883 7566 9912
3 3064 12271 7566
3 619 11684 9911
3 2771 7567 11684
3 1883 9911 7567
3 191 11082 12272
3 2470 7568 11082
3 3065 12272 7568
3 469 9908 11085
3 1884 7569 9908
3 2470 11085 7569
3 765 12273 9913
3 3065 7570 12273
3 1884 9913 7570
3 117 11686 11079
3 2772 7571 11686
3 2469 11079 7571
3 619 9910 11687
3 1885 7572 9910
3 2772 11687 7572
3 469 11080 9909
3 2469 7573 11080
3 1885 9909 7573
3 7 12282 12050
3 3070 7574 12282
3 2954 12050 7574
3 768 9918 12283
3 1886 7575 9918
3 3070 12283 7575
3 710 12051 9917
3 2954 7576 12051
3 1886 9917 7576
3 193 11098 12284
3 2478 7577 11098
3 3071 12284 7577
3 470 9914 11101
3 1887 7578 9914
3 2478 11101 7578
3 768 12285 9919
3 3071 7579 12285
3 1887 9919 7579
3 164 12052 11095
3 2955 7580 12052
3 2477 11095 7580
3 710 9916 12053
3 1888 7581 9916
3 2955 12053 7581
3 470 11096 9915
3 2477 7582 11096
3 1888 9915 7582
3 49 11674 12286
3 2766 7583 11674
3 3072 12286 7583
3 616 9924 11677
3 1889 7584 9924
3 2766 11677 7584
3 769 12287 9923
3 3072 7585 12287
3 1889 9923 7585
3 118 11090 11680
3 2474 7586 11090
3 2769 11680 7586
3 471 9920 11093
3 1890 7587 9920
3 2474 11093 7587
3 616 11681 9925
3 2769 7588 11681
3 1890 9925 7588
3 193 12288 11099
3 3073 7589 12288
3 2479 11099 7589
3 769 9922 12289
3 1891 7590 9922
3 3073 12289 7590
3 471 11100 9921
3 2479 7591 11100
3 1891 9921 7591
3 35 12054 11667
3 2956 7592 12054
3 2763 11667 7592
3 711 9930 12055
3 1892 7593 9930
3 2956 12055 7593
3 615 11668 9929
3 2763 7594 11668
3 1892 9929 7594
3 164 11094 12056
3 2476 7595 11094
3 2957 12056 7595
3 472 9926 11097
3 1893 7596 9926
3 2476 11097 7596
3 711 12057 9931
3 2957 7597 12057
3 1893 9931 7597
3 118 11670 11091
3 2764 7598 11670
3 2475 11091 7598
3 615 9928 11671
3 1894 7599 9928
3 2764 11671 7599
3 472 11092 9927
3 2475 7600 11092
3 1894 9927 7600
3 13 12274 12227
3 3066 7601 12274
3 3043 12227 7601
3 766 9936 12275
3 1895 7602 9936
3 3066 12275 7602
3 755 12228 9935
3 3043 7603 12228
3 1895 9935 7603
3 192 11110 12276
3 2484 7604 11110
3 3067 12276 7604
3 473 9932 11113
3 1896 7605 9932
3 2484 11113 7605
3 766 12277 9937
3 3067 7606 12277
3 1896 9937 7606
3 187 12230 11107
3 3044 7607 12230
3 2483 11107 7607
3 755 9934 12231
3 1897 7608 9934
3 3044 12231 7608
3 473 11108 9933
3 2483 7609 11108
3 1897 9933 7609
3 49 11706 12278
3 2782 7610 11706
3 3068 12278 7610
3 624 9942 11709
3 1898 7611 9942
3 2782 11709 7611
3 767 12279 9941
3 3068 7612 12279
3 1898 9941 7612
3 119 11102 11712
3 2480 7613 11102
3 2785 11712 7613
3 474 9938 11105
3 1899 7614 9938
3 2480 11105 7614
3 624 11713 9943
3 2785 7615 11713
3 1899 9943 7615
3 192 12280 11111
3 3069 7616 12280
3 2485 11111 7616
3 767 9940 12281
3 1900 7617 9940
3 3069 12281 7617
3 474 11112 9939
3 2485 7618 11112
3 1900 9939 7618
3 47 12234 11699
3 3046 7619 12234
3 2779 11699 7619
3 756 9948 12235
3 1901 7620 9948
3 3046 12235 7620
3 623 11700 9947
3 2779 7621 11700
3 1901 9947 7621
3 187 11106 12236
3 2482 7622 11106
3 3047 12236 7622
3 475 9944 11109
3 1902 7623 9944
3 2482 11109 7623
3 756 12237 9949
3 3047 7624 12237
3 1902 9949 7624
3 119 11702 11103
3 2780 7625 11702
3 2481 11103 7625
3 623 9946 11703
3 1903 7626 9946
3 2780 11703 7626
3 475 11104 9945
3 2481 7627 11104
3 1903 9945 7627
3 7 12114 12282
3 2986 7628 12114
3 3070 12282 7628
3 726 9954 12117
3 1904 7629 9954
3 2986 12117 7629
3 768 12283 9953
3 3070 7630 12283
3 1904 9953 7630
3 172 11122 12120
3 2490 7631 11122
3 2989 12120 7631
3 476 9950 11125
3 1905 7632 9950
3 2490 11125 7632
3 726 12121 9955
3 2989 7633 12121
3 1905 9955 7633
3 193 12284 11119
3 3071 7634 12284
3 2489 11119 7634
3 768 9952 12285
3 1906 7635 9952
3 3071 12285 7635
3 476 11120 9951
3 2489 7636 11120
3 1906 9951 7636
3 38 11690 12126
3 2774 7637 11690
3 2992 12126 7637
3 620 9960 11693
3 1907 7638 9960
3 2774 11693 7638
3 729 12127 9959
3 2992 7639 12127
3 1907 9959 7639
3 120 11114 11696
3 2486 7640 11114
3 2777 11696 7640
3 477 9956 11117
3 1908 7641 9956
3 2486 11117 7641
3 620 11697 9961
3 2777 7642 11697
3 1908 9961 7642
3 172 12128 11123
3 2993 7643 12128
3 2491 11123 7643
3 729 9958 12129
3 1909 7644 9958
3 2993 12129 7644
3 477 11124 9957
3 2491 7645 11124
3 1909 9957 7645
3 49 12286 11707
3 3072 7646 12286
3 2783 11707 7646
3 769 9966 12287
3 1910 7647 9966
3 3072 12287 7647
3 625 11708 9965
3 2783 7648 11708
3 1910 9965 7648
3 193 11118 12288
3 2488 7649 11118
3 3073 12288 7649
3 478 9962 11121
3 1911 7650 9962
3 2488 11121 7650
3 769 12289 9967
3 3073 7651 12289
3 1911 9967 7651
3 120 11710 11115
3 2784 7652 11710
3 2487 11115 7652
3 625 9964 11711
3 1912 7653 9964
3 2784 11711 7653
3 478 11116 9963
3 2487 7654 11116
3 1912 9963 7654
3 0 12242 12106
3 3050 7655 12242
3 2982 12106 7655
3 758 9972 12243
3 1913 7656 9972
3 3050 12243 7656
3 724 12107 9971
3 2982 7657 12107
3 1913 9971 7657
3 188 11134 12244
3 2496 7658 11134
3 3051 12244 7658
3 479 9968 11137
3 1914 7659 9968
3 2496 11137 7659
3 758 12245 9973
3 3051 7660 12245
3 1914 9973 7660
3 171 12108 11131
3 2983 7661 12108
3 2495 11131 7661
3 724 9970 12109
3 1915 7662 9970
3 2983 12109 7662
3 479 11132 9969
3 2495 7663 11132
3 1915 9969 7663
3 47 11698 12246
3 2778 7664 11698
3 3052 12246 7664
3 622 9978 11701
3 1916 7665 9978
3 2778 11701 7665
3 759 12247 9977
3 3052 7666 12247
3 1916 9977 7666
3 121 11126 11704
3 2492 7667 11126
3 2781 11704 7667
3 480 9974 11129
3 1917 7668 9974
3 2492 11129 7668
3 622 11705 9979
3 2781 7669 11705
3 1917 9979 7669
3 188 12248 11135
3 3053 7670 12248
3 2497 11135 7670
3 759 9976 12249
3 1918 7671 9976
3 3053 12249 7671
3 480 11136 9975
3 2497 7672 11136
3 1918 9975 7672
3 38 12110 11691
3 2984 7673 12110
3 2775 11691 7673
3 725 9984 12111
3 1919 7674 9984
3 2984 12111 7674
3 621 11692 9983
3 2775 7675 11692
3 1919 9983 7675
3 171 11130 12112
3 2494 7676 11130
3 2985 12112 7676
3 481 9980 11133
3 1920 7677 9980
3 2494 11133 7677
3 725 12113 9985
3 2985 7678 12113
3 1920 9985 7678
3 121 11694 11127
3 2776 7679 11694
3 2493 11127 7679
3 621 9982 11695
3 1921 7680 9982
3 2776 11695 7680
3 481 11128 9981
3 2493 7681 11128
3 1921 9981 7681
